id,utility_on_time_ratio,utility_missed_payment_rate,utility_amount_volatility,utility_observation_months,telecom_recharge_regularity,telecom_account_tenure_months,telecom_failed_payment_rate,wallet_inflow_regularity,wallet_outflow_volatility,wallet_balance_stability,wallet_failed_transaction_rate,bill_payment_consistency,simulated_repayment_ratio,simulated_days_late_average,cash_flow_coverage,income_stability,expense_volatility,negative_balance_days,account_age_months,data_completeness,synthetic_audit_group,simulated_repayment_success
synthetic-00001,0.8709,0.0525,0.2442,12,0.7947,66,0.0745,0.7966,0.2329,0.8077,0.0917,0.8178,0.8951,0,0.8794,0.8885,0.2589,0,66,1,Synthetic Region Group A,1
synthetic-00002,0.6942,0.0954,0.3489,12,0.6768,59,0.0467,0.6663,0.3849,0.7076,0.0801,0.613,0.6944,0,0.5896,0.5812,0.3336,0,53,1,Synthetic Region Group B,1
synthetic-00003,0.4372,0.1144,0.4365,12,0.5085,49,0.0829,0.4746,0.3197,0.4432,0.1041,0.5067,,,0.5779,0.4257,0.4035,3,48,0.9,Synthetic Region Group C,0
synthetic-00004,0.6052,0.0438,0.3666,7,0.5244,47,0.091,,,,,0.6501,0.534,3,0.6574,0.6117,0.3922,3,56,0.8,Synthetic Region Group D,1
synthetic-00005,0.7879,0.0159,0.3448,12,0.8467,65,0.0926,0.7642,0.2243,0.8087,0.0632,0.8002,0.7894,1,0.8515,0.7867,0.3346,0,70,1,Synthetic Region Group A,1
synthetic-00006,0.7125,0.1232,0.3439,12,0.6746,51,0.0434,0.6692,0.3366,0.6603,0.0846,0.7236,0.6745,0,0.6624,0.5919,0.4074,1,53,1,Synthetic Region Group B,1
synthetic-00007,0.506,0.1422,0.4404,12,0.547,47,0.1384,0.5805,0.3989,0.5272,0.0659,0.476,0.4398,7,0.4867,0.4719,0.4584,4,51,1,Synthetic Region Group C,0
synthetic-00008,,,,,0.5369,51,0.1263,0.5257,0.4073,0.5866,0.0842,0.5196,0.6506,2,0.5268,0.5833,0.3051,4,54,0.8,Synthetic Region Group D,1
synthetic-00009,0.8492,0.0577,0.2371,12,0.8781,65,0.0465,0.8552,0.2139,0.8389,0.0455,0.8916,0.8469,0,0.8339,0.8495,0.1989,0,70,1,Synthetic Region Group A,1
synthetic-00010,0.6206,0.0712,0.3674,12,0.6797,61,0.0472,0.5872,0.3886,0.7344,0.071,0.6045,0.7145,3,0.7407,0.6626,0.3511,0,54,1,Synthetic Region Group B,1
synthetic-00011,0.4594,0.1367,0.4055,12,0.5098,43,0.1446,0.5143,0.3739,0.5537,0.0385,,0.5684,6,,,,,45,0.75,Synthetic Region Group C,0
synthetic-00012,0.5798,0.0956,0.3544,7,0.6264,49,0.0782,,,,,0.5466,,,0.5373,0.5243,0.3814,2,52,0.7,Synthetic Region Group D,0
synthetic-00013,0.8863,0.0162,0.2202,12,0.7904,65,0.0543,0.849,0.336,0.7955,0.0129,0.8779,0.7849,0,0.8223,0.7395,0.1963,0,66,1,Synthetic Region Group A,1
synthetic-00014,0.7343,0.0511,0.3312,12,0.6458,52,0.0915,0.5926,0.3326,0.6599,0.0989,0.5868,0.6586,3,0.6589,0.6329,0.3112,2,57,1,Synthetic Region Group B,1
synthetic-00015,0.5236,0.1266,0.4266,12,0.5522,46,0.0714,0.5019,0.4169,0.573,0.0405,0.495,0.4838,6,0.5782,0.436,0.3335,6,49,1,Synthetic Region Group C,0
synthetic-00016,,,,,0.6296,47,0.0462,,0.3525,0.6528,,0.588,,,0.6458,0.5028,0.3497,2,49,0.6,Synthetic Region Group D,0
synthetic-00017,0.8852,0.031,0.2212,12,0.864,58,0.0266,0.8056,0.2458,0.8915,0.101,0.7544,0.7518,0,0.8344,0.8009,0.3016,0,64,1,Synthetic Region Group A,1
synthetic-00018,0.674,0.1312,0.3492,12,0.6819,60,0.0992,0.6135,0.3254,0.6585,0.0674,0.6501,0.5815,1,0.6655,0.6969,0.2884,1,55,1,Synthetic Region Group B,1
synthetic-00019,0.5515,0.1435,0.3839,12,0.5413,43,0.1174,,0.4642,0.5809,,0.4887,0.5536,3,0.5747,0.4552,0.3726,4,44,0.9,Synthetic Region Group C,1
synthetic-00020,0.5698,0.0538,0.3485,7,0.5449,48,0.1184,0.6097,0.2956,0.6305,0.053,0.6228,,,0.6019,0.6126,0.3878,3,57,0.9,Synthetic Region Group D,0
synthetic-00021,0.7587,0.0395,0.2963,12,0.7698,69,0.0402,0.7885,0.2867,0.8572,0.034,0.8372,0.8351,0,0.7896,0.8381,0.2462,0,65,1,Synthetic Region Group A,1
synthetic-00022,0.6412,0.0417,0.3103,12,0.5888,59,0.0809,0.6751,0.2899,0.6963,0.1011,0.7025,0.6496,2,0.6733,0.6733,0.4095,3,53,1,Synthetic Region Group B,1
synthetic-00023,0.4609,0.1471,0.2992,12,0.4281,51,0.1087,0.4631,0.4212,0.5184,0.1126,0.4757,0.4746,6,0.4537,0.4486,0.3373,3,46,1,Synthetic Region Group C,0
synthetic-00024,0.6159,0.0606,0.3532,7,0.5183,50,0.0548,,,,,,0.5937,1,,,,,51,0.55,Synthetic Region Group D,1
synthetic-00025,0.7925,0.0663,0.2033,12,0.761,68,0.0885,0.8615,0.2067,0.8815,0.0181,0.7778,0.7965,0,0.7674,0.8613,0.2996,0,63,1,Synthetic Region Group A,1
synthetic-00026,0.7112,0.084,0.2858,12,0.6703,54,0.0748,0.7072,0.3822,0.6082,0.0464,0.7072,0.6547,0,0.683,0.7016,0.271,0,61,1,Synthetic Region Group B,1
synthetic-00027,0.4466,0.1244,0.4468,12,0.5795,48,0.0897,0.4319,0.3588,0.5408,0.0696,0.5228,0.4913,4,0.4766,0.5431,0.409,4,51,1,Synthetic Region Group C,0
synthetic-00028,0.5231,0.0576,0.2897,7,0.6143,53,0.092,,0.3681,0.6435,,0.6055,,,0.5515,0.6137,0.3964,3,49,0.8,Synthetic Region Group D,0
synthetic-00029,0.8069,0.0955,0.3251,12,0.8663,60,0.0849,0.8124,0.3388,0.8024,0.0087,0.8251,0.7465,0,0.7601,0.7999,0.328,0,63,1,Synthetic Region Group A,1
synthetic-00030,0.6734,0.0896,0.3501,12,0.6716,52,0.0548,0.7267,0.3279,0.6184,0.0423,0.6456,0.6307,0,0.6816,0.6414,0.3654,2,61,1,Synthetic Region Group B,1
synthetic-00031,0.4234,0.0863,0.3534,12,0.4728,53,0.0776,0.5313,0.4341,0.5536,0.0384,0.5709,,,0.4251,0.5343,0.3735,2,44,0.9,Synthetic Region Group C,0
synthetic-00032,0.553,0.0755,0.3943,7,0.5054,48,0.1025,,0.3017,0.5207,,0.6003,,,0.595,0.5079,0.3826,1,53,0.8,Synthetic Region Group D,0
synthetic-00033,0.8949,0.0564,0.2649,12,0.8897,58,0.0938,0.8708,0.3044,0.7413,0.0666,0.8108,0.7825,0,0.7865,0.7693,0.3104,0,70,1,Synthetic Region Group A,1
synthetic-00034,0.6774,0.1338,0.3652,12,0.7299,52,0.0697,0.6982,0.2633,0.5978,0.0675,0.6561,0.656,1,0.7079,0.7153,0.2767,2,55,1,Synthetic Region Group B,1
synthetic-00035,0.5506,0.1368,0.3909,12,0.4498,52,0.1247,0.4304,0.4602,0.4475,0.0409,0.5694,0.5213,7,0.51,0.4227,0.342,5,46,1,Synthetic Region Group C,0
synthetic-00036,0.6227,0.1187,0.3434,7,0.5821,53,0.0855,,,,,0.505,0.6259,6,0.5318,0.5632,0.3856,4,55,0.8,Synthetic Region Group D,1
synthetic-00037,0.79,0.0451,0.2707,12,0.873,63,0.0736,0.7998,0.3258,0.8227,0.0428,0.8434,0.8074,0,0.8021,0.8855,0.2081,0,62,1,Synthetic Region Group A,1
synthetic-00038,0.6019,0.103,0.3479,12,0.6608,57,0.1153,0.6615,0.2953,0.7285,0.0792,,0.6073,0,,,,,56,0.75,Synthetic Region Group B,1
synthetic-00039,0.5014,0.0624,0.4169,12,0.4399,46,0.0513,0.4755,0.3356,0.5501,0.0445,0.4548,0.566,5,0.462,0.4792,0.4187,3,43,1,Synthetic Region Group C,1
synthetic-00040,0.5731,0.1148,0.2943,7,0.535,53,0.108,0.6148,0.3584,0.5787,0.123,,,,,,,,52,0.65,Synthetic Region Group D,0
synthetic-00041,0.8953,0.0139,0.2051,12,0.7641,65,0.0856,0.7793,0.2884,0.8014,0.0132,0.7984,0.8192,0,0.8948,0.8643,0.1977,0,62,1,Synthetic Region Group A,1
synthetic-00042,0.6597,0.0779,0.2615,12,0.702,59,0.0317,0.5831,0.3264,0.6669,0.0385,0.7208,0.6625,2,0.7005,0.6202,0.2816,2,61,1,Synthetic Region Group B,1
synthetic-00043,0.5225,0.1445,0.3485,12,0.4192,49,0.135,0.4938,0.4593,0.4726,0.0621,0.5114,0.5617,5,0.4468,0.5638,0.4422,4,48,1,Synthetic Region Group C,0
synthetic-00044,0.5735,0.1317,0.393,7,0.5559,46,0.067,0.5972,,,0.0362,0.5639,0.6391,5,0.5536,0.5522,0.324,3,53,0.9,Synthetic Region Group D,1
synthetic-00045,0.7687,0.0332,0.3421,12,0.8765,69,0.0641,0.8087,0.2945,0.8631,0.0369,0.8511,0.8556,0,0.8393,0.8597,0.2533,0,67,1,Synthetic Region Group A,1
synthetic-00046,0.726,0.0683,0.3068,12,0.6466,59,0.117,0.6858,0.3174,0.7176,0.0764,0.682,0.6025,0,0.6093,0.5922,0.2921,1,52,1,Synthetic Region Group B,1
synthetic-00047,0.5603,0.0662,0.3406,12,0.5226,50,0.0735,0.488,,,0.1336,0.4787,0.5736,5,0.4467,0.4373,0.3312,6,49,0.9,Synthetic Region Group C,0
synthetic-00048,0.5945,0.1084,0.2977,7,0.6439,58,0.0727,,0.325,0.5536,,0.5449,,,0.5317,0.6212,0.3256,4,53,0.8,Synthetic Region Group D,0
synthetic-00049,0.7828,0.1078,0.2195,12,0.7859,63,0.0464,0.7464,0.2785,0.8094,0.0871,0.8569,0.791,0,0.7966,0.7918,0.2982,0,71,1,Synthetic Region Group A,1
synthetic-00050,0.654,0.0574,0.3818,12,,,,0.6226,0.3417,0.5914,0.0752,0.6181,0.6541,2,0.6143,0.6779,0.253,1,57,0.85,Synthetic Region Group B,1
synthetic-00051,0.5314,0.1297,0.4075,12,0.5152,45,0.1254,0.5553,,,0.0341,0.4419,0.4202,7,0.5358,0.539,0.414,2,45,0.9,Synthetic Region Group C,0
synthetic-00052,0.6582,0.134,0.3592,7,0.6152,56,0.047,,,,,0.4999,0.5589,2,0.5281,0.5615,0.4327,2,48,0.8,Synthetic Region Group D,1
synthetic-00053,0.8744,0.042,0.3382,12,0.8962,60,0.0173,0.8912,0.3302,0.7721,0.0557,0.8386,0.8043,0,0.8565,0.7889,0.2617,0,62,1,Synthetic Region Group A,1
synthetic-00054,0.712,0.0443,0.356,12,0.6131,51,0.0627,0.6256,0.2736,0.6986,0.099,0.5982,0.6635,1,0.6211,0.6788,0.2691,0,58,1,Synthetic Region Group B,1
synthetic-00055,0.4358,0.1079,0.324,12,0.5724,42,0.1013,0.4847,0.3128,0.514,0.0321,0.5675,0.5765,4,0.4336,0.5797,0.4045,2,51,1,Synthetic Region Group C,0
synthetic-00056,0.5232,0.1015,0.4063,7,0.6326,56,0.0907,,,,,0.5954,,,0.5468,0.6415,0.3148,2,52,0.7,Synthetic Region Group D,0
synthetic-00057,0.8583,0.0467,0.3114,12,0.899,63,0.0628,0.7958,0.2611,0.8084,0.0716,0.7887,0.8695,1,0.8609,0.8407,0.2754,0,69,1,Synthetic Region Group A,1
synthetic-00058,0.6814,0.0646,0.3735,12,0.6052,51,0.1194,,0.296,0.7406,,,0.582,0,,,,,57,0.65,Synthetic Region Group B,1
synthetic-00059,0.4769,0.1036,0.402,12,,,,0.5071,0.3138,0.4794,0.1109,0.507,0.4971,3,0.4941,0.4853,0.3246,2,51,0.85,Synthetic Region Group C,0
synthetic-00060,0.5468,0.1392,0.3684,7,0.612,57,0.0731,,0.3315,0.6583,,,,,,,,,49,0.55,Synthetic Region Group D,0
synthetic-00061,0.8146,0.0601,0.188,12,0.8168,58,0.034,0.8096,0.2394,0.7543,0,0.8952,0.7683,0,0.8352,0.8937,0.3474,0,65,1,Synthetic Region Group A,1
synthetic-00062,0.6252,0.1338,0.321,12,0.6076,58,0.1151,0.5838,0.4098,0.6765,0.0634,0.7307,0.5987,0,0.7393,0.6972,0.3751,3,55,1,Synthetic Region Group B,1
synthetic-00063,0.4465,0.1563,0.3107,12,0.5704,45,0.0655,0.5135,0.4571,0.5472,0.0732,0.5366,0.5345,2,0.4756,0.443,0.3512,1,51,1,Synthetic Region Group C,1
synthetic-00064,0.5521,0.1008,0.3116,7,0.6471,52,0.043,0.5287,,,0.0707,0.6544,,,0.555,0.6179,0.4132,1,51,0.8,Synthetic Region Group D,0
synthetic-00065,0.8555,0.0535,0.206,12,0.889,59,0.0584,0.7409,,,0.0377,0.8354,0.7683,0,0.76,0.8613,0.3224,0,70,0.9,Synthetic Region Group A,1
synthetic-00066,0.6784,0.0435,0.3381,12,0.6672,57,0.0782,0.6702,0.326,0.6521,0.1088,0.6585,0.6309,0,0.6157,0.7104,0.2663,2,53,1,Synthetic Region Group B,1
synthetic-00067,0.5677,0.0905,0.3616,12,0.538,53,0.0905,0.449,0.4158,0.5237,0.0442,0.5734,,,0.4645,0.5525,0.3326,4,43,0.9,Synthetic Region Group C,0
synthetic-00068,0.6063,0.0703,0.2908,7,0.6151,58,0.132,,,,,0.6055,0.5704,4,0.6567,0.5355,0.3823,4,51,0.8,Synthetic Region Group D,1
synthetic-00069,0.9002,0.0133,0.1961,12,0.7642,60,0.0388,0.7672,0.2472,0.8953,0.0536,0.7877,0.8434,0,0.8154,0.8969,0.2752,0,67,1,Synthetic Region Group A,1
synthetic-00070,0.6967,0.1207,0.3597,12,0.5872,58,0.0579,0.641,0.3915,0.6957,0.0138,0.6962,0.5978,0,0.5998,0.645,0.3268,0,53,1,Synthetic Region Group B,1
synthetic-00071,0.5301,0.1558,0.3264,12,0.5131,43,0.0684,0.4527,0.4161,0.4938,0.1174,0.5636,0.5153,7,0.4793,0.5686,0.339,3,51,1,Synthetic Region Group C,0
synthetic-00072,0.4992,0.1275,0.3969,7,0.6579,54,0.0564,0.5379,,,0.0751,0.6271,0.5385,1,0.599,0.6132,0.426,4,56,0.9,Synthetic Region Group D,1
synthetic-00073,0.8048,0.1041,0.3221,12,0.781,58,0.019,0.7972,0.3038,0.744,0.0899,0.8336,0.808,0,0.7521,0.8784,0.2348,0,69,1,Synthetic Region Group A,1
synthetic-00074,0.6913,0.0438,0.3721,12,0.738,53,0.05,0.5839,0.2925,0.6206,0.113,0.64,0.6551,1,0.6673,0.6727,0.3679,0,56,1,Synthetic Region Group B,1
synthetic-00075,0.5671,0.1397,0.418,12,0.4505,45,0.0713,0.5223,0.33,0.5051,0.1068,0.5036,0.477,6,0.5802,0.5228,0.3165,3,48,1,Synthetic Region Group C,0
synthetic-00076,0.6481,0.1422,0.4263,7,0.5285,49,0.1188,0.5654,0.4244,0.6555,0.0293,0.6276,,,0.5352,0.6412,0.3532,4,57,0.9,Synthetic Region Group D,1
synthetic-00077,0.8959,0.0588,0.2241,12,0.8976,63,0.0228,0.7565,,,0.0029,0.8037,0.7862,1,0.8079,0.772,0.3194,0,67,0.9,Synthetic Region Group A,1
synthetic-00078,0.6352,0.0388,0.2418,12,0.7373,52,0.1222,0.6126,0.4099,0.6649,0.0914,0.6025,0.6278,3,0.717,0.653,0.3342,0,53,1,Synthetic Region Group B,1
synthetic-00079,0.428,0.1521,0.3045,12,0.5183,51,0.0776,0.5219,0.3427,0.5078,0.0368,0.5489,0.5332,6,0.4726,0.4227,0.3118,2,42,1,Synthetic Region Group C,0
synthetic-00080,,,,,0.5232,46,0.1231,0.5285,,,0.0871,0.6466,,,0.6377,0.636,0.4016,3,49,0.6,Synthetic Region Group D,0
synthetic-00081,0.8537,0.0679,0.2762,12,0.756,64,0.0377,0.822,0.3048,0.7586,0.0758,0.8308,0.8676,0,0.8258,0.8966,0.2256,0,70,1,Synthetic Region Group A,1
synthetic-00082,0.6269,0.1332,0.2742,12,0.728,61,0.1225,0.5931,0.2574,0.6097,0.0453,0.6003,0.7394,3,0.7202,0.5923,0.3102,3,56,1,Synthetic Region Group B,1
synthetic-00083,0.5546,0.1086,0.3124,12,0.5703,48,0.0503,0.5761,,,0.0449,0.5448,0.4635,7,0.5211,0.5607,0.4022,5,42,0.9,Synthetic Region Group C,0
synthetic-00084,0.5656,0.1122,0.3116,7,0.6058,52,0.117,0.6093,0.307,0.6211,0.0768,,,,,,,,51,0.65,Synthetic Region Group D,0
synthetic-00085,0.8783,0.0521,0.2735,12,0.7902,62,0.048,0.858,0.3526,0.7777,0.0665,0.7405,,,0.8162,0.87,0.2443,0,69,0.9,Synthetic Region Group A,1
synthetic-00086,0.6789,0.1295,0.3082,12,0.7155,59,0.0671,0.5835,,,0.0405,0.631,0.5944,2,0.6811,0.5794,0.3415,0,52,0.9,Synthetic Region Group B,1
synthetic-00087,0.4345,0.0939,0.3587,12,0.4911,48,0.1414,,0.4489,0.5487,,0.4871,0.573,6,0.4783,0.5237,0.3493,4,48,0.9,Synthetic Region Group C,0
synthetic-00088,0.603,0.0599,0.352,7,0.6322,51,0.085,0.5272,,,0.0673,0.5771,,,0.5271,0.5502,0.3108,0,55,0.8,Synthetic Region Group D,0
synthetic-00089,0.7601,0.0804,0.203,12,0.8307,60,0.0743,0.7741,0.2737,0.7819,0.0002,0.8879,0.7621,0,0.8957,0.8176,0.2871,0,63,1,Synthetic Region Group A,1
synthetic-00090,0.6103,0.1237,0.3761,12,0.6204,58,0.0447,0.7166,0.3743,0.5821,0.1052,0.6701,0.5941,2,0.6693,0.7004,0.3925,0,57,1,Synthetic Region Group B,1
synthetic-00091,0.5203,0.1165,0.3173,12,0.5582,50,0.0651,0.574,0.4044,0.4273,0.1191,0.5189,0.424,3,0.4479,0.5537,0.4404,3,42,1,Synthetic Region Group C,0
synthetic-00092,0.6315,0.0547,0.3731,7,0.5118,54,0.123,,0.3982,0.6357,,0.6019,,,0.6552,0.5666,0.3946,2,49,0.8,Synthetic Region Group D,1
synthetic-00093,0.8719,0.041,0.2792,12,,,,0.7638,0.2111,0.7771,0.0236,0.7827,0.751,0,0.8645,0.8076,0.25,0,69,0.85,Synthetic Region Group A,1
synthetic-00094,0.6355,0.0997,0.3765,12,0.614,52,0.036,0.6895,0.3062,0.6469,0.0745,0.6954,0.602,4,0.5985,0.6101,0.3696,0,54,1,Synthetic Region Group B,1
synthetic-00095,0.5707,0.1601,0.3569,12,0.5644,50,0.1078,0.4412,0.3645,0.4573,0.1329,0.4858,0.5106,3,0.4532,0.5224,0.3779,3,42,1,Synthetic Region Group C,0
synthetic-00096,0.6113,0.1478,0.3954,7,0.5258,57,0.0949,0.6418,0.3656,0.551,0.0353,0.561,0.5678,2,0.5361,0.6278,0.3533,2,50,1,Synthetic Region Group D,1
synthetic-00097,0.7638,0.1066,0.2657,12,,,,0.7523,0.2451,0.8027,0.0342,0.8771,0.7492,0,0.7823,0.7822,0.3466,0,67,0.85,Synthetic Region Group A,1
synthetic-00098,0.5824,0.0536,0.2476,12,0.6108,55,0.1228,0.698,0.4033,0.7168,0.0345,0.6705,0.6537,1,0.7313,0.6949,0.3917,1,60,1,Synthetic Region Group B,1
synthetic-00099,0.5351,0.1087,0.4444,12,0.4943,48,0.0681,0.5405,0.3728,0.4761,0.1188,0.4747,0.4955,2,0.5316,0.549,0.3152,4,50,1,Synthetic Region Group C,1
synthetic-00100,0.6124,0.0681,0.4225,7,0.5739,47,0.0479,0.6202,0.3942,0.5652,0.0983,0.5029,,,0.5005,0.6294,0.3228,1,50,0.9,Synthetic Region Group D,1
synthetic-00101,0.8208,0.0993,0.3428,12,0.8807,66,0.0892,0.8129,0.2374,0.8369,0.0995,0.758,0.7614,0,0.7626,0.7994,0.3489,0,69,1,Synthetic Region Group A,1
synthetic-00102,0.5926,0.0846,0.2788,12,0.6348,51,0.1063,0.5894,0.2503,0.7303,0.0437,0.7385,0.6197,1,0.6349,0.5902,0.3173,1,55,1,Synthetic Region Group B,1
synthetic-00103,0.4695,0.0879,0.4512,12,0.5285,43,0.1162,0.4958,0.4579,0.5345,0.0838,0.4309,0.4878,7,0.4767,0.4824,0.3123,2,50,1,Synthetic Region Group C,0
synthetic-00104,0.6141,0.0847,0.4026,7,0.6278,56,0.1308,0.5227,0.3763,0.5309,0.1219,0.5779,0.5828,1,0.5955,0.5868,0.3022,4,54,1,Synthetic Region Group D,1
synthetic-00105,0.8428,0.038,0.2712,12,0.7974,66,0.0942,0.814,0.357,0.8836,0.0283,0.8717,0.8258,1,0.7954,0.8131,0.2741,0,66,1,Synthetic Region Group A,1
synthetic-00106,0.6692,0.0894,0.3065,12,,,,0.7177,0.2926,0.7017,0.031,0.6444,0.6278,2,0.6604,0.7031,0.2935,0,52,0.85,Synthetic Region Group B,1
synthetic-00107,0.5593,0.1264,0.441,12,0.5433,47,0.1003,0.5034,0.3287,0.4931,0.0492,0.4553,0.5651,4,0.5374,0.4989,0.4002,2,46,1,Synthetic Region Group C,1
synthetic-00108,,,,,0.5128,53,0.1327,,0.3182,0.6158,,0.6453,,,0.6086,0.5068,0.3998,2,47,0.6,Synthetic Region Group D,0
synthetic-00109,0.7451,0.0638,0.2073,12,0.8611,67,0.0614,0.8105,0.2546,0.8373,0.0432,0.8075,0.8914,0,0.7595,0.8376,0.2556,0,70,1,Synthetic Region Group A,1
synthetic-00110,0.7102,0.1099,0.3784,12,0.6048,51,0.0724,0.6141,0.3212,0.6723,0.0988,0.7153,0.5964,2,0.733,0.7278,0.2654,2,56,1,Synthetic Region Group B,1
synthetic-00111,0.4199,0.0979,0.3357,12,0.4479,43,0.0662,0.4546,0.3831,0.5032,0.1292,0.4798,0.5202,7,0.5213,0.4992,0.441,1,50,1,Synthetic Region Group C,0
synthetic-00112,0.6332,0.1245,0.2746,7,0.5518,56,0.0983,0.509,0.2968,0.52,0.0648,0.6355,0.6325,5,0.6536,0.5626,0.2845,2,54,1,Synthetic Region Group D,1
synthetic-00113,0.8709,0.1079,0.2787,12,0.8101,62,0.0592,0.8498,0.2911,0.7585,0.0608,0.8962,0.8224,0,0.8242,0.8197,0.3075,0,64,1,Synthetic Region Group A,1
synthetic-00114,0.6227,0.0843,0.2836,12,0.6285,57,0.0618,0.7406,0.2554,0.5864,0.0139,0.6152,0.7313,0,0.7097,0.7317,0.2806,0,61,1,Synthetic Region Group B,1
synthetic-00115,0.5624,0.113,0.3094,12,0.4217,43,0.052,0.5771,0.3167,0.4556,0.1268,0.4697,0.5325,7,0.4639,0.5577,0.3108,5,51,1,Synthetic Region Group C,0
synthetic-00116,0.6416,0.0736,0.3365,7,0.6048,46,0.0875,0.5816,0.4242,0.5614,0.0923,0.5697,,,0.5348,0.6109,0.3356,2,49,0.9,Synthetic Region Group D,0
synthetic-00117,0.8548,0.078,0.2181,12,,,,0.8225,0.2584,0.897,0.1027,0.8608,0.8042,1,0.7713,0.8379,0.2069,0,62,0.85,Synthetic Region Group A,1
synthetic-00118,0.5808,0.1129,0.2719,12,0.5954,57,0.0817,0.6924,0.3464,0.5843,0.0232,0.6105,0.6083,4,0.6318,0.6043,0.2528,3,59,1,Synthetic Region Group B,1
synthetic-00119,0.5609,0.0735,0.2991,12,0.5467,51,0.0525,0.4503,0.3114,0.5143,0.1241,0.4841,0.4791,3,0.4527,0.4662,0.4475,3,44,1,Synthetic Region Group C,0
synthetic-00120,0.5223,0.0991,0.4195,7,0.5454,54,0.0693,,0.2958,0.5985,,0.508,0.5047,6,0.5265,0.5016,0.3829,0,48,0.9,Synthetic Region Group D,1
synthetic-00121,0.7535,0.0802,0.1919,12,0.8414,62,0.0707,0.8262,0.3564,0.7533,0.0464,,0.8597,0,,,,,69,0.75,Synthetic Region Group A,1
synthetic-00122,0.7265,0.1024,0.3992,12,0.6406,61,0.0365,0.6607,0.3567,0.695,0.0785,,0.6378,0,,,,,57,0.75,Synthetic Region Group B,1
synthetic-00123,0.4286,0.1193,0.3952,12,0.47,52,0.0873,0.5693,0.3025,0.5138,0.0791,0.5654,0.5258,4,0.5575,0.4945,0.3177,4,51,1,Synthetic Region Group C,1
synthetic-00124,0.5915,0.0834,0.2934,7,0.6377,47,0.0902,0.6429,0.3534,0.5726,0.0643,0.638,,,0.5836,0.6278,0.3162,1,49,0.9,Synthetic Region Group D,1
synthetic-00125,0.84,0.0853,0.3032,12,0.8409,60,0.0247,0.7929,0.2966,0.7753,0.0054,0.8714,0.7754,0,0.76,0.8467,0.265,0,63,1,Synthetic Region Group A,1
synthetic-00126,0.6808,0.058,0.3806,12,0.6262,52,0.1069,0.6767,0.3992,0.6869,0.0741,0.583,0.6187,0,0.7212,0.598,0.3013,1,59,1,Synthetic Region Group B,1
synthetic-00127,0.5732,0.1082,0.3907,12,0.42,51,0.113,0.5576,0.3947,0.5071,0.0508,0.5696,0.5465,5,0.5502,0.5349,0.369,3,49,1,Synthetic Region Group C,1
synthetic-00128,,,,,0.6109,50,0.0426,,0.3433,0.5787,,0.6072,0.6509,3,0.5612,0.5018,0.4047,0,53,0.7,Synthetic Region Group D,1
synthetic-00129,0.8968,0.0666,0.2733,12,0.8858,59,0.0917,0.8598,0.2093,0.7569,0.0514,0.8569,0.8526,1,0.7729,0.8064,0.2065,0,62,1,Synthetic Region Group A,1
synthetic-00130,0.6581,0.1263,0.2912,12,0.6209,51,0.0388,0.6761,0.2597,0.6305,0.054,0.631,0.6629,4,0.641,0.7327,0.4003,3,58,1,Synthetic Region Group B,1
synthetic-00131,0.5562,0.1109,0.4058,12,0.4411,45,0.1351,0.5796,0.4368,0.5437,0.0986,0.5024,0.5456,7,0.5465,0.5573,0.3323,4,43,1,Synthetic Region Group C,1
synthetic-00132,0.5689,0.0581,0.273,7,0.5628,55,0.1141,,,,,0.6432,0.5395,6,0.6573,0.6482,0.4098,0,57,0.8,Synthetic Region Group D,1
synthetic-00133,0.7833,0.0446,0.2501,12,0.7391,66,0.0194,0.8984,0.219,0.8973,0.0731,0.8595,,,0.8783,0.8532,0.328,0,69,0.9,Synthetic Region Group A,1
synthetic-00134,0.6865,0.1331,0.3707,12,0.6143,60,0.049,0.6969,0.3034,0.7208,0.0219,0.6436,0.6589,0,0.6071,0.7296,0.2883,2,54,1,Synthetic Region Group B,1
synthetic-00135,0.4814,0.1115,0.4316,12,0.4383,51,0.0561,,0.4389,0.4903,,0.5745,0.505,4,0.4321,0.5352,0.3379,3,45,0.9,Synthetic Region Group C,0
synthetic-00136,0.5316,0.066,0.4009,7,0.5036,50,0.0751,,0.3005,0.5876,,0.6026,0.5662,5,0.6402,0.6247,0.4322,4,50,0.9,Synthetic Region Group D,1
synthetic-00137,0.867,0.0306,0.2174,12,0.7568,62,0.0926,0.7879,0.1968,0.9004,0.0085,0.7689,0.7802,0,0.895,0.778,0.3265,0,71,1,Synthetic Region Group A,1
synthetic-00138,0.6789,0.0977,0.249,12,0.6997,54,0.0827,,0.4033,0.612,,0.7023,0.6752,2,0.5963,0.6359,0.299,2,55,0.9,Synthetic Region Group B,1
synthetic-00139,0.5743,0.1146,0.4174,12,0.474,51,0.0728,,0.3356,0.5783,,0.5661,,,0.5287,0.5523,0.3302,3,52,0.8,Synthetic Region Group C,0
synthetic-00140,0.6092,0.1173,0.3417,7,0.5985,53,0.1148,0.508,,,0.0422,0.6498,,,0.5451,0.538,0.3646,1,55,0.8,Synthetic Region Group D,0
synthetic-00141,0.8655,0.0349,0.2913,12,0.8564,67,0.0988,0.8618,0.2135,0.826,0.088,0.8107,0.8841,0,0.7778,0.773,0.2755,0,70,1,Synthetic Region Group A,1
synthetic-00142,0.6877,0.104,0.3154,12,0.6094,52,0.1118,0.6168,0.2627,0.5849,0.0425,0.6521,0.6421,2,0.6244,0.6319,0.2604,1,61,1,Synthetic Region Group B,1
synthetic-00143,0.5091,0.0638,0.3717,12,0.4778,44,0.0799,0.5715,0.4586,0.5063,0.0544,0.4893,0.4553,3,0.5326,0.5358,0.3707,3,49,1,Synthetic Region Group C,1
synthetic-00144,0.642,0.0959,0.4008,7,0.5234,52,0.0954,,0.4361,0.5101,,0.599,0.6534,2,0.6596,0.6046,0.4222,3,55,0.9,Synthetic Region Group D,1
synthetic-00145,0.837,0.0205,0.2585,12,0.898,67,0.0913,0.8733,0.2417,0.7587,0.0273,0.8534,0.7853,0,0.7391,0.8303,0.346,0,71,1,Synthetic Region Group A,1
synthetic-00146,0.7181,0.1356,0.2524,12,0.5878,53,0.0876,0.584,0.3321,0.5983,0.0785,0.7031,,,0.6811,0.6268,0.287,3,61,0.9,Synthetic Region Group B,1
synthetic-00147,0.5534,0.1243,0.3058,12,0.4669,53,0.0581,0.5418,0.3193,0.4593,0.0987,0.5036,0.4711,4,0.5189,0.4331,0.4116,4,46,1,Synthetic Region Group C,0
synthetic-00148,0.628,0.13,0.3928,7,0.6545,48,0.0869,,0.3159,0.5034,,,0.6201,6,,,,,54,0.65,Synthetic Region Group D,1
synthetic-00149,0.7807,0.1123,0.3414,12,,,,0.8499,0.3408,0.8762,0.0882,0.8235,0.8647,0,0.7548,0.7489,0.3457,0,63,0.85,Synthetic Region Group A,1
synthetic-00150,0.6688,0.1284,0.2604,12,0.6281,54,0.0383,0.626,0.3274,0.5866,0.0641,0.7086,0.6883,0,0.6631,0.7323,0.3569,0,53,1,Synthetic Region Group B,1
synthetic-00151,0.5523,0.1397,0.3801,12,0.456,48,0.1212,0.5574,0.4119,0.5099,0.0648,0.4307,0.5321,6,0.4698,0.5305,0.4154,5,51,1,Synthetic Region Group C,0
synthetic-00152,0.5134,0.0439,0.2828,7,0.5783,51,0.0548,0.5629,0.3536,0.5014,0.0921,0.6264,0.5976,3,0.5226,0.6577,0.3731,3,53,1,Synthetic Region Group D,1
synthetic-00153,0.8147,0.053,0.3155,12,0.7945,66,0.1003,0.8708,0.2893,0.7615,0.0655,0.803,0.8635,1,0.8967,0.7786,0.3305,0,68,1,Synthetic Region Group A,1
synthetic-00154,0.6635,0.0363,0.3095,12,0.6813,56,0.0611,0.6495,0.3318,0.6789,0.0528,0.7101,0.6034,3,0.7122,0.6548,0.4009,2,53,1,Synthetic Region Group B,1
synthetic-00155,0.5632,0.0922,0.3189,12,0.5108,53,0.1213,,0.3901,0.559,,0.5471,0.4722,4,0.5421,0.5543,0.3655,5,50,0.9,Synthetic Region Group C,0
synthetic-00156,0.6162,0.0744,0.3574,7,0.6517,55,0.0733,,0.3558,0.5872,,,0.5949,1,,,,,55,0.65,Synthetic Region Group D,1
synthetic-00157,0.871,0.113,0.3463,12,0.8733,61,0.0761,0.8236,0.3201,0.8995,0.0768,0.7719,0.7865,0,0.8359,0.8723,0.331,0,62,1,Synthetic Region Group A,1
synthetic-00158,0.6911,0.0956,0.2995,12,0.7011,51,0.0679,0.7155,0.28,0.5861,0.0343,0.6938,0.6968,1,0.6401,0.63,0.4054,0,59,1,Synthetic Region Group B,1
synthetic-00159,0.5458,0.1245,0.3677,12,0.4307,48,0.0878,0.5663,0.3683,0.5678,0.1077,0.5057,0.5126,7,0.4473,0.5505,0.3719,5,43,1,Synthetic Region Group C,0
synthetic-00160,0.6587,0.0824,0.386,7,0.5639,55,0.0519,0.5434,0.32,0.6356,0.1199,0.5163,,,0.5483,0.5255,0.4352,3,56,0.9,Synthetic Region Group D,1
synthetic-00161,0.8676,0.0206,0.2648,12,0.8754,61,0.014,0.8236,0.3263,0.8167,0.0489,0.815,0.8479,0,0.8442,0.839,0.3072,0,61,1,Synthetic Region Group A,1
synthetic-00162,0.609,0.0856,0.2646,12,0.6793,61,0.0807,0.7317,0.349,0.7358,0.0377,0.6475,0.6477,2,0.7133,0.6744,0.2786,3,54,1,Synthetic Region Group B,1
synthetic-00163,0.4248,0.0865,0.4108,12,0.5693,47,0.1225,0.5461,0.4333,0.4678,0.0777,0.4311,0.4417,3,0.5561,0.5299,0.3454,5,49,1,Synthetic Region Group C,0
synthetic-00164,0.6187,0.0984,0.4251,7,0.4997,50,0.1346,0.6365,,,0.0316,0.5867,,,0.6478,0.5539,0.2763,3,47,0.8,Synthetic Region Group D,1
synthetic-00165,0.7998,0.0344,0.301,12,0.8008,58,0.0431,0.7843,0.3279,0.8814,0.0773,0.8467,0.806,0,0.7958,0.7985,0.3269,0,68,1,Synthetic Region Group A,1
synthetic-00166,0.6935,0.1358,0.3666,12,0.6677,55,0.0655,0.5824,0.275,0.6322,0.0431,0.6223,0.6189,4,0.722,0.5836,0.3792,1,55,1,Synthetic Region Group B,1
synthetic-00167,0.5722,0.099,0.3325,12,0.4881,54,0.1053,0.4999,0.3051,0.509,0.1317,0.531,0.4277,6,0.4581,0.5595,0.3241,1,45,1,Synthetic Region Group C,0
synthetic-00168,0.6197,0.0483,0.4216,7,0.5553,50,0.0559,0.6089,0.3561,0.5473,0.0457,0.5466,0.5113,5,0.6314,0.5775,0.3628,0,51,1,Synthetic Region Group D,1
synthetic-00169,0.8443,0.1142,0.2511,12,0.7458,59,0.0547,0.8265,0.1981,0.7587,0,0.819,0.7777,1,0.7717,0.8453,0.2056,0,66,1,Synthetic Region Group A,1
synthetic-00170,0.602,0.0926,0.3283,12,0.729,55,0.0474,0.5984,0.3389,0.7125,0.0492,0.6404,0.6974,4,0.6089,0.6388,0.2712,2,61,1,Synthetic Region Group B,1
synthetic-00171,0.5591,0.1425,0.4027,12,0.5495,46,0.113,,0.3939,0.4997,,0.4823,0.507,7,0.5724,0.4789,0.3697,1,45,0.9,Synthetic Region Group C,1
synthetic-00172,,,,,0.6601,51,0.0605,,0.3221,0.6318,,0.6331,,,0.6532,0.5598,0.373,3,56,0.6,Synthetic Region Group D,0
synthetic-00173,0.7482,0.0455,0.3246,12,0.8775,59,0.0805,0.7893,0.2009,0.7723,0.0993,0.8992,0.8077,0,0.7915,0.8994,0.2811,0,70,1,Synthetic Region Group A,1
synthetic-00174,0.7025,0.1397,0.3933,12,0.7058,57,0.1182,0.6472,0.2602,0.6365,0.1135,0.6805,0.6887,4,0.6363,0.5943,0.3135,2,59,1,Synthetic Region Group B,1
synthetic-00175,0.4408,0.0856,0.3448,12,0.4999,42,0.0513,0.4873,0.3916,0.5115,0.116,0.5293,0.4763,6,0.5347,0.4757,0.3351,2,45,1,Synthetic Region Group C,0
synthetic-00176,0.633,0.1209,0.3247,7,0.5156,47,0.0937,,0.2948,0.5247,,0.5226,0.6452,5,0.57,0.6151,0.4216,3,55,0.9,Synthetic Region Group D,1
synthetic-00177,0.7609,0.1022,0.2324,12,0.8739,58,0.0363,,0.2665,0.7777,,0.7842,0.7793,0,0.8909,0.8232,0.3171,0,62,0.9,Synthetic Region Group A,1
synthetic-00178,0.6369,0.1274,0.2638,12,0.7363,51,0.0441,0.5791,0.2924,0.6471,0.1145,0.6449,0.7088,0,0.5889,0.6513,0.2789,0,59,1,Synthetic Region Group B,1
synthetic-00179,0.4825,0.156,0.3922,12,0.4951,54,0.0565,0.5612,0.4355,0.5177,0.1332,0.5714,0.5271,7,0.5507,0.475,0.4058,2,49,1,Synthetic Region Group C,0
synthetic-00180,0.6537,0.0947,0.3561,7,0.5648,46,0.0556,,0.354,0.6006,,0.6557,0.658,5,0.5164,0.6152,0.3468,2,54,0.9,Synthetic Region Group D,1
synthetic-00181,0.7428,0.0418,0.3249,12,0.8464,67,0.0516,,0.234,0.8915,,0.8748,0.8069,1,0.8316,0.8586,0.2423,0,70,0.9,Synthetic Region Group A,1
synthetic-00182,0.7002,0.0883,0.3707,12,0.6244,55,0.0574,0.6426,0.2892,0.6429,0.021,0.5802,0.7265,1,0.665,0.6936,0.3348,1,58,1,Synthetic Region Group B,1
synthetic-00183,0.4569,0.0718,0.335,12,0.5594,51,0.0834,0.4594,0.4546,0.5258,0.0716,0.5776,0.5559,3,0.5559,0.5089,0.4458,3,51,1,Synthetic Region Group C,1
synthetic-00184,0.6572,0.0435,0.3797,7,0.5905,50,0.068,,0.3798,0.6205,,0.5873,,,0.6543,0.6154,0.2849,4,53,0.8,Synthetic Region Group D,1
synthetic-00185,0.7929,0.0762,0.298,12,0.8889,65,0.0518,0.872,0.2919,0.8225,0.0083,0.8422,0.8001,0,0.7933,0.7867,0.2926,0,69,1,Synthetic Region Group A,1
synthetic-00186,0.5969,0.0921,0.3581,12,0.6781,50,0.0522,0.6989,0.3601,0.6529,0.1111,0.613,0.6646,0,0.7099,0.5875,0.3041,2,53,1,Synthetic Region Group B,1
synthetic-00187,0.4544,0.1279,0.398,12,0.4322,45,0.1161,0.4569,0.3778,0.523,0.0801,0.509,0.4215,6,0.4385,0.4633,0.4424,2,49,1,Synthetic Region Group C,0
synthetic-00188,0.5344,0.0594,0.4026,7,0.5275,55,0.1157,,0.3751,0.583,,,,,,,,,56,0.55,Synthetic Region Group D,0
synthetic-00189,0.8862,0.0682,0.2403,12,0.8397,63,0.0157,0.8839,0.2074,0.8206,0.0547,0.8678,0.7916,1,0.82,0.8792,0.2715,0,69,1,Synthetic Region Group A,1
synthetic-00190,0.6693,0.1167,0.2609,12,0.6471,60,0.0566,0.586,0.2964,0.6995,0.0435,0.5924,0.5843,4,0.7077,0.6888,0.4079,1,56,1,Synthetic Region Group B,1
synthetic-00191,0.4455,0.0758,0.4452,12,0.5018,50,0.1296,0.4485,0.3215,0.58,0.0962,0.4409,0.4619,7,0.5045,0.5078,0.3373,2,44,1,Synthetic Region Group C,0
synthetic-00192,0.6532,0.1019,0.2829,7,0.5246,54,0.1148,0.5004,0.3348,0.6186,0.0233,0.5785,0.5638,5,0.5167,0.5335,0.3602,3,47,1,Synthetic Region Group D,1
synthetic-00193,0.8718,0.024,0.2134,12,0.8251,66,0.0963,0.8837,0.2149,0.7823,0.0399,0.7935,0.805,0,0.7649,0.9001,0.2734,0,66,1,Synthetic Region Group A,1
synthetic-00194,0.5795,0.1293,0.2923,12,0.7116,55,0.064,0.6406,0.3502,0.7316,0.0445,0.7155,0.6798,1,0.737,0.7288,0.3304,0,56,1,Synthetic Region Group B,1
synthetic-00195,0.5729,0.1288,0.3788,12,0.4363,44,0.075,,,,,0.5259,0.4651,7,0.5742,0.5176,0.4523,2,50,0.8,Synthetic Region Group C,0
synthetic-00196,0.6333,0.1312,0.3665,7,0.6572,47,0.0812,,0.3824,0.4997,,,0.6563,3,,,,,52,0.65,Synthetic Region Group D,1
synthetic-00197,0.8991,0.0176,0.2896,12,0.853,64,0.093,0.8694,0.3147,0.8222,0.0239,0.8272,0.7521,0,0.7714,0.7471,0.2463,0,64,1,Synthetic Region Group A,1
synthetic-00198,0.6537,0.1279,0.3301,12,0.6194,54,0.1218,,0.2912,0.728,,0.6713,0.6331,3,0.7388,0.6432,0.3013,1,55,0.9,Synthetic Region Group B,1
synthetic-00199,0.554,0.0836,0.4145,12,0.54,49,0.143,0.4716,0.426,0.4705,0.0891,0.4531,0.573,6,0.5003,0.5081,0.3922,2,50,1,Synthetic Region Group C,1
synthetic-00200,0.5561,0.0709,0.3213,7,0.6585,56,0.0432,,0.4101,0.5214,,,0.5065,2,,,,,53,0.65,Synthetic Region Group D,0
synthetic-00201,0.8954,0.092,0.2473,12,0.8573,61,0.0639,0.8623,0.2001,0.8679,0.0882,0.8929,0.8079,0,0.8462,0.8068,0.3302,0,69,1,Synthetic Region Group A,1
synthetic-00202,0.6366,0.1192,0.2796,12,0.6079,58,0.0357,0.7381,0.2907,0.6143,0.1164,0.5917,0.6697,0,0.6488,0.6827,0.3424,0,55,1,Synthetic Region Group B,1
synthetic-00203,0.4441,0.1124,0.4045,12,0.5757,52,0.1213,0.514,0.3574,0.5629,0.0401,0.433,0.4387,5,0.4606,0.5101,0.4416,3,42,1,Synthetic Region Group C,0
synthetic-00204,,,,,0.5167,48,0.0783,0.532,0.3387,0.6303,0.1012,0.5956,0.5871,5,0.6418,0.6526,0.2949,2,55,0.8,Synthetic Region Group D,1
synthetic-00205,0.851,0.096,0.2203,12,0.8061,60,0.0502,0.8496,0.3554,0.8441,0.0321,0.8022,0.7959,0,0.8686,0.8788,0.2919,0,62,1,Synthetic Region Group A,1
synthetic-00206,0.636,0.0602,0.2714,12,0.6766,53,0.0819,,0.3916,0.7197,,0.6115,0.703,2,0.6142,0.7392,0.3335,3,52,0.9,Synthetic Region Group B,1
synthetic-00207,0.568,0.0796,0.3615,12,0.4651,44,0.1157,0.4903,0.4359,0.5046,0.0718,,0.4239,6,,,,,46,0.75,Synthetic Region Group C,0
synthetic-00208,0.6338,0.0758,0.2921,7,0.6313,46,0.0895,,0.3504,0.6141,,0.5825,0.634,2,0.5454,0.5802,0.2951,3,54,0.9,Synthetic Region Group D,1
synthetic-00209,0.8141,0.0582,0.2357,12,0.8415,61,0.0842,0.8411,0.3563,0.851,0.0722,0.7933,,,0.7643,0.7752,0.3055,0,65,0.9,Synthetic Region Group A,1
synthetic-00210,0.6458,0.0898,0.292,12,0.5817,53,0.0799,0.6604,0.4015,0.7087,0.0237,0.6609,0.6048,2,0.7036,0.6426,0.3288,0,59,1,Synthetic Region Group B,1
synthetic-00211,0.5021,0.1621,0.4306,12,0.4771,44,0.0659,0.5704,0.4243,0.4942,0.0935,0.4314,0.479,5,0.4461,0.4508,0.3215,4,46,1,Synthetic Region Group C,0
synthetic-00212,,,,,0.6574,56,0.0706,,0.3511,0.5519,,0.5151,0.5427,5,0.6522,0.5552,0.3301,1,48,0.7,Synthetic Region Group D,1
synthetic-00213,0.7812,0.0423,0.2059,12,0.8924,63,0.0181,0.8173,,,0.0294,0.7432,0.8617,0,0.7993,0.8488,0.3453,0,63,0.9,Synthetic Region Group A,1
synthetic-00214,0.6854,0.1094,0.3636,12,0.6204,52,0.0825,0.7238,,,0.0425,0.6196,0.6982,0,0.6995,0.7288,0.388,1,56,0.9,Synthetic Region Group B,1
synthetic-00215,0.464,0.0972,0.4365,12,0.4517,43,0.0819,0.5594,0.3526,0.4785,0.0392,0.5752,0.5513,3,0.5809,0.5531,0.3616,3,42,1,Synthetic Region Group C,1
synthetic-00216,0.5712,0.1261,0.3587,7,0.6117,47,0.0702,,,,,0.6153,0.6366,3,0.6294,0.6295,0.305,1,56,0.8,Synthetic Region Group D,1
synthetic-00217,0.8158,0.0915,0.2555,12,0.8909,59,0.0451,,0.3114,0.7627,,0.7569,0.8268,0,0.8614,0.8967,0.198,0,71,0.9,Synthetic Region Group A,1
synthetic-00218,0.6458,0.0862,0.3438,12,0.6336,54,0.1134,0.7176,0.3256,0.6109,0.0563,0.7208,0.6176,1,0.6717,0.7273,0.3744,3,60,1,Synthetic Region Group B,1
synthetic-00219,0.4665,0.1014,0.3639,12,0.4285,45,0.0797,0.4483,,,0.1284,0.5655,0.4438,4,0.4345,0.4193,0.3586,4,46,0.9,Synthetic Region Group C,0
synthetic-00220,0.5299,0.0669,0.4149,7,0.6407,50,0.1116,0.5389,,,0.0295,0.5975,,,0.5607,0.5269,0.4236,0,56,0.8,Synthetic Region Group D,0
synthetic-00221,0.7426,0.0292,0.3114,12,0.8625,61,0.0465,0.8876,0.2757,0.8236,0.0483,0.8344,0.827,0,0.7836,0.7506,0.2616,0,63,1,Synthetic Region Group A,1
synthetic-00222,0.6731,0.0508,0.3271,12,0.5982,58,0.1187,0.6869,0.3111,0.7174,0.02,0.7011,0.7302,4,0.6941,0.7363,0.3541,0,57,1,Synthetic Region Group B,1
synthetic-00223,0.4768,0.0697,0.3135,12,0.5584,49,0.0964,0.4764,0.37,0.4669,0.1092,0.4238,0.4915,4,0.5551,0.4932,0.3233,2,50,1,Synthetic Region Group C,0
synthetic-00224,0.5393,0.1462,0.4033,7,0.5115,56,0.0493,0.6423,,,0.0384,0.5495,,,0.5209,0.5868,0.3732,4,52,0.8,Synthetic Region Group D,0
synthetic-00225,0.8449,0.0431,0.327,12,0.8161,62,0.0603,0.7396,0.289,0.8573,0.0213,0.7581,0.9001,1,0.8929,0.8701,0.1984,0,70,1,Synthetic Region Group A,1
synthetic-00226,0.7127,0.1197,0.2864,12,0.6757,55,0.0598,0.6938,0.3976,0.6411,0.0481,,0.6999,1,,,,,54,0.75,Synthetic Region Group B,1
synthetic-00227,0.5797,0.1238,0.4107,12,0.4289,52,0.0845,0.4449,0.3614,0.4997,0.0576,0.507,0.4824,7,0.5259,0.4382,0.3654,6,49,1,Synthetic Region Group C,0
synthetic-00228,0.6296,0.0549,0.407,7,0.5924,53,0.0795,,0.4314,0.634,,0.6284,,,0.6038,0.6444,0.4147,4,53,0.8,Synthetic Region Group D,0
synthetic-00229,0.8486,0.0922,0.3362,12,,,,0.8172,,,0.03,0.7599,0.8915,0,0.8588,0.7441,0.3307,0,71,0.75,Synthetic Region Group A,1
synthetic-00230,0.7083,0.119,0.3192,12,0.652,60,0.1053,0.6949,0.2969,0.7302,0.0318,0.7169,0.7181,3,0.7378,0.6201,0.2678,0,55,1,Synthetic Region Group B,1
synthetic-00231,0.5768,0.1185,0.3097,12,0.4563,43,0.1393,,0.412,0.4559,,0.4954,0.4889,2,0.5733,0.5543,0.3157,6,47,0.9,Synthetic Region Group C,1
synthetic-00232,0.5833,0.1127,0.2659,7,0.5317,47,0.1079,,0.3818,0.5232,,0.6086,,,0.5877,0.612,0.3798,2,55,0.8,Synthetic Region Group D,0
synthetic-00233,0.7701,0.0488,0.2309,12,0.7878,66,0.051,0.7988,0.321,0.7611,0.0374,0.7949,0.7401,0,0.8905,0.8057,0.2001,0,71,1,Synthetic Region Group A,1
synthetic-00234,0.7102,0.0839,0.3421,12,0.7138,59,0.0321,0.7269,0.4031,0.7296,0.0484,0.6454,0.6007,3,0.6321,0.5993,0.3562,1,58,1,Synthetic Region Group B,1
synthetic-00235,0.5344,0.0569,0.3497,12,0.4976,44,0.0751,0.5606,0.3302,0.4255,0.0994,0.4774,0.4507,6,0.4291,0.4582,0.3136,5,49,1,Synthetic Region Group C,0
synthetic-00236,0.5287,0.1118,0.3075,7,0.6067,53,0.1142,0.5751,0.3911,0.5863,0.0384,0.5259,,,0.6233,0.6253,0.4078,0,55,0.9,Synthetic Region Group D,0
synthetic-00237,0.8224,0.0308,0.2143,12,0.8981,59,0.0665,0.7445,0.3307,0.8029,0.0366,0.8242,0.8112,0,0.7804,0.746,0.2985,0,65,1,Synthetic Region Group A,1
synthetic-00238,0.7249,0.0696,0.3214,12,0.7286,59,0.0596,0.6906,,,0.094,0.6048,0.6734,0,0.5887,0.6385,0.3217,0,60,0.9,Synthetic Region Group B,1
synthetic-00239,0.5202,0.1616,0.3633,12,0.424,53,0.1302,0.5387,0.4275,0.4252,0.0481,0.5413,0.5128,5,0.5347,0.5268,0.3694,5,48,1,Synthetic Region Group C,0
synthetic-00240,0.622,0.1491,0.4056,7,0.5264,48,0.0935,0.6087,0.4184,0.6262,0.1078,0.6126,,,0.6357,0.5843,0.4228,3,55,0.9,Synthetic Region Group D,1
synthetic-00241,0.8962,0.0475,0.3442,12,0.8679,66,0.0481,0.765,0.2929,0.8226,0,0.8537,0.8338,0,0.8274,0.8755,0.2655,0,65,1,Synthetic Region Group A,1
synthetic-00242,0.6141,0.0677,0.2617,12,0.7139,54,0.0666,0.6433,0.3219,0.6643,0.0896,0.6203,0.5881,4,0.6175,0.6934,0.3509,0,55,1,Synthetic Region Group B,1
synthetic-00243,0.5762,0.0905,0.436,12,0.5076,51,0.1224,0.536,0.3464,0.5778,0.1287,0.4648,0.5469,4,0.4393,0.4597,0.3398,4,44,1,Synthetic Region Group C,1
synthetic-00244,0.6166,0.1404,0.4113,7,0.5407,51,0.1041,,0.2893,0.6334,,0.623,,,0.5621,0.5015,0.4164,0,57,0.8,Synthetic Region Group D,1
synthetic-00245,0.8531,0.1031,0.2176,12,0.8407,67,0.0494,0.74,0.2758,0.8762,0.0116,0.745,0.8815,1,0.835,0.8414,0.3229,0,63,1,Synthetic Region Group A,1
synthetic-00246,0.6083,0.0741,0.3914,12,0.6673,56,0.0613,0.6402,0.2944,0.5862,0.0564,0.6476,0.5811,3,0.6948,0.5826,0.3247,2,56,1,Synthetic Region Group B,1
synthetic-00247,0.5235,0.0926,0.4445,12,0.5356,49,0.1007,0.5064,0.362,0.5525,0.0875,0.4718,,,0.4965,0.4778,0.4063,3,47,0.9,Synthetic Region Group C,0
synthetic-00248,0.5611,0.1121,0.3828,7,0.5847,48,0.0772,,0.3812,0.6283,,0.5066,,,0.6199,0.5499,0.4357,4,55,0.8,Synthetic Region Group D,0
synthetic-00249,0.8099,0.0814,0.3144,12,0.7402,67,0.0507,0.7934,0.2545,0.8478,0,0.8098,0.8461,0,0.8239,0.8474,0.2765,0,70,1,Synthetic Region Group A,1
synthetic-00250,0.7095,0.1341,0.2857,12,0.7225,52,0.0844,0.5946,0.306,0.6656,0.0991,0.6472,0.7143,4,0.5958,0.6115,0.3274,0,55,1,Synthetic Region Group B,1
synthetic-00251,0.4814,0.1377,0.3825,12,0.5119,48,0.0782,0.4632,0.4569,0.4767,0.0601,0.5343,0.4624,7,0.4894,0.4438,0.4188,5,43,1,Synthetic Region Group C,0
synthetic-00252,0.5687,0.1494,0.2888,7,0.503,53,0.107,0.5892,0.3679,0.5368,0.0814,0.6272,0.526,1,0.5945,0.5912,0.3652,3,53,1,Synthetic Region Group D,1
synthetic-00253,0.7657,0.0948,0.1997,12,0.755,66,0.0265,0.7394,0.2841,0.8949,0,0.7505,0.7461,0,0.7592,0.7909,0.2241,0,65,1,Synthetic Region Group A,1
synthetic-00254,0.6432,0.1181,0.3265,12,0.7067,51,0.1075,0.6857,,,0.1194,0.5917,0.7358,0,0.7409,0.6337,0.2555,0,57,0.9,Synthetic Region Group B,1
synthetic-00255,0.4352,0.097,0.3041,12,0.5605,46,0.087,0.5138,0.4556,0.4669,0.0468,0.4542,0.4379,3,0.4748,0.5713,0.3114,5,49,1,Synthetic Region Group C,0
synthetic-00256,0.6437,0.0954,0.3402,7,0.5283,51,0.1247,,0.3416,0.6166,,0.5657,,,0.5126,0.6574,0.3321,3,48,0.8,Synthetic Region Group D,1
synthetic-00257,0.7392,0.0237,0.2036,12,0.7692,67,0.0889,0.8356,0.2157,0.8948,0.0195,0.7508,0.8461,0,0.8667,0.8302,0.3288,0,62,1,Synthetic Region Group A,1
synthetic-00258,0.6876,0.0902,0.3366,12,0.6711,53,0.058,0.5904,0.3911,0.6748,0.0813,0.58,0.6251,1,0.651,0.5807,0.2687,0,60,1,Synthetic Region Group B,1
synthetic-00259,0.5359,0.136,0.3352,12,0.498,44,0.1213,0.5336,0.3092,0.4214,0.0772,0.4325,0.5505,4,0.4827,0.5684,0.4104,4,43,1,Synthetic Region Group C,0
synthetic-00260,0.5707,0.0871,0.2775,7,0.5297,56,0.0562,,0.4158,0.5196,,0.593,,,0.5339,0.5206,0.3022,1,54,0.8,Synthetic Region Group D,0
synthetic-00261,0.7783,0.0838,0.2141,12,0.8707,69,0.0197,0.8986,0.3173,0.8387,0.0994,0.8292,0.7768,1,0.8145,0.7497,0.2186,0,65,1,Synthetic Region Group A,1
synthetic-00262,0.6347,0.0561,0.3442,12,0.6325,54,0.0683,0.7115,0.2631,0.6687,0.1124,0.7114,0.6012,1,0.6739,0.72,0.3479,1,52,1,Synthetic Region Group B,1
synthetic-00263,0.5693,0.1377,0.332,12,0.5383,47,0.1185,0.4831,0.4249,0.5788,0.0776,0.5069,0.5597,3,0.4511,0.5679,0.3924,4,51,1,Synthetic Region Group C,1
synthetic-00264,0.6302,0.0907,0.324,7,0.5462,52,0.1065,,,,,0.5877,,,0.6351,0.5252,0.408,2,54,0.7,Synthetic Region Group D,0
synthetic-00265,0.8161,0.0774,0.3199,12,0.7428,61,0.0746,0.8746,,,0.0374,0.7467,0.8174,1,0.8144,0.8953,0.2487,0,65,0.9,Synthetic Region Group A,1
synthetic-00266,0.6902,0.072,0.3935,12,0.6531,51,0.0388,0.591,,,0.0879,0.5893,0.6018,0,0.5858,0.731,0.4108,0,59,0.9,Synthetic Region Group B,1
synthetic-00267,0.4444,0.1098,0.3205,12,0.5016,43,0.0644,0.4666,0.3077,0.5145,0.0877,0.4432,,,0.4959,0.4529,0.391,3,45,0.9,Synthetic Region Group C,0
synthetic-00268,0.5926,0.0495,0.4067,7,0.5374,46,0.0999,,,,,0.6117,0.5897,2,0.5032,0.6391,0.2809,3,49,0.8,Synthetic Region Group D,1
synthetic-00269,0.7646,0.0707,0.2009,12,0.8799,63,0.0822,0.8575,,,0.0073,0.801,0.8307,0,0.8311,0.8377,0.2243,0,68,0.9,Synthetic Region Group A,1
synthetic-00270,0.7223,0.0962,0.3091,12,0.6902,55,0.0339,0.5926,0.3893,0.584,0.0422,0.5982,0.7312,3,0.6823,0.6221,0.2558,1,57,1,Synthetic Region Group B,1
synthetic-00271,0.4512,0.1107,0.3696,12,0.528,49,0.0928,0.4982,0.4365,0.4366,0.1134,0.4781,,,0.4821,0.4377,0.3478,2,51,0.9,Synthetic Region Group C,0
synthetic-00272,,,,,0.6108,51,0.1294,,,,,0.6576,0.5108,2,0.659,0.6443,0.3881,3,52,0.6,Synthetic Region Group D,0
synthetic-00273,0.797,0.0171,0.2962,12,0.8704,61,0.0535,0.813,,,0.0144,0.8637,0.814,0,0.8416,0.7657,0.2475,0,62,0.9,Synthetic Region Group A,1
synthetic-00274,0.6536,0.1155,0.3394,12,0.6204,50,0.1187,0.6727,0.3438,0.675,0.1136,0.6536,0.677,1,0.6541,0.5917,0.4012,1,55,1,Synthetic Region Group B,1
synthetic-00275,0.4738,0.1017,0.3969,12,0.4925,44,0.1007,0.5364,0.3626,0.5199,0.0317,0.5311,0.4429,3,0.486,0.5262,0.4602,5,48,1,Synthetic Region Group C,0
synthetic-00276,0.5931,0.0924,0.2861,7,0.6367,48,0.0457,,,,,0.5517,0.5428,1,0.6315,0.5746,0.3066,2,50,0.8,Synthetic Region Group D,1
synthetic-00277,0.8691,0.0799,0.347,12,0.7579,67,0.1014,,0.3061,0.7478,,0.8361,0.8269,1,0.8252,0.7845,0.2229,0,67,0.9,Synthetic Region Group A,1
synthetic-00278,0.6992,0.0559,0.3905,12,0.7112,61,0.1084,0.6268,0.3071,0.6207,0.105,0.7074,0.67,4,0.6437,0.729,0.3414,1,56,1,Synthetic Region Group B,1
synthetic-00279,0.4833,0.1481,0.3554,12,0.4441,50,0.1111,0.5522,0.3592,0.4318,0.0423,0.5468,0.4668,6,0.4332,0.5757,0.3949,4,46,1,Synthetic Region Group C,0
synthetic-00280,0.5254,0.1414,0.2838,7,0.6366,58,0.132,0.5493,,,0.0218,0.6013,0.5306,2,0.5483,0.6334,0.3737,2,47,0.9,Synthetic Region Group D,1
synthetic-00281,0.7391,0.095,0.2684,12,0.7427,67,0.0842,0.7506,0.2469,0.81,0.0383,0.7554,0.8308,0,0.7833,0.806,0.2702,0,61,1,Synthetic Region Group A,1
synthetic-00282,0.6831,0.0674,0.2452,12,0.7352,52,0.08,0.7382,0.3095,0.6658,0.1068,0.6272,0.6907,3,0.6122,0.7286,0.2853,1,55,1,Synthetic Region Group B,1
synthetic-00283,0.4933,0.0671,0.2956,12,0.4405,51,0.1414,0.5307,0.376,0.4955,0.0861,0.5619,0.4559,4,0.5669,0.5519,0.4533,3,44,1,Synthetic Region Group C,0
synthetic-00284,0.6308,0.0564,0.3518,7,0.5632,55,0.1141,0.6323,0.3338,0.5918,0.0652,0.5306,0.6391,1,0.5177,0.5783,0.3684,4,47,1,Synthetic Region Group D,1
synthetic-00285,0.8741,0.0441,0.2745,12,0.819,61,0.0483,0.7723,0.3022,0.8014,0.0791,0.8975,0.7797,0,0.7764,0.7904,0.2857,0,62,1,Synthetic Region Group A,1
synthetic-00286,0.5805,0.0787,0.2971,12,0.6399,54,0.0493,0.6997,0.3045,0.6224,0.1008,0.5912,0.6842,3,0.6946,0.6691,0.2643,0,60,1,Synthetic Region Group B,1
synthetic-00287,0.5559,0.1038,0.4522,12,0.4261,51,0.0655,0.4978,0.4418,0.5271,0.1082,0.4821,0.5713,5,0.4441,0.4446,0.363,4,52,1,Synthetic Region Group C,0
synthetic-00288,0.5874,0.1185,0.3472,7,0.6484,55,0.1248,,0.2826,0.5795,,0.634,,,0.5192,0.6227,0.3442,3,50,0.8,Synthetic Region Group D,0
synthetic-00289,0.8059,0.0098,0.2698,12,0.8674,65,0.0235,0.8886,0.2854,0.8601,0.0842,0.7586,0.7656,1,0.8415,0.8012,0.2932,0,66,1,Synthetic Region Group A,1
synthetic-00290,0.6649,0.1187,0.3984,12,0.723,52,0.1026,0.6145,0.3996,0.6617,0.1081,0.5938,0.716,2,0.6484,0.6125,0.3951,1,54,1,Synthetic Region Group B,1
synthetic-00291,0.5605,0.1249,0.329,12,0.4806,45,0.0503,0.4217,0.3754,0.5659,0.128,,0.4828,5,,,,,51,0.75,Synthetic Region Group C,0
synthetic-00292,,,,,0.5964,48,0.1097,,0.304,0.5635,,0.5024,,,0.6516,0.5444,0.3312,2,56,0.6,Synthetic Region Group D,0
synthetic-00293,0.7743,0.0284,0.3464,12,0.8357,69,0.0674,0.8569,0.2364,0.863,0.0284,0.8956,0.758,0,0.75,0.8298,0.2677,0,68,1,Synthetic Region Group A,1
synthetic-00294,0.588,0.1282,0.3086,12,0.6076,56,0.0526,0.6874,0.309,0.6461,0.0819,0.5825,0.6427,0,0.7314,0.6143,0.2701,1,59,1,Synthetic Region Group B,1
synthetic-00295,0.5641,0.0646,0.3689,12,0.4288,53,0.0511,0.5197,,,0.1145,0.4713,0.4315,3,0.4275,0.4802,0.4541,2,45,0.9,Synthetic Region Group C,0
synthetic-00296,0.5528,0.0476,0.3164,7,0.6249,54,0.1347,,0.3772,0.5789,,0.6516,0.5197,2,0.5575,0.5088,0.3034,4,53,0.9,Synthetic Region Group D,1
synthetic-00297,0.8909,0.1157,0.2255,12,0.777,58,0.0731,0.7747,0.2459,0.8658,0,0.7634,0.8769,1,0.8304,0.8229,0.3326,0,64,1,Synthetic Region Group A,1
synthetic-00298,0.7382,0.04,0.3554,12,0.685,54,0.0372,0.6848,0.4035,0.7217,0.0379,0.6452,0.6386,1,0.7188,0.73,0.3856,1,54,1,Synthetic Region Group B,1
synthetic-00299,0.4302,0.1554,0.3994,12,0.4728,49,0.0849,0.4468,,,0.1273,0.5664,0.4646,5,0.5026,0.5371,0.4169,4,47,0.9,Synthetic Region Group C,0
synthetic-00300,0.6535,0.0549,0.2961,7,0.5099,57,0.1186,0.6476,,,0.1232,,0.6061,3,,,,,48,0.65,Synthetic Region Group D,0
synthetic-00301,0.8236,0.0778,0.3003,12,0.7927,59,0.0271,0.7796,,,0.0436,0.8274,0.8007,0,0.8525,0.7496,0.251,0,65,0.9,Synthetic Region Group A,1
synthetic-00302,0.6965,0.0619,0.2504,12,0.6875,50,0.0944,0.7141,0.355,0.6939,0.0783,0.6136,0.5925,3,0.6185,0.6745,0.2762,0,60,1,Synthetic Region Group B,1
synthetic-00303,0.5192,0.1177,0.3459,12,0.5489,51,0.1383,0.5327,0.3477,0.5578,0.1211,0.4699,0.4518,7,0.5015,0.4432,0.4593,3,47,1,Synthetic Region Group C,0
synthetic-00304,0.6543,0.0773,0.3114,7,0.6585,51,0.0646,,,,,0.6341,,,0.5325,0.6064,0.3404,4,55,0.7,Synthetic Region Group D,0
synthetic-00305,0.8765,0.0436,0.2717,12,0.8062,66,0.0322,0.7502,0.2458,0.791,0.045,0.8079,0.8304,1,0.868,0.8233,0.2227,0,71,1,Synthetic Region Group A,1
synthetic-00306,0.5849,0.0642,0.3471,12,0.6086,57,0.0396,0.711,,,0.0354,0.6944,0.6814,2,0.7193,0.5835,0.2509,0,58,0.9,Synthetic Region Group B,1
synthetic-00307,0.5021,0.1355,0.3643,12,0.436,54,0.0684,0.5449,0.3509,0.52,0.0628,0.4628,0.5745,6,0.5118,0.5053,0.424,5,45,1,Synthetic Region Group C,0
synthetic-00308,0.6286,0.1426,0.3207,7,0.6593,52,0.1276,,0.3039,0.5726,,,,,,,,,54,0.55,Synthetic Region Group D,0
synthetic-00309,0.858,0.0181,0.304,12,0.7729,67,0.0481,,0.2907,0.795,,0.8855,0.8658,0,0.8938,0.8147,0.225,0,69,0.9,Synthetic Region Group A,1
synthetic-00310,0.704,0.0377,0.3046,12,0.7268,60,0.0489,0.7231,0.3195,0.6704,0.0435,0.7289,,,0.7169,0.6853,0.2706,1,61,0.9,Synthetic Region Group B,1
synthetic-00311,0.5469,0.1038,0.4161,12,,,,0.4592,0.4288,0.4349,0.1309,0.5742,0.4206,7,0.4995,0.4293,0.3273,3,43,0.85,Synthetic Region Group C,0
synthetic-00312,0.6255,0.1056,0.2774,7,,,,0.5194,0.4229,0.6563,0.1155,0.499,0.5376,2,0.5564,0.5441,0.2961,3,54,0.85,Synthetic Region Group D,1
synthetic-00313,0.8271,0.0605,0.1923,12,0.8153,64,0.0301,,0.2155,0.8247,,0.7847,0.8101,1,0.757,0.8187,0.2197,0,67,0.9,Synthetic Region Group A,1
synthetic-00314,0.6132,0.1023,0.3987,12,0.7045,50,0.1122,0.5939,0.3609,0.6635,0.0672,0.6487,0.6912,3,0.685,0.7116,0.356,3,52,1,Synthetic Region Group B,1
synthetic-00315,0.5556,0.0696,0.408,12,0.5098,53,0.077,0.508,0.3938,0.4935,0.0555,0.5711,0.5134,5,0.53,0.4766,0.4364,4,45,1,Synthetic Region Group C,0
synthetic-00316,0.5807,0.0638,0.4115,7,0.613,57,0.0979,0.6551,,,0.0594,0.6047,,,0.601,0.5074,0.407,1,50,0.8,Synthetic Region Group D,1
synthetic-00317,0.7512,0.1134,0.282,12,0.766,64,0.0641,0.8889,0.2219,0.7892,0.0577,0.8309,0.8198,0,0.7519,0.8486,0.2465,0,70,1,Synthetic Region Group A,1
synthetic-00318,0.6674,0.0862,0.2908,12,0.6891,57,0.1049,0.7306,0.3786,0.6803,0.0411,0.7108,0.613,0,0.6513,0.719,0.4088,0,60,1,Synthetic Region Group B,1
synthetic-00319,0.5658,0.0668,0.313,12,0.5355,43,0.1359,0.5149,0.4527,0.5755,0.0957,0.4919,0.4779,7,0.4674,0.5137,0.4491,4,42,1,Synthetic Region Group C,0
synthetic-00320,0.6427,0.0938,0.3025,7,0.6321,46,0.1305,0.5232,0.2758,0.5437,0.1236,0.5783,,,0.6249,0.6064,0.4242,3,49,0.9,Synthetic Region Group D,1
synthetic-00321,0.7579,0.0525,0.2722,12,0.86,59,0.0665,0.7772,0.248,0.8323,0.0692,0.7855,0.8149,0,0.829,0.8606,0.3064,0,69,1,Synthetic Region Group A,1
synthetic-00322,0.723,0.084,0.2925,12,0.6387,55,0.1137,0.7311,0.2674,0.6882,0.0979,0.6163,0.6573,4,0.6116,0.6848,0.2996,0,59,1,Synthetic Region Group B,1
synthetic-00323,0.4433,0.1068,0.3619,12,0.5375,45,0.0936,0.4755,0.4242,0.5354,0.0856,0.4897,0.5415,7,0.5326,0.452,0.3259,2,51,1,Synthetic Region Group C,1
synthetic-00324,0.6074,0.0448,0.4112,7,0.6008,47,0.0443,0.5439,0.3268,0.5574,0.1159,0.6472,0.634,5,0.6534,0.5679,0.3265,1,50,1,Synthetic Region Group D,1
synthetic-00325,0.7555,0.0604,0.316,12,0.7398,58,0.0253,0.7437,0.3262,0.899,0.0716,0.7805,0.7921,0,0.8277,0.7623,0.312,0,62,1,Synthetic Region Group A,1
synthetic-00326,0.6396,0.1197,0.3365,12,0.579,61,0.0432,,0.251,0.7211,,0.6774,0.6764,4,0.6792,0.6593,0.3648,1,56,0.9,Synthetic Region Group B,1
synthetic-00327,0.4853,0.1392,0.3073,12,0.5514,51,0.1385,0.4903,0.4389,0.5232,0.1298,0.499,0.5416,4,0.5772,0.5245,0.3859,4,47,1,Synthetic Region Group C,1
synthetic-00328,0.5361,0.0829,0.3342,7,0.6462,47,0.0714,,0.3176,0.5494,,0.616,,,0.6098,0.6384,0.3116,3,54,0.8,Synthetic Region Group D,0
synthetic-00329,0.8023,0.0105,0.2955,12,0.8884,64,0.1004,0.8554,0.2195,0.8414,0.0129,0.8128,0.7564,0,0.8663,0.8148,0.2488,0,68,1,Synthetic Region Group A,1
synthetic-00330,0.672,0.05,0.3412,12,0.7323,59,0.0545,0.6577,0.3555,0.7042,0.0951,0.6211,0.7223,0,0.6404,0.5882,0.4025,1,53,1,Synthetic Region Group B,1
synthetic-00331,0.4442,0.0691,0.2956,12,0.4682,48,0.0913,0.522,0.3989,0.4851,0.0489,0.4265,0.553,7,0.5391,0.4542,0.3075,5,46,1,Synthetic Region Group C,0
synthetic-00332,0.5055,0.1165,0.2775,7,0.6249,48,0.1282,,0.3247,0.5557,,0.5252,,,0.6269,0.5087,0.3006,4,51,0.8,Synthetic Region Group D,0
synthetic-00333,0.8263,0.0512,0.2971,12,0.769,66,0.0944,0.8908,0.2653,0.7806,0.0725,0.8825,0.8046,0,0.8996,0.8401,0.2249,0,63,1,Synthetic Region Group A,1
synthetic-00334,0.654,0.034,0.3767,12,0.639,50,0.0524,0.7331,0.3132,0.7181,0.0371,0.7233,0.6606,0,0.5951,0.6821,0.2543,0,60,1,Synthetic Region Group B,1
synthetic-00335,0.4899,0.0601,0.392,12,0.45,54,0.0768,0.5157,0.3507,0.4665,0.113,0.4639,0.4806,6,0.5452,0.4542,0.4519,5,50,1,Synthetic Region Group C,0
synthetic-00336,0.6005,0.1364,0.3403,7,0.6016,48,0.0802,0.5414,,,0.0494,0.6042,,,0.5827,0.6606,0.4112,1,56,0.8,Synthetic Region Group D,0
synthetic-00337,0.8567,0.0656,0.2696,12,0.8273,60,0.0276,0.7957,0.2899,0.7417,0.04,0.7616,0.8469,0,0.7855,0.8195,0.2004,0,67,1,Synthetic Region Group A,1
synthetic-00338,0.5894,0.1271,0.3094,12,0.7062,54,0.0556,0.6986,0.3095,0.6422,0.0202,0.6974,0.6813,2,0.7183,0.6257,0.3917,2,60,1,Synthetic Region Group B,1
synthetic-00339,0.4516,0.1118,0.4471,12,0.5382,51,0.0504,0.4432,0.4499,0.4293,0.0871,0.5653,0.5643,3,0.5171,0.4346,0.3065,4,46,1,Synthetic Region Group C,1
synthetic-00340,0.5206,0.0545,0.3579,7,0.6354,57,0.0709,0.6033,,,0.0332,,0.659,1,,,,,57,0.65,Synthetic Region Group D,1
synthetic-00341,0.8693,0.0103,0.3334,12,,,,0.8781,0.3504,0.7837,0.0799,0.7695,0.8019,0,0.7774,0.8414,0.2445,0,70,0.85,Synthetic Region Group A,1
synthetic-00342,0.7336,0.0876,0.3198,12,0.7309,55,0.0536,0.602,0.2735,0.6153,0.0718,0.7391,0.6482,4,0.6743,0.647,0.3398,2,52,1,Synthetic Region Group B,1
synthetic-00343,0.5628,0.0808,0.331,12,0.5304,43,0.1153,0.5468,0.3774,0.4341,0.0672,0.4263,0.5588,8,0.4842,0.5076,0.3941,4,42,1,Synthetic Region Group C,0
synthetic-00344,0.5118,0.1414,0.3598,7,0.648,55,0.1118,,0.332,0.5507,,0.5222,,,0.4995,0.5944,0.293,4,56,0.8,Synthetic Region Group D,0
synthetic-00345,0.8375,0.1077,0.2782,12,0.7954,68,0.0287,0.8123,0.308,0.8045,0.0463,0.8012,0.7996,0,0.8515,0.8662,0.299,0,71,1,Synthetic Region Group A,1
synthetic-00346,0.6168,0.0431,0.3708,12,0.5979,56,0.0325,0.7071,0.3155,0.7273,0.0512,0.6993,0.5847,3,0.6426,0.6511,0.2821,0,56,1,Synthetic Region Group B,1
synthetic-00347,0.498,0.1499,0.4435,12,0.4293,53,0.1137,0.5454,0.3929,0.4993,0.1075,0.4549,0.5681,5,0.5798,0.4337,0.4376,5,46,1,Synthetic Region Group C,0
synthetic-00348,0.5878,0.0433,0.3496,7,0.5097,48,0.1238,,0.4184,0.536,,0.5227,0.5998,5,0.5295,0.5976,0.3406,0,54,0.9,Synthetic Region Group D,1
synthetic-00349,0.7678,0.0395,0.2767,12,0.7895,68,0.0134,0.7576,0.3184,0.8925,0.0836,0.8899,0.8195,0,0.868,0.8218,0.3519,0,62,1,Synthetic Region Group A,1
synthetic-00350,0.7156,0.1054,0.3158,12,0.5822,57,0.1107,0.7386,0.2998,0.6226,0.0399,0.6169,0.6815,2,0.6897,0.6736,0.2995,0,54,1,Synthetic Region Group B,1
synthetic-00351,0.5094,0.1234,0.3235,12,0.4369,42,0.0967,0.5192,0.362,0.4656,0.1037,0.5772,0.5513,6,0.4327,0.4263,0.4053,2,44,1,Synthetic Region Group C,0
synthetic-00352,0.5058,0.1507,0.4212,7,0.529,58,0.1231,,0.3411,0.6396,,0.6591,0.5965,1,0.5985,0.599,0.4081,0,50,0.9,Synthetic Region Group D,1
synthetic-00353,0.7396,0.0683,0.3423,12,0.7537,58,0.0247,0.7554,0.3455,0.8298,0.0946,0.8747,0.821,0,0.834,0.8537,0.2172,0,62,1,Synthetic Region Group A,1
synthetic-00354,0.5944,0.086,0.3735,12,0.7097,50,0.0398,0.6973,0.4073,0.5795,0.0795,0.7315,0.6905,0,0.6102,0.701,0.4074,1,59,1,Synthetic Region Group B,1
synthetic-00355,0.4869,0.1138,0.3478,12,0.546,48,0.09,0.4312,,,0.0518,0.4956,0.4544,7,0.449,0.5809,0.3209,5,46,0.9,Synthetic Region Group C,0
synthetic-00356,0.6412,0.0963,0.2949,7,0.5715,49,0.1241,0.5751,0.4235,0.5793,0.1182,,0.5656,1,,,,,48,0.75,Synthetic Region Group D,1
synthetic-00357,0.857,0.1156,0.2231,12,0.8968,65,0.0758,0.7439,0.2677,0.8515,0.019,0.8774,0.7563,0,0.7973,0.7881,0.3201,0,64,1,Synthetic Region Group A,1
synthetic-00358,0.6197,0.0431,0.3598,12,0.6352,61,0.0553,0.7252,0.2763,0.5866,0.0417,0.6235,0.7042,1,0.5984,0.6122,0.4021,0,60,1,Synthetic Region Group B,1
synthetic-00359,0.4863,0.0721,0.4382,12,0.4721,51,0.121,0.4231,0.4239,0.5503,0.1304,0.487,0.5592,5,0.4375,0.4749,0.4506,5,46,1,Synthetic Region Group C,0
synthetic-00360,0.6279,0.1047,0.3361,7,0.6001,52,0.0756,,0.4374,0.5055,,0.5899,0.5049,5,0.6556,0.6156,0.3575,0,54,0.9,Synthetic Region Group D,1
synthetic-00361,0.8135,0.0277,0.2584,12,0.7473,67,0.0592,0.8374,0.2593,0.8117,0.0345,0.7506,0.8724,0,0.7557,0.8489,0.3576,0,64,1,Synthetic Region Group A,1
synthetic-00362,0.726,0.1165,0.3072,12,0.6952,50,0.0489,0.7035,0.2742,0.6623,0.0151,0.6153,0.6266,1,0.6603,0.7122,0.3267,1,53,1,Synthetic Region Group B,1
synthetic-00363,0.4213,0.0587,0.3366,12,0.5205,48,0.13,0.5464,0.3556,0.5673,0.0803,0.5288,0.5669,4,0.559,0.4974,0.4132,4,45,1,Synthetic Region Group C,1
synthetic-00364,0.5915,0.1179,0.3293,7,0.6253,51,0.1213,,0.286,0.5518,,,0.6382,5,,,,,49,0.65,Synthetic Region Group D,0
synthetic-00365,0.7645,0.0777,0.3476,12,0.8941,61,0.066,0.7402,0.3177,0.7696,0.1024,0.8827,0.7808,0,0.781,0.8121,0.2464,0,64,1,Synthetic Region Group A,1
synthetic-00366,0.7081,0.0342,0.2972,12,0.5814,57,0.0801,0.7277,0.41,0.7279,0.1056,0.7304,,,0.5933,0.6512,0.3641,2,56,0.9,Synthetic Region Group B,1
synthetic-00367,0.5195,0.139,0.3937,12,0.5029,53,0.133,0.4433,,,0.1082,0.4658,0.4827,3,0.4998,0.5719,0.423,2,44,0.9,Synthetic Region Group C,1
synthetic-00368,0.6472,0.1452,0.3278,7,0.6267,47,0.0455,,0.2975,0.5981,,0.6134,0.5622,3,0.6269,0.598,0.412,0,51,0.9,Synthetic Region Group D,1
synthetic-00369,0.8489,0.0526,0.1893,12,0.8883,59,0.035,0.7943,0.2819,0.7928,0.0746,0.8505,0.8022,0,0.775,0.8994,0.2161,0,63,1,Synthetic Region Group A,1
synthetic-00370,0.7125,0.0956,0.2543,12,0.6538,61,0.0474,0.6087,0.4033,0.7315,0.0861,,0.5815,3,,,,,56,0.75,Synthetic Region Group B,1
synthetic-00371,0.5547,0.1009,0.3108,12,0.5481,45,0.1038,0.5329,0.3807,0.4833,0.1365,0.4723,0.5323,6,0.4864,0.5349,0.3682,2,45,1,Synthetic Region Group C,0
synthetic-00372,0.5822,0.0435,0.3404,7,,,,,0.3696,0.6443,,,,,,,,,48,0.4,Synthetic Region Group D,0
synthetic-00373,0.8026,0.0259,0.1968,12,0.8856,64,0.0692,0.7909,0.3327,0.7573,0.0419,0.7496,0.8139,0,0.8043,0.8957,0.2569,0,65,1,Synthetic Region Group A,1
synthetic-00374,0.6497,0.0631,0.36,12,0.6957,61,0.0458,0.588,0.2777,0.5964,0.12,0.6034,0.7267,4,0.6277,0.5935,0.2734,0,55,1,Synthetic Region Group B,1
synthetic-00375,0.4967,0.105,0.3771,12,0.4514,51,0.0808,0.5469,0.3428,0.4912,0.0753,0.5005,0.4992,7,0.5702,0.5243,0.3474,5,42,1,Synthetic Region Group C,0
synthetic-00376,,,,,0.6221,51,0.0876,0.591,0.4259,0.6463,0.0313,0.5231,,,0.5153,0.5603,0.3724,3,53,0.7,Synthetic Region Group D,0
synthetic-00377,0.8111,0.1,0.3473,12,0.7467,69,0.0539,0.8849,0.2176,0.8283,0.019,0.8153,0.8167,0,0.8336,0.7899,0.2657,0,69,1,Synthetic Region Group A,1
synthetic-00378,0.7285,0.0926,0.3531,12,0.7263,56,0.1044,0.7374,0.354,0.6418,0.1068,0.6069,0.7172,0,0.6423,0.7129,0.2881,1,55,1,Synthetic Region Group B,1
synthetic-00379,0.491,0.1579,0.3386,12,0.5485,42,0.1201,0.5206,0.3143,0.4819,0.1176,0.5524,0.5583,5,0.4412,0.4295,0.4091,4,51,1,Synthetic Region Group C,0
synthetic-00380,0.6073,0.0961,0.4166,7,0.5128,56,0.1034,0.5934,0.38,0.5165,0.1163,0.6309,0.5179,3,0.5908,0.6071,0.3931,3,53,1,Synthetic Region Group D,1
synthetic-00381,0.774,0.0593,0.214,12,,,,0.841,0.2465,0.8477,0.0848,0.8314,0.7874,0,0.8802,0.7402,0.2879,0,67,0.85,Synthetic Region Group A,1
synthetic-00382,0.6213,0.0536,0.2877,12,0.7037,62,0.0893,0.6885,0.3505,0.5945,0.0663,0.6723,,,0.6568,0.6289,0.3582,0,52,0.9,Synthetic Region Group B,1
synthetic-00383,0.5294,0.1329,0.4023,12,0.5655,51,0.052,0.5634,0.3923,0.572,0.0888,0.5021,0.4734,4,0.4944,0.452,0.3676,2,44,1,Synthetic Region Group C,1
synthetic-00384,0.573,0.046,0.3289,7,0.6595,54,0.0986,,0.3457,0.543,,0.6156,,,0.5732,0.658,0.319,4,49,0.8,Synthetic Region Group D,0
synthetic-00385,0.856,0.0629,0.3207,12,0.751,59,0.0983,0.8294,0.3247,0.8127,0.0912,0.829,0.8462,0,0.8307,0.861,0.3308,0,68,1,Synthetic Region Group A,1
synthetic-00386,0.6977,0.0348,0.3091,12,0.7403,54,0.0575,0.6297,0.3828,0.6472,0.1111,0.6143,0.7327,0,0.5909,0.7006,0.3747,3,55,1,Synthetic Region Group B,1
synthetic-00387,0.5689,0.0929,0.385,12,0.4372,45,0.1227,0.4468,0.3876,0.4646,0.1199,0.5373,0.5391,4,0.4969,0.5022,0.4176,5,48,1,Synthetic Region Group C,1
synthetic-00388,0.5738,0.146,0.2858,7,0.5238,51,0.1192,0.6177,0.3433,0.607,0.0276,0.5781,0.6086,5,0.5472,0.63,0.3687,0,54,1,Synthetic Region Group D,1
synthetic-00389,0.7563,0.0448,0.206,12,0.8172,62,0.0366,0.7943,,,0.0224,0.7726,0.8817,0,0.7439,0.7682,0.267,0,63,0.9,Synthetic Region Group A,1
synthetic-00390,0.6538,0.0544,0.3921,12,0.706,52,0.1111,0.6848,0.39,0.7238,0.0529,0.7107,,,0.6495,0.5886,0.4081,1,59,0.9,Synthetic Region Group B,1
synthetic-00391,0.5696,0.0622,0.3721,12,0.4673,44,0.1077,0.4316,0.4201,0.5576,0.058,0.4528,0.5477,8,0.4595,0.4623,0.3464,4,52,1,Synthetic Region Group C,0
synthetic-00392,0.5648,0.1301,0.4163,7,0.6371,51,0.0665,,0.358,0.5192,,0.5857,0.6562,3,0.655,0.5782,0.3816,2,51,0.9,Synthetic Region Group D,1
synthetic-00393,0.7506,0.1013,0.3116,12,0.8562,63,0.074,0.8323,0.3495,0.7793,0.0903,0.8453,0.7935,0,0.8105,0.8684,0.2972,0,66,1,Synthetic Region Group A,1
synthetic-00394,0.715,0.0978,0.2903,12,0.669,60,0.0775,0.5845,0.3916,0.7186,0.045,0.721,0.6779,2,0.6566,0.5962,0.2979,0,57,1,Synthetic Region Group B,1
synthetic-00395,0.4396,0.0806,0.4318,12,0.5426,43,0.1442,0.4545,0.3682,0.5267,0.1276,0.4373,0.5586,3,0.4257,0.4739,0.3937,3,50,1,Synthetic Region Group C,1
synthetic-00396,0.5138,0.1337,0.3126,7,0.6352,49,0.0651,0.5096,0.2781,0.5656,0.0471,0.5281,0.5359,6,0.6255,0.5558,0.3351,1,51,1,Synthetic Region Group D,1
synthetic-00397,0.8077,0.1052,0.3203,12,0.8377,69,0.023,0.7619,0.3002,0.7909,0.0312,0.8046,0.8236,0,0.9001,0.8864,0.3484,0,64,1,Synthetic Region Group A,1
synthetic-00398,0.5967,0.0713,0.3425,12,0.6395,58,0.0857,0.6137,,,0.1195,0.7336,0.6956,4,0.6619,0.5997,0.3015,0,60,0.9,Synthetic Region Group B,1
synthetic-00399,0.5071,0.099,0.427,12,0.4454,49,0.1301,0.5405,0.3769,0.486,0.0453,0.5202,0.5363,5,0.4981,0.5495,0.4097,2,46,1,Synthetic Region Group C,1
synthetic-00400,0.5134,0.128,0.3857,7,0.5718,56,0.0916,0.5725,,,0.0256,0.6193,,,0.6262,0.6013,0.3215,3,52,0.8,Synthetic Region Group D,0
synthetic-00401,0.7962,0.0144,0.1922,12,0.8606,68,0.0715,0.7896,0.3239,0.7731,0.0518,0.8368,0.8039,0,0.7995,0.7843,0.275,0,65,1,Synthetic Region Group A,1
synthetic-00402,0.6462,0.0401,0.3939,12,,,,0.583,0.3728,0.6201,0.0619,0.7342,0.6876,1,0.6119,0.5986,0.2523,0,61,0.85,Synthetic Region Group B,1
synthetic-00403,0.515,0.0626,0.3217,12,0.4768,45,0.1159,0.4201,0.3616,0.4495,0.0411,0.5387,0.4623,7,0.4317,0.4945,0.3862,4,45,1,Synthetic Region Group C,0
synthetic-00404,0.6178,0.1424,0.3279,7,0.6399,56,0.0631,,0.4114,0.6177,,0.6334,,,0.6079,0.6556,0.3971,3,54,0.8,Synthetic Region Group D,1
synthetic-00405,0.8465,0.0732,0.2035,12,0.7865,67,0.0298,0.7613,0.2073,0.8641,0.0195,0.8535,0.8959,0,0.7744,0.7534,0.2962,0,66,1,Synthetic Region Group A,1
synthetic-00406,0.7209,0.0351,0.3294,12,0.7036,61,0.0778,0.5954,,,0.0689,0.7315,0.7354,1,0.579,0.6672,0.3948,1,59,0.9,Synthetic Region Group B,1
synthetic-00407,0.4474,0.1254,0.4324,12,0.4199,45,0.1416,0.5228,,,0.1234,0.4382,0.4223,6,0.4564,0.5444,0.3486,4,51,0.9,Synthetic Region Group C,0
synthetic-00408,0.6357,0.0893,0.4069,7,0.6444,56,0.1082,0.5852,,,0.1086,0.6221,0.6128,3,0.5391,0.6172,0.3669,4,51,0.9,Synthetic Region Group D,1
synthetic-00409,0.8332,0.0727,0.2946,12,0.8583,69,0.0849,0.7672,0.2837,0.8112,0.0531,0.8435,0.8723,0,0.7472,0.8613,0.3265,0,70,1,Synthetic Region Group A,1
synthetic-00410,0.7368,0.1218,0.3539,12,0.7038,61,0.0889,0.7013,0.2682,0.6695,0.0962,0.6181,0.5946,1,0.5845,0.6418,0.2496,1,53,1,Synthetic Region Group B,1
synthetic-00411,0.4542,0.0709,0.3962,12,0.5616,54,0.1185,0.5305,0.4381,0.4654,0.0476,0.4972,0.5387,7,0.4841,0.5786,0.3366,2,49,1,Synthetic Region Group C,0
synthetic-00412,,,,,0.5076,46,0.0789,,,,,0.6582,,,0.5698,0.5895,0.4124,3,48,0.5,Synthetic Region Group D,0
synthetic-00413,0.8758,0.0215,0.3183,12,0.8866,59,0.0141,0.7958,0.2948,0.7721,0.068,0.7947,0.7507,1,0.8785,0.8527,0.2615,0,66,1,Synthetic Region Group A,1
synthetic-00414,0.7087,0.0467,0.3181,12,0.7376,56,0.0987,0.622,0.2547,0.6015,0.051,0.7235,0.6154,4,0.7153,0.7338,0.3936,0,52,1,Synthetic Region Group B,1
synthetic-00415,0.428,0.0713,0.3937,12,0.5187,45,0.1161,0.5315,0.4137,0.5331,0.1154,0.4957,0.468,3,0.4409,0.5633,0.3707,3,50,1,Synthetic Region Group C,0
synthetic-00416,,,,,0.5492,56,0.0464,,,,,0.5053,0.5253,5,0.6539,0.5489,0.3162,1,56,0.6,Synthetic Region Group D,1
synthetic-00417,0.7736,0.0481,0.3319,12,0.8517,63,0.0275,0.7799,0.1973,0.8203,0.0611,0.876,0.7669,0,0.7915,0.8904,0.258,0,66,1,Synthetic Region Group A,1
synthetic-00418,0.7066,0.0946,0.3594,12,0.7117,51,0.123,0.7115,0.292,0.5934,0.0967,0.6945,0.6577,1,0.7235,0.6355,0.3563,0,55,1,Synthetic Region Group B,1
synthetic-00419,0.5111,0.1595,0.3937,12,0.443,43,0.0861,0.507,0.4526,0.4429,0.07,0.5529,,,0.4565,0.5232,0.3588,3,47,0.9,Synthetic Region Group C,0
synthetic-00420,0.5815,0.0948,0.4139,7,0.5384,47,0.0433,,,,,0.6171,,,0.5358,0.5116,0.3109,1,49,0.7,Synthetic Region Group D,0
synthetic-00421,0.7839,0.0687,0.2481,12,0.7661,67,0.0972,0.9008,0.2524,0.8144,0.0095,0.7826,0.7514,0,0.8152,0.8577,0.3326,0,64,1,Synthetic Region Group A,1
synthetic-00422,0.5952,0.128,0.245,12,0.6971,61,0.0688,0.7315,0.3134,0.5969,0.0439,0.6737,0.664,0,0.618,0.6389,0.2982,0,54,1,Synthetic Region Group B,1
synthetic-00423,0.556,0.1216,0.3371,12,0.4386,46,0.1376,,0.4448,0.5444,,0.4366,0.4324,5,0.4202,0.5448,0.3565,5,47,0.9,Synthetic Region Group C,0
synthetic-00424,0.6252,0.0979,0.3517,7,,,,0.586,0.4347,0.51,0.0479,0.5536,0.5272,3,0.5503,0.5623,0.3054,1,47,0.85,Synthetic Region Group D,1
synthetic-00425,0.8102,0.0138,0.3363,12,0.8214,68,0.0936,0.7542,0.3389,0.744,0.0054,0.844,0.7766,0,0.7409,0.8328,0.2025,0,65,1,Synthetic Region Group A,1
synthetic-00426,0.7022,0.0437,0.311,12,0.7397,61,0.1066,0.7295,0.3963,0.7041,0.0237,0.7212,0.5858,2,0.639,0.623,0.2822,1,58,1,Synthetic Region Group B,1
synthetic-00427,0.4611,0.1301,0.4051,12,0.4649,46,0.1049,0.4529,0.3244,0.5423,0.0429,0.4415,,,0.4265,0.5225,0.3322,4,46,0.9,Synthetic Region Group C,0
synthetic-00428,0.5674,0.0447,0.3407,7,0.6573,51,0.1205,0.6281,0.3462,0.5907,0.0706,0.6409,0.5011,1,0.5316,0.6377,0.4165,1,57,1,Synthetic Region Group D,1
synthetic-00429,0.8288,0.1098,0.3397,12,0.8312,57,0.0834,0.7811,0.32,0.7667,0.0758,0.8676,0.8357,1,0.8645,0.8954,0.3078,0,68,1,Synthetic Region Group A,1
synthetic-00430,0.624,0.042,0.2854,12,0.6549,53,0.0994,0.5969,0.3207,0.6613,0.1139,0.6245,,,0.5954,0.6424,0.2779,1,56,0.9,Synthetic Region Group B,1
synthetic-00431,0.4416,0.0932,0.3541,12,,,,0.4276,0.3305,0.4674,0.1072,0.5776,,,0.555,0.5422,0.3065,4,46,0.75,Synthetic Region Group C,0
synthetic-00432,,,,,0.627,57,0.1138,,0.3208,0.564,,0.545,,,0.5229,0.5508,0.2783,4,50,0.6,Synthetic Region Group D,0
synthetic-00433,0.7508,0.0922,0.2956,12,0.8356,65,0.0661,0.786,0.2656,0.8796,0.0996,0.8512,0.7541,0,0.8328,0.8004,0.2183,0,65,1,Synthetic Region Group A,1
synthetic-00434,0.6797,0.1073,0.3151,12,0.6053,51,0.118,0.6626,,,0.0651,0.6117,0.7323,0,0.6272,0.7342,0.2939,0,53,0.9,Synthetic Region Group B,1
synthetic-00435,0.5132,0.1393,0.3388,12,0.4262,44,0.1036,0.4375,0.3178,0.5207,0.1342,0.4619,0.5104,5,0.5279,0.512,0.4041,4,46,1,Synthetic Region Group C,1
synthetic-00436,0.6515,0.0733,0.2985,7,0.5027,50,0.0762,0.6348,,,0.121,0.6207,0.5134,6,0.5578,0.566,0.3717,3,52,0.9,Synthetic Region Group D,0
synthetic-00437,0.8786,0.0446,0.3316,12,0.8861,61,0.0232,0.7769,0.2893,0.8811,0.0003,0.838,0.7423,0,0.8389,0.7432,0.3144,0,69,1,Synthetic Region Group A,1
synthetic-00438,0.6598,0.0911,0.3308,12,0.5916,61,0.0418,0.616,0.3555,0.6112,0.0877,0.6817,0.6802,1,0.6129,0.5934,0.2857,0,53,1,Synthetic Region Group B,1
synthetic-00439,0.4491,0.0798,0.3328,12,0.5059,42,0.1416,0.4522,0.3048,0.4786,0.0945,0.5015,0.4434,4,0.4273,0.4213,0.4453,4,44,1,Synthetic Region Group C,0
synthetic-00440,0.511,0.0803,0.3504,7,0.5899,58,0.0757,,0.3457,0.5369,,0.5867,0.6582,2,0.5098,0.5141,0.333,3,50,0.9,Synthetic Region Group D,1
synthetic-00441,0.7948,0.0467,0.2434,12,0.8968,69,0.0278,0.8714,0.3039,0.7832,0.0189,0.8665,0.8003,0,0.7964,0.7581,0.2715,0,66,1,Synthetic Region Group A,1
synthetic-00442,0.5923,0.1164,0.2569,12,0.6006,55,0.0938,0.7029,0.3009,0.5905,0.1066,0.732,0.6938,0,0.5896,0.7037,0.2795,1,59,1,Synthetic Region Group B,1
synthetic-00443,0.5631,0.1245,0.3665,12,0.5682,49,0.1427,,,,,0.4524,0.5228,3,0.5649,0.5021,0.3489,4,52,0.8,Synthetic Region Group C,1
synthetic-00444,0.5871,0.0851,0.3136,7,0.5301,55,0.0502,,,,,,0.6015,6,,,,,48,0.55,Synthetic Region Group D,0
synthetic-00445,0.8222,0.0908,0.3279,12,0.8298,63,0.0995,0.8364,0.2295,0.8522,0.025,0.7497,0.7878,0,0.8218,0.8459,0.2319,0,69,1,Synthetic Region Group A,1
synthetic-00446,0.6946,0.0572,0.3264,12,0.6874,60,0.0422,0.6667,0.3498,0.5951,0.1148,0.7317,0.7356,1,0.6598,0.5862,0.2751,0,61,1,Synthetic Region Group B,1
synthetic-00447,0.5273,0.0636,0.3589,12,0.424,47,0.1315,0.5787,0.3252,0.5357,0.1215,0.5682,0.4649,3,0.535,0.5036,0.3657,2,51,1,Synthetic Region Group C,1
synthetic-00448,0.6204,0.1416,0.3052,7,0.6045,54,0.0742,,0.2767,0.5037,,,,,,,,,56,0.55,Synthetic Region Group D,0
synthetic-00449,0.7581,0.0533,0.3159,12,0.7743,65,0.0171,0.8207,0.3525,0.856,0.0882,0.8126,0.8562,0,0.8534,0.8803,0.3394,0,65,1,Synthetic Region Group A,1
synthetic-00450,0.5878,0.1207,0.3634,12,0.6912,60,0.0812,,0.287,0.6759,,0.6554,0.7227,4,0.5899,0.6025,0.3611,2,53,0.9,Synthetic Region Group B,1
synthetic-00451,0.4289,0.149,0.4051,12,0.5177,42,0.092,0.4318,0.3611,0.487,0.0411,0.5247,0.5426,5,0.5148,0.4878,0.4258,2,43,1,Synthetic Region Group C,0
synthetic-00452,0.6348,0.1285,0.2895,7,0.5427,47,0.0913,0.5314,0.3037,0.5709,0.0872,0.5418,0.6154,1,0.5687,0.619,0.3613,0,56,1,Synthetic Region Group D,1
synthetic-00453,0.8529,0.059,0.2294,12,0.8818,63,0.0278,0.7913,0.3032,0.8579,0.0887,0.8202,0.8202,0,0.829,0.7976,0.2265,0,70,1,Synthetic Region Group A,1
synthetic-00454,0.6861,0.118,0.3765,12,0.5941,52,0.0668,0.6301,0.3535,0.6556,0.0729,0.6073,0.6103,4,0.6108,0.674,0.249,0,54,1,Synthetic Region Group B,1
synthetic-00455,0.5027,0.1149,0.3602,12,0.5537,45,0.1081,0.4352,0.4096,0.4947,0.1204,0.4765,0.4579,4,0.4423,0.4577,0.3377,4,45,1,Synthetic Region Group C,0
synthetic-00456,0.5538,0.1353,0.3467,7,0.5915,52,0.0998,,0.4257,0.5218,,0.6129,0.5985,1,0.6601,0.5642,0.3578,2,53,0.9,Synthetic Region Group D,1
synthetic-00457,0.789,0.0631,0.3092,12,0.857,61,0.0256,0.8519,,,0.0096,0.8754,0.7418,0,0.8776,0.7984,0.2109,0,68,0.9,Synthetic Region Group A,1
synthetic-00458,0.7034,0.1084,0.2416,12,0.7269,51,0.0956,0.6649,0.2679,0.6695,0.0396,0.6628,0.6561,2,0.6011,0.5965,0.3356,3,61,1,Synthetic Region Group B,1
synthetic-00459,0.4927,0.0869,0.4152,12,0.4559,50,0.0731,0.5533,0.3992,0.519,0.1317,0.4951,0.4505,5,0.5003,0.4779,0.3166,2,44,1,Synthetic Region Group C,0
synthetic-00460,0.5055,0.0714,0.3234,7,0.5361,49,0.1346,,,,,0.5636,,,0.5643,0.5713,0.3246,2,52,0.7,Synthetic Region Group D,0
synthetic-00461,0.74,0.1123,0.2878,12,0.819,58,0.0342,0.8354,0.2509,0.8982,0.0506,0.8007,0.799,0,0.8074,0.86,0.2334,0,69,1,Synthetic Region Group A,1
synthetic-00462,0.6593,0.0392,0.3131,12,0.661,58,0.0472,0.7223,0.3097,0.6389,0.1057,0.6357,,,0.6895,0.7392,0.4057,2,52,0.9,Synthetic Region Group B,1
synthetic-00463,0.4538,0.1046,0.3663,12,0.4895,46,0.0896,0.5216,0.4393,0.5066,0.064,0.4538,0.4673,6,0.5113,0.5658,0.3093,5,44,1,Synthetic Region Group C,0
synthetic-00464,0.5351,0.0596,0.387,7,0.4995,58,0.1176,,0.2889,0.6424,,0.5466,0.5983,4,0.5221,0.5942,0.3062,1,54,0.9,Synthetic Region Group D,1
synthetic-00465,0.7495,0.0639,0.2542,12,0.836,67,0.1032,0.855,0.2049,0.8632,0.0044,0.8417,0.8251,0,0.776,0.863,0.3552,0,61,1,Synthetic Region Group A,1
synthetic-00466,0.6849,0.0699,0.2457,12,0.6781,60,0.0538,0.6548,0.3012,0.6765,0.0918,0.6852,0.6941,1,0.6485,0.7365,0.2572,1,56,1,Synthetic Region Group B,1
synthetic-00467,0.4821,0.1322,0.4543,12,0.4667,50,0.0794,0.5251,0.3366,0.4955,0.1045,0.4307,0.5458,6,0.5781,0.5234,0.3689,2,50,1,Synthetic Region Group C,1
synthetic-00468,0.6571,0.1046,0.3355,7,0.5488,55,0.0819,,0.316,0.6401,,0.5664,0.5072,5,0.6533,0.6046,0.4,3,55,0.9,Synthetic Region Group D,1
synthetic-00469,0.7504,0.0225,0.2725,12,0.7978,67,0.0597,0.8822,0.2685,0.8899,0.0144,0.8551,0.8958,0,0.7671,0.7581,0.2314,0,71,1,Synthetic Region Group A,1
synthetic-00470,0.6194,0.0901,0.2658,12,0.6305,57,0.1099,0.6004,0.2745,0.5809,0.0797,,0.7289,2,,,,,59,0.75,Synthetic Region Group B,1
synthetic-00471,0.5483,0.1345,0.3186,12,0.4651,47,0.0905,0.579,0.3701,0.4462,0.0595,0.5047,0.5107,2,0.5264,0.5564,0.3224,4,48,1,Synthetic Region Group C,1
synthetic-00472,0.6157,0.1449,0.3787,7,0.6235,53,0.0847,0.5851,0.3252,0.5093,0.081,,,,,,,,47,0.65,Synthetic Region Group D,0
synthetic-00473,0.8456,0.0775,0.2401,12,0.7736,63,0.0885,0.7576,0.2169,0.7971,0.0172,0.8629,0.7528,0,0.8535,0.7779,0.258,0,68,1,Synthetic Region Group A,1
synthetic-00474,0.6788,0.0981,0.3577,12,0.6865,54,0.0305,0.7315,0.324,0.6279,0.0862,0.6895,0.6195,0,0.6611,0.6464,0.3342,1,59,1,Synthetic Region Group B,1
synthetic-00475,0.4742,0.0838,0.3008,12,0.5793,49,0.1072,0.4916,0.3608,0.5718,0.1269,0.5601,,,0.5542,0.5736,0.424,4,43,0.9,Synthetic Region Group C,0
synthetic-00476,0.552,0.0913,0.4272,7,0.5348,48,0.048,0.5861,,,0.0282,,,,,,,,50,0.55,Synthetic Region Group D,0
synthetic-00477,0.8211,0.0947,0.2524,12,0.7471,63,0.085,,0.3421,0.8577,,0.7591,0.8325,1,0.8075,0.7989,0.2691,0,67,0.9,Synthetic Region Group A,1
synthetic-00478,0.6378,0.0955,0.3731,12,0.7053,61,0.1129,0.6234,0.2958,0.5883,0.1032,0.7212,0.6672,0,0.5941,0.6281,0.2637,1,59,1,Synthetic Region Group B,1
synthetic-00479,0.5568,0.0744,0.3922,12,0.5391,42,0.1342,0.4203,,,0.0527,0.455,0.5204,7,0.4328,0.5058,0.3393,6,48,0.9,Synthetic Region Group C,0
synthetic-00480,0.5412,0.1307,0.326,7,0.61,54,0.0867,0.6422,0.4034,0.6048,0.0918,0.6415,,,0.5127,0.543,0.4352,4,49,0.9,Synthetic Region Group D,0
synthetic-00481,0.7425,0.061,0.1944,12,,,,0.7902,0.2997,0.8551,0.0534,0.8324,0.7741,0,0.8405,0.8658,0.2694,0,62,0.85,Synthetic Region Group A,1
synthetic-00482,0.6752,0.0388,0.247,12,0.7167,52,0.0482,0.7125,0.3847,0.5812,0.026,0.7406,0.5856,2,0.7125,0.662,0.2634,2,54,1,Synthetic Region Group B,1
synthetic-00483,0.565,0.0584,0.3363,12,0.5294,48,0.1121,0.5037,0.4325,0.4211,0.0899,0.5536,0.5144,7,0.5377,0.4225,0.3337,3,52,1,Synthetic Region Group C,0
synthetic-00484,0.6194,0.0636,0.4153,7,0.5485,54,0.1325,0.5193,,,0.0322,0.6553,0.624,4,0.6011,0.5733,0.4098,1,52,0.9,Synthetic Region Group D,1
synthetic-00485,0.8896,0.1156,0.2185,12,0.8153,67,0.0862,0.7477,0.2759,0.865,0.0922,0.8978,,,0.8315,0.8094,0.2274,0,63,0.9,Synthetic Region Group A,1
synthetic-00486,0.6566,0.1056,0.2817,12,0.681,51,0.0858,0.7066,0.331,0.645,0.0909,0.7391,0.6983,1,0.6617,0.6498,0.3543,3,61,1,Synthetic Region Group B,1
synthetic-00487,0.529,0.1593,0.3873,12,0.4232,48,0.0733,0.5124,0.4435,0.4499,0.1381,0.5779,0.575,4,0.5083,0.4742,0.3692,2,42,1,Synthetic Region Group C,1
synthetic-00488,0.5222,0.0782,0.4263,7,0.5974,56,0.0878,0.5181,,,0.1176,0.5233,,,0.576,0.5914,0.3698,0,55,0.8,Synthetic Region Group D,0
synthetic-00489,0.8955,0.0732,0.3268,12,0.8095,61,0.0668,0.7741,0.2642,0.8366,0.0798,0.8238,0.8547,1,0.9009,0.7518,0.2851,0,64,1,Synthetic Region Group A,1
synthetic-00490,0.6833,0.0732,0.3061,12,0.6414,59,0.0702,0.6058,0.366,0.7205,0.0416,0.7138,0.6293,3,0.6102,0.5942,0.3087,2,61,1,Synthetic Region Group B,1
synthetic-00491,0.4835,0.1414,0.4349,12,0.4664,51,0.1216,0.4581,0.3851,0.545,0.0848,0.4522,0.5343,3,0.4546,0.5298,0.369,2,50,1,Synthetic Region Group C,1
synthetic-00492,0.5512,0.0587,0.3443,7,0.5154,57,0.1276,,0.3752,0.6088,,0.5627,0.5846,6,0.6029,0.6461,0.3592,4,55,0.9,Synthetic Region Group D,1
synthetic-00493,0.7507,0.0717,0.2496,12,0.7611,65,0.0691,0.7618,0.3418,0.8928,0.1001,0.816,0.7455,0,0.8501,0.7981,0.2776,0,66,1,Synthetic Region Group A,1
synthetic-00494,0.627,0.0486,0.3077,12,0.6309,54,0.0572,,0.3245,0.6918,,0.6452,0.6295,4,0.7358,0.6386,0.2684,0,54,0.9,Synthetic Region Group B,1
synthetic-00495,0.5368,0.0845,0.3983,12,0.5709,46,0.0759,0.5432,0.4536,0.4209,0.0679,0.4829,0.5627,7,0.5147,0.5083,0.405,4,44,1,Synthetic Region Group C,0
synthetic-00496,0.5176,0.1296,0.2745,7,0.5929,50,0.05,,0.2777,0.5094,,0.5442,0.6313,1,0.6169,0.6067,0.3854,2,52,0.9,Synthetic Region Group D,1
synthetic-00497,0.7508,0.0529,0.3469,12,0.8489,64,0.0163,,0.2203,0.817,,0.8824,0.8471,0,0.7739,0.8586,0.327,0,70,0.9,Synthetic Region Group A,1
synthetic-00498,0.709,0.0399,0.3696,12,0.6098,60,0.0335,0.6488,0.3385,0.7176,0.1025,0.5836,0.6148,4,0.7098,0.6968,0.3031,3,54,1,Synthetic Region Group B,1
synthetic-00499,0.45,0.1475,0.3807,12,0.4608,46,0.0612,0.4293,0.3486,0.5263,0.0534,0.4335,0.4397,3,0.5803,0.4545,0.3859,5,43,1,Synthetic Region Group C,0
synthetic-00500,,,,,0.6442,53,0.0903,,,,,0.581,0.6457,3,0.5822,0.5159,0.3917,3,53,0.6,Synthetic Region Group D,1
synthetic-00501,0.8454,0.0684,0.1926,12,0.7609,61,0.036,0.8642,0.3361,0.8929,0.033,0.7697,0.7516,0,0.8045,0.7838,0.353,0,61,1,Synthetic Region Group A,1
synthetic-00502,0.5961,0.1297,0.4005,12,0.7238,61,0.0834,0.6064,0.3695,0.6785,0.0386,0.678,0.6348,3,0.6688,0.6979,0.3813,0,60,1,Synthetic Region Group B,1
synthetic-00503,0.4272,0.0929,0.3423,12,0.4502,53,0.1314,0.5246,0.3441,0.557,0.042,0.5054,0.5516,3,0.5643,0.5754,0.4419,2,43,1,Synthetic Region Group C,1
synthetic-00504,0.5051,0.0745,0.3227,7,0.627,55,0.1198,,0.3973,0.6413,,0.5483,,,0.5178,0.6461,0.3307,2,51,0.8,Synthetic Region Group D,0
synthetic-00505,0.7715,0.0683,0.2714,12,0.8867,69,0.0361,0.8268,0.2226,0.7649,0.0244,0.8406,,,0.8943,0.8386,0.3469,0,62,0.9,Synthetic Region Group A,1
synthetic-00506,0.637,0.0666,0.3519,12,0.6674,53,0.1121,0.7214,0.3798,0.6556,0.0208,0.6825,0.6015,3,0.7316,0.6975,0.3266,2,57,1,Synthetic Region Group B,1
synthetic-00507,0.4197,0.1148,0.3213,12,0.4742,48,0.0633,0.4474,0.3433,0.4956,0.0715,0.487,0.4231,7,0.4363,0.4813,0.4558,5,51,1,Synthetic Region Group C,0
synthetic-00508,,,,,0.6455,53,0.0658,,0.3523,0.5996,,,0.5256,4,,,,,56,0.45,Synthetic Region Group D,0
synthetic-00509,0.7459,0.0281,0.3348,12,0.8997,58,0.0125,0.7719,0.2101,0.7497,0.0535,0.7546,0.743,1,0.8082,0.8152,0.248,0,63,1,Synthetic Region Group A,1
synthetic-00510,0.6215,0.0967,0.3782,12,0.7078,58,0.1114,0.6411,0.3181,0.7316,0.0774,0.6823,0.6706,0,0.6996,0.5956,0.3528,0,56,1,Synthetic Region Group B,1
synthetic-00511,0.4397,0.0837,0.3501,12,0.4977,52,0.0631,,,,,0.4511,0.4761,6,0.5129,0.464,0.3069,5,46,0.8,Synthetic Region Group C,0
synthetic-00512,0.5646,0.1184,0.3788,7,0.4994,47,0.0586,,0.3757,0.5293,,0.5205,0.5797,3,0.6349,0.5264,0.3858,4,53,0.9,Synthetic Region Group D,1
synthetic-00513,0.7702,0.106,0.2459,12,0.8595,67,0.0467,0.7417,0.3549,0.756,0.0595,0.8827,0.7949,0,0.8436,0.7636,0.321,0,62,1,Synthetic Region Group A,1
synthetic-00514,0.6652,0.0884,0.3306,12,0.7069,60,0.123,0.7325,0.3305,0.6501,0.1004,0.6578,0.5945,2,0.592,0.589,0.2782,1,60,1,Synthetic Region Group B,1
synthetic-00515,0.4855,0.0732,0.3047,12,0.4402,50,0.0596,0.5489,0.3895,0.5289,0.0485,0.5172,0.5352,7,0.4699,0.4981,0.422,3,50,1,Synthetic Region Group C,0
synthetic-00516,0.6131,0.0608,0.4025,7,0.5113,55,0.0507,0.6427,,,0.0733,0.5878,,,0.6485,0.5379,0.3315,1,52,0.8,Synthetic Region Group D,0
synthetic-00517,0.7936,0.0678,0.304,12,0.7726,67,0.0971,0.8697,0.2299,0.8909,0.0903,0.8793,0.7607,0,0.9004,0.8593,0.3303,0,63,1,Synthetic Region Group A,1
synthetic-00518,0.646,0.0736,0.2837,12,0.5878,57,0.0943,0.6643,0.2584,0.6477,0.0181,0.6401,0.6936,4,0.6648,0.7256,0.3045,1,56,1,Synthetic Region Group B,1
synthetic-00519,0.4359,0.061,0.341,12,0.4482,51,0.1385,0.4657,0.3144,0.424,0.0801,0.4204,0.4959,3,0.4607,0.5051,0.3405,4,51,1,Synthetic Region Group C,0
synthetic-00520,,,,,0.5404,50,0.0466,0.6044,,,0.084,0.514,,,0.6149,0.6296,0.366,0,53,0.6,Synthetic Region Group D,0
synthetic-00521,0.8595,0.0925,0.3468,12,,,,0.7533,0.3396,0.8185,0.0983,0.8404,0.8441,0,0.7883,0.7827,0.3301,0,70,0.85,Synthetic Region Group A,1
synthetic-00522,0.6481,0.1157,0.3426,12,0.6877,58,0.1201,,0.2688,0.7081,,0.6707,0.6165,1,0.7244,0.6511,0.3916,0,61,0.9,Synthetic Region Group B,1
synthetic-00523,0.5016,0.1114,0.4259,12,0.5144,43,0.0642,0.5225,0.3578,0.5202,0.0905,0.5572,0.4936,7,0.4555,0.5097,0.3448,4,45,1,Synthetic Region Group C,0
synthetic-00524,0.66,0.0712,0.3407,7,0.6575,50,0.0793,,,,,0.5181,0.5617,2,0.6555,0.6227,0.3501,1,54,0.8,Synthetic Region Group D,1
synthetic-00525,0.8302,0.0777,0.3298,12,0.7798,67,0.0154,0.7788,0.1957,0.7396,0.0833,0.8216,0.8099,0,0.8967,0.827,0.3156,0,65,1,Synthetic Region Group A,1
synthetic-00526,0.605,0.1308,0.31,12,0.6231,54,0.0405,0.6006,,,0.0514,,,,,,,,53,0.55,Synthetic Region Group B,0
synthetic-00527,0.432,0.1577,0.4179,12,0.4792,52,0.0736,0.5363,0.458,0.4476,0.1297,0.4876,0.4281,4,0.5378,0.5069,0.4224,3,50,1,Synthetic Region Group C,0
synthetic-00528,0.5227,0.0467,0.3371,7,0.6336,57,0.0838,0.559,,,0.079,0.5668,,,0.6427,0.5837,0.2782,0,54,0.8,Synthetic Region Group D,0
synthetic-00529,0.8256,0.0309,0.2508,12,0.7653,58,0.0821,0.8636,0.2191,0.8261,0.0683,0.7775,0.7576,0,0.8375,0.8383,0.2961,0,63,1,Synthetic Region Group A,1
synthetic-00530,0.6604,0.064,0.2884,12,0.6798,57,0.1019,0.6637,0.3319,0.6029,0.0352,0.6274,0.5875,1,0.7055,0.7066,0.268,3,57,1,Synthetic Region Group B,1
synthetic-00531,0.4747,0.0583,0.4399,12,0.5291,50,0.0985,0.4325,0.369,0.4799,0.0389,0.4208,0.519,3,0.5541,0.5369,0.3292,5,45,1,Synthetic Region Group C,1
synthetic-00532,0.5325,0.1062,0.3333,7,0.5091,51,0.1151,,,,,0.5433,,,0.6187,0.5019,0.4286,3,50,0.7,Synthetic Region Group D,0
synthetic-00533,0.8134,0.0734,0.2449,12,0.8328,64,0.0707,0.7557,0.2785,0.8114,0.0004,0.8985,0.8681,0,0.876,0.8931,0.3086,0,69,1,Synthetic Region Group A,1
synthetic-00534,0.7183,0.0925,0.3995,12,0.6993,57,0.0433,,0.2511,0.7023,,0.6801,0.6782,1,0.6455,0.621,0.2856,1,57,0.9,Synthetic Region Group B,1
synthetic-00535,0.5268,0.0591,0.3598,12,0.4423,51,0.0561,0.5075,0.4207,0.4815,0.0899,0.5136,0.5076,4,0.5568,0.48,0.3436,2,49,1,Synthetic Region Group C,1
synthetic-00536,0.5007,0.1076,0.2872,7,0.5761,55,0.1269,,,,,0.5862,,,0.5658,0.5354,0.3569,3,54,0.7,Synthetic Region Group D,0
synthetic-00537,0.8026,0.0186,0.2891,12,0.7789,68,0.0833,0.7417,0.201,0.7691,0.0941,0.7493,0.8501,0,0.8647,0.7424,0.1999,0,66,1,Synthetic Region Group A,1
synthetic-00538,0.6588,0.0923,0.3775,12,0.6661,58,0.0395,0.6622,,,0.0677,0.6208,,,0.7108,0.6249,0.3199,0,53,0.8,Synthetic Region Group B,1
synthetic-00539,0.4964,0.0783,0.3168,12,0.4583,51,0.0608,0.5317,0.3973,0.4832,0.0568,0.5642,0.4782,4,0.5504,0.4865,0.3558,1,50,1,Synthetic Region Group C,1
synthetic-00540,0.5827,0.1023,0.4259,7,0.5281,54,0.0433,,0.2913,0.5555,,0.5544,,,0.649,0.5502,0.4298,4,54,0.8,Synthetic Region Group D,0
synthetic-00541,0.8082,0.0815,0.2934,12,0.792,63,0.0962,0.8052,0.198,0.7473,0.1017,0.7548,,,0.7565,0.8113,0.2266,0,67,0.9,Synthetic Region Group A,1
synthetic-00542,0.636,0.1334,0.2793,12,0.7362,53,0.0449,0.6794,0.3142,0.7179,0.049,0.6199,0.6385,1,0.7267,0.7012,0.3288,2,59,1,Synthetic Region Group B,1
synthetic-00543,0.4552,0.0882,0.3994,12,0.4755,45,0.1121,,0.4593,0.5271,,0.4618,,,0.4946,0.5277,0.4322,2,47,0.8,Synthetic Region Group C,0
synthetic-00544,,,,,0.5996,48,0.0681,,,,,0.5048,,,0.5262,0.5705,0.4008,3,48,0.5,Synthetic Region Group D,0
synthetic-00545,0.8029,0.0846,0.204,12,0.884,67,0.0882,0.7653,0.2298,0.8553,0.0955,0.7697,0.8388,1,0.8951,0.8506,0.2658,0,61,1,Synthetic Region Group A,1
synthetic-00546,0.6331,0.0747,0.3749,12,0.7138,51,0.0422,0.6533,0.3884,0.6531,0.0904,0.5994,0.6443,2,0.5998,0.617,0.3025,0,54,1,Synthetic Region Group B,1
synthetic-00547,0.4707,0.1086,0.3139,12,0.5539,47,0.1352,0.5108,0.3352,0.4898,0.1269,0.4893,0.5496,4,0.5085,0.4368,0.3297,3,45,1,Synthetic Region Group C,0
synthetic-00548,0.6544,0.0526,0.3999,7,0.5263,57,0.0983,0.5713,0.3201,0.6555,0.1271,0.516,,,0.609,0.526,0.3518,0,49,0.9,Synthetic Region Group D,1
synthetic-00549,0.8734,0.0826,0.3453,12,0.7975,64,0.0721,0.8768,0.2259,0.8852,0.0628,0.7608,0.7486,1,0.7435,0.8149,0.3162,0,62,1,Synthetic Region Group A,1
synthetic-00550,0.5871,0.1282,0.2685,12,0.6079,54,0.0815,0.5886,0.3981,0.6685,0.0552,,0.5816,0,,,,,53,0.75,Synthetic Region Group B,1
synthetic-00551,0.5521,0.0755,0.3032,12,0.433,53,0.0915,0.5703,0.4623,0.4415,0.0563,0.5766,0.4457,3,0.4998,0.514,0.3307,6,51,1,Synthetic Region Group C,0
synthetic-00552,0.6303,0.1276,0.4107,7,0.6021,48,0.0778,0.5068,,,0.0256,,0.5322,5,,,,,51,0.65,Synthetic Region Group D,0
synthetic-00553,0.7616,0.0211,0.2976,12,0.8047,67,0.064,0.8805,0.3062,0.8917,0.0343,0.8754,0.8281,0,0.7511,0.8049,0.3396,0,64,1,Synthetic Region Group A,1
synthetic-00554,0.6151,0.1341,0.278,12,0.6328,56,0.121,0.6448,0.3456,0.6876,0.0139,0.5958,0.5936,2,0.6089,0.7392,0.251,0,59,1,Synthetic Region Group B,1
synthetic-00555,0.5014,0.0898,0.3242,12,0.5563,53,0.0935,0.5103,0.3177,0.5285,0.0658,0.4528,0.4417,6,0.4283,0.5201,0.3498,4,43,1,Synthetic Region Group C,0
synthetic-00556,0.6236,0.0946,0.3461,7,0.6017,51,0.0895,,,,,0.546,0.5126,5,0.5296,0.6421,0.423,2,49,0.8,Synthetic Region Group D,1
synthetic-00557,0.8803,0.0937,0.1973,12,0.7796,65,0.1015,0.7741,0.2923,0.8121,0.0496,0.7453,0.8034,0,0.7723,0.8398,0.2278,0,70,1,Synthetic Region Group A,1
synthetic-00558,0.707,0.1197,0.3458,12,0.6844,54,0.1197,,0.4091,0.5869,,0.6501,0.6793,3,0.7113,0.6518,0.3133,2,54,0.9,Synthetic Region Group B,1
synthetic-00559,0.5481,0.0684,0.4138,12,0.4716,51,0.0681,0.5087,0.4342,0.4593,0.0574,0.474,0.4687,5,0.5039,0.5768,0.3899,3,44,1,Synthetic Region Group C,1
synthetic-00560,0.5997,0.1371,0.2729,7,0.6583,52,0.0995,,0.4037,0.5837,,0.5888,,,0.5604,0.5652,0.3184,3,57,0.8,Synthetic Region Group D,0
synthetic-00561,0.8278,0.032,0.286,12,0.7935,63,0.078,0.8129,0.321,0.8039,0.0656,0.8846,0.7867,0,0.8047,0.757,0.2197,0,67,1,Synthetic Region Group A,1
synthetic-00562,0.7278,0.1272,0.2928,12,0.7038,55,0.0965,0.681,0.2507,0.6025,0.0385,0.6255,0.6247,1,0.6751,0.7308,0.2674,1,54,1,Synthetic Region Group B,1
synthetic-00563,0.5485,0.0795,0.4177,12,0.4898,44,0.1105,,0.4398,0.5121,,0.4447,0.5105,5,0.4472,0.4426,0.4629,3,42,0.9,Synthetic Region Group C,1
synthetic-00564,0.5646,0.1406,0.3781,7,0.6516,57,0.0442,0.5523,,,0.094,0.6085,,,0.5856,0.5798,0.4088,2,50,0.8,Synthetic Region Group D,0
synthetic-00565,0.7492,0.0868,0.3444,12,0.7427,68,0.0787,0.8842,0.2151,0.8069,0.0186,0.8786,0.8392,0,0.8439,0.786,0.2857,0,68,1,Synthetic Region Group A,1
synthetic-00566,0.5959,0.1345,0.3718,12,0.581,51,0.0603,0.6567,0.3985,0.6869,0.107,0.624,0.6839,2,0.5932,0.6988,0.4045,0,57,1,Synthetic Region Group B,1
synthetic-00567,0.5222,0.1384,0.3338,12,0.4211,48,0.0547,0.5756,0.4075,0.5085,0.0862,0.4931,0.5391,3,0.5434,0.5736,0.4606,2,45,1,Synthetic Region Group C,1
synthetic-00568,0.5716,0.0617,0.3094,7,0.6536,48,0.0689,0.621,,,0.0515,0.611,,,0.5395,0.5249,0.3072,1,55,0.8,Synthetic Region Group D,0
synthetic-00569,0.8348,0.06,0.2986,12,0.8586,65,0.0871,0.7449,0.2988,0.7414,0.0081,0.8541,0.8636,0,0.7438,0.8488,0.327,0,68,1,Synthetic Region Group A,1
synthetic-00570,0.5846,0.1302,0.2581,12,,,,0.7096,0.3012,0.7182,0.0588,0.7166,0.6523,1,0.6355,0.6944,0.3926,0,53,0.85,Synthetic Region Group B,1
synthetic-00571,0.4783,0.1266,0.3336,12,0.5284,48,0.0667,0.4457,0.4277,0.4974,0.0831,0.5582,0.533,4,0.4398,0.5389,0.3449,5,50,1,Synthetic Region Group C,0
synthetic-00572,0.5538,0.13,0.372,7,0.5914,54,0.0668,,0.4048,0.5925,,0.5338,,,0.5817,0.579,0.3426,0,52,0.8,Synthetic Region Group D,0
synthetic-00573,0.8411,0.0809,0.1916,12,0.9,64,0.0396,0.882,0.2387,0.8925,0.0501,0.8174,0.8406,0,0.8234,0.8664,0.3568,0,70,1,Synthetic Region Group A,1
synthetic-00574,0.6707,0.1031,0.257,12,0.6902,61,0.0308,0.5856,0.304,0.6141,0.0781,0.7082,0.6894,1,0.727,0.6153,0.391,0,59,1,Synthetic Region Group B,1
synthetic-00575,0.5701,0.0975,0.3458,12,0.4339,45,0.0588,0.4927,0.4299,0.4314,0.0592,0.5431,0.5394,3,0.538,0.4444,0.4586,6,43,1,Synthetic Region Group C,0
synthetic-00576,0.5222,0.1017,0.2665,7,0.5494,55,0.1056,0.5506,0.2955,0.6172,0.0365,0.6157,,,0.6588,0.5619,0.3246,0,54,0.9,Synthetic Region Group D,1
synthetic-00577,0.8326,0.077,0.264,12,0.8834,61,0.0298,0.864,0.2048,0.8658,0.041,0.8138,,,0.7923,0.8352,0.2735,0,62,0.9,Synthetic Region Group A,1
synthetic-00578,0.6708,0.1059,0.4005,12,0.6679,54,0.0517,0.6833,0.3418,0.6302,0.0439,0.5816,0.6428,0,0.7266,0.7354,0.3933,0,55,1,Synthetic Region Group B,1
synthetic-00579,0.4658,0.0589,0.4056,12,0.5384,49,0.0614,0.512,0.456,0.5224,0.0942,0.5354,0.4519,2,0.4459,0.4552,0.4213,5,47,1,Synthetic Region Group C,0
synthetic-00580,0.5883,0.0638,0.3113,7,0.6166,53,0.1032,,,,,0.611,0.6554,1,0.6504,0.5798,0.32,0,52,0.8,Synthetic Region Group D,1
synthetic-00581,0.8453,0.0258,0.2866,12,0.8528,68,0.1007,,0.2836,0.9001,,0.8826,0.8912,0,0.748,0.7581,0.2174,0,63,0.9,Synthetic Region Group A,1
synthetic-00582,0.5854,0.0884,0.2776,12,0.5839,55,0.0683,0.6444,0.2756,0.7277,0.0152,0.7161,0.6108,2,0.6784,0.6805,0.33,0,61,1,Synthetic Region Group B,1
synthetic-00583,0.4226,0.1225,0.2949,12,0.5023,52,0.0954,0.5197,0.3671,0.5304,0.1177,0.5176,0.5334,7,0.4478,0.4956,0.3566,3,49,1,Synthetic Region Group C,0
synthetic-00584,0.6322,0.1258,0.3805,7,0.5072,55,0.1126,,0.313,0.6113,,0.6115,0.507,5,0.6007,0.6021,0.3174,3,53,0.9,Synthetic Region Group D,1
synthetic-00585,0.8155,0.0591,0.317,12,0.7811,69,0.0457,0.8685,0.2578,0.7435,0.0822,0.8522,,,0.9006,0.8469,0.2544,0,70,0.9,Synthetic Region Group A,1
synthetic-00586,0.7238,0.1271,0.3324,12,0.719,57,0.0631,,0.3588,0.6743,,0.6075,0.5996,3,0.6852,0.665,0.2821,1,58,0.9,Synthetic Region Group B,1
synthetic-00587,0.4556,0.0722,0.3523,12,0.4723,49,0.1158,0.4658,0.3865,0.5116,0.0991,0.4254,0.4277,7,0.4332,0.4494,0.3624,4,43,1,Synthetic Region Group C,0
synthetic-00588,,,,,0.6423,47,0.09,,0.3706,0.5808,,0.6377,0.5143,6,0.5539,0.5306,0.3922,2,50,0.7,Synthetic Region Group D,0
synthetic-00589,0.7738,0.1007,0.3271,12,0.7487,69,0.0113,0.8446,0.3515,0.8778,0.025,0.8883,0.7553,0,0.8265,0.7672,0.2657,0,62,1,Synthetic Region Group A,1
synthetic-00590,0.6573,0.0624,0.3348,12,0.6168,50,0.1199,0.6862,0.3634,0.6335,0.089,0.6608,0.6152,2,0.5819,0.6198,0.3549,0,59,1,Synthetic Region Group B,1
synthetic-00591,0.4928,0.15,0.3238,12,0.4644,54,0.0535,,0.3535,0.4476,,0.5262,,,0.5519,0.4514,0.3096,3,50,0.8,Synthetic Region Group C,0
synthetic-00592,0.6159,0.0724,0.4056,7,0.5276,47,0.0597,0.5564,,,0.079,,,,,,,,49,0.55,Synthetic Region Group D,0
synthetic-00593,0.7443,0.0798,0.2803,12,0.8074,64,0.0856,0.8284,0.2818,0.7765,0.1023,0.8042,0.8149,0,0.7617,0.8895,0.2063,0,62,1,Synthetic Region Group A,1
synthetic-00594,0.672,0.095,0.2681,12,0.614,59,0.0577,,0.3331,0.7048,,0.6757,0.6341,3,0.6746,0.64,0.2694,2,56,0.9,Synthetic Region Group B,1
synthetic-00595,0.47,0.1161,0.42,12,0.5321,42,0.0777,0.509,0.3818,0.4701,0.0601,0.4651,0.4932,4,0.5743,0.5197,0.3931,2,46,1,Synthetic Region Group C,1
synthetic-00596,0.6166,0.1023,0.3636,7,0.6413,50,0.0981,0.632,0.4198,0.5989,0.1156,0.574,,,0.502,0.6562,0.3381,3,48,0.9,Synthetic Region Group D,0
synthetic-00597,0.8016,0.0222,0.2526,12,0.8113,64,0.0735,0.8249,,,0.0508,0.8448,0.8612,0,0.8354,0.8875,0.2699,0,65,0.9,Synthetic Region Group A,1
synthetic-00598,0.6046,0.0405,0.2876,12,0.7119,52,0.1104,0.6585,0.3692,0.7072,0.0688,0.7341,0.673,0,0.6755,0.6727,0.3795,2,55,1,Synthetic Region Group B,1
synthetic-00599,0.5205,0.1367,0.3845,12,0.4279,46,0.1388,0.454,0.3818,0.5717,0.0886,0.498,,,0.4778,0.5125,0.324,6,52,0.9,Synthetic Region Group C,0
synthetic-00600,0.643,0.057,0.311,7,0.5231,50,0.0714,,,,,0.6608,,,0.5335,0.6244,0.3492,4,53,0.7,Synthetic Region Group D,0
synthetic-00601,0.7594,0.0799,0.234,12,0.8193,65,0.0321,0.8725,0.2506,0.7485,0.0264,0.8776,0.8842,0,0.8733,0.8848,0.2723,0,61,1,Synthetic Region Group A,1
synthetic-00602,0.5827,0.1365,0.306,12,0.6691,51,0.0697,0.6281,0.3777,0.6442,0.0821,0.6701,0.6245,3,0.7222,0.6426,0.3355,1,59,1,Synthetic Region Group B,1
synthetic-00603,0.4828,0.0764,0.3307,12,0.5804,54,0.0698,,0.3812,0.4803,,0.4833,0.4958,4,0.4315,0.5023,0.4217,4,48,0.9,Synthetic Region Group C,0
synthetic-00604,0.5292,0.114,0.3475,7,0.5484,52,0.0633,0.5864,,,0.0901,0.6428,0.5478,3,0.5437,0.615,0.4117,0,51,0.9,Synthetic Region Group D,1
synthetic-00605,0.8138,0.0741,0.2021,12,0.8008,66,0.0492,0.7871,0.2681,0.8899,0.0294,0.8448,,,0.7593,0.8288,0.3145,0,70,0.9,Synthetic Region Group A,1
synthetic-00606,0.5819,0.0486,0.2993,12,0.721,57,0.107,0.6494,0.3241,0.6937,0.0926,0.6688,0.6195,2,0.6297,0.638,0.3767,1,56,1,Synthetic Region Group B,1
synthetic-00607,0.5396,0.0746,0.4152,12,0.5203,50,0.0759,0.4984,0.3773,0.5653,0.1001,0.4912,0.4831,7,0.5796,0.5409,0.3455,5,44,1,Synthetic Region Group C,1
synthetic-00608,0.6496,0.0639,0.2887,7,0.5748,47,0.0934,,0.3431,0.5939,,0.5632,0.5525,2,0.6136,0.5452,0.2943,2,50,0.9,Synthetic Region Group D,1
synthetic-00609,0.8911,0.0337,0.2438,12,0.7556,58,0.0904,0.7823,0.3028,0.8509,0.095,0.787,,,0.8347,0.7893,0.3402,0,62,0.9,Synthetic Region Group A,1
synthetic-00610,0.6815,0.044,0.3902,12,0.6289,52,0.1135,0.6331,0.3821,0.692,0.0752,0.6818,0.604,2,0.5909,0.6065,0.2523,2,52,1,Synthetic Region Group B,1
synthetic-00611,0.4832,0.0664,0.3501,12,0.464,49,0.0869,0.5776,0.3609,0.4881,0.0336,0.5669,0.5294,7,0.4593,0.464,0.326,3,47,1,Synthetic Region Group C,0
synthetic-00612,0.6532,0.1384,0.3762,7,0.5252,51,0.1301,,0.3793,0.5467,,0.59,0.5656,1,0.5668,0.5216,0.3987,1,49,0.9,Synthetic Region Group D,1
synthetic-00613,0.7421,0.0753,0.2787,12,0.7631,58,0.0995,0.8924,0.3046,0.8035,0.0631,0.7487,0.7606,0,0.7922,0.7525,0.3484,0,61,1,Synthetic Region Group A,1
synthetic-00614,0.6204,0.0624,0.2509,12,0.6523,55,0.1048,0.7274,0.3008,0.6986,0.0154,0.7116,0.7229,1,0.6928,0.617,0.3947,0,61,1,Synthetic Region Group B,1
synthetic-00615,0.5737,0.0812,0.3471,12,0.4254,48,0.0812,0.4941,0.4259,0.4383,0.1022,0.4889,0.4807,8,0.5367,0.4424,0.4444,4,48,1,Synthetic Region Group C,0
synthetic-00616,0.5318,0.0708,0.3177,7,0.5076,49,0.0437,0.5742,0.3996,0.5276,0.1191,0.5324,0.6324,5,0.5035,0.6293,0.4109,3,54,1,Synthetic Region Group D,1
synthetic-00617,0.8022,0.0608,0.2895,12,0.7661,69,0.042,0.8151,0.309,0.8364,0.073,0.8796,0.8121,0,0.864,0.8744,0.2719,0,67,1,Synthetic Region Group A,1
synthetic-00618,0.7068,0.0696,0.3777,12,0.7037,51,0.0865,0.6212,0.2608,0.629,0.0376,0.7282,0.6835,0,0.6282,0.61,0.3404,0,53,1,Synthetic Region Group B,1
synthetic-00619,0.4564,0.1096,0.394,12,0.4433,43,0.1146,0.5205,0.3691,0.4963,0.0706,0.577,0.5043,7,0.5279,0.5369,0.3812,4,50,1,Synthetic Region Group C,0
synthetic-00620,0.5964,0.0959,0.2712,7,0.5295,50,0.1284,,,,,0.5473,,,0.6421,0.6175,0.3731,4,51,0.7,Synthetic Region Group D,0
synthetic-00621,0.8713,0.0648,0.2881,12,0.7547,69,0.0819,0.8832,0.2672,0.8306,0.0962,0.7449,0.8023,0,0.816,0.8333,0.2824,0,65,1,Synthetic Region Group A,1
synthetic-00622,0.7172,0.1336,0.2617,12,0.6441,53,0.1205,0.6783,0.4077,0.6615,0.0955,0.6534,0.6991,4,0.6862,0.6871,0.3484,0,57,1,Synthetic Region Group B,1
synthetic-00623,0.5378,0.1038,0.3504,12,0.4731,51,0.1442,0.4855,0.4092,0.4872,0.1213,0.4798,0.4476,6,0.5297,0.4244,0.4568,3,52,1,Synthetic Region Group C,0
synthetic-00624,0.5687,0.0804,0.3939,7,0.6073,54,0.1148,0.5552,,,0.1061,0.5759,0.5582,3,0.586,0.6373,0.2976,4,55,0.9,Synthetic Region Group D,1
synthetic-00625,0.9003,0.0513,0.3325,12,0.7453,65,0.0719,0.7649,0.3202,0.7392,0.1009,0.8562,0.8232,0,0.8578,0.7407,0.3375,0,67,1,Synthetic Region Group A,1
synthetic-00626,0.7194,0.0837,0.2562,12,0.7383,51,0.0474,,0.2519,0.604,,0.6311,0.7326,1,0.6419,0.6189,0.2972,0,59,0.9,Synthetic Region Group B,1
synthetic-00627,0.4878,0.1612,0.4215,12,0.5685,53,0.0739,0.4287,0.428,0.5005,0.1262,0.4642,,,0.4728,0.4361,0.3378,5,49,0.9,Synthetic Region Group C,0
synthetic-00628,0.6574,0.1218,0.4215,7,0.5789,48,0.1195,0.5676,0.3611,0.6084,0.096,0.5261,0.5011,5,0.6273,0.528,0.3161,1,47,1,Synthetic Region Group D,1
synthetic-00629,0.8134,0.0591,0.2388,12,0.8605,67,0.0423,0.8992,0.3209,0.7943,0.0049,0.8805,0.8245,1,0.8887,0.8083,0.242,0,63,1,Synthetic Region Group A,1
synthetic-00630,0.623,0.032,0.3894,12,0.6068,50,0.099,0.7304,0.3215,0.6589,0.0806,0.7302,0.6215,1,0.7128,0.6325,0.4077,0,60,1,Synthetic Region Group B,1
synthetic-00631,0.4698,0.0759,0.2963,12,0.5744,47,0.0521,0.5241,0.4211,0.5401,0.1164,0.4885,0.4965,5,0.5273,0.5508,0.3736,2,44,1,Synthetic Region Group C,0
synthetic-00632,0.5842,0.0544,0.3719,7,0.5596,47,0.0827,,,,,0.539,,,0.5373,0.6327,0.3061,1,48,0.7,Synthetic Region Group D,0
synthetic-00633,0.8397,0.1059,0.3145,12,0.8053,60,0.0272,0.7479,0.2746,0.8717,0.078,0.8496,0.7461,0,0.9009,0.8661,0.331,0,62,1,Synthetic Region Group A,1
synthetic-00634,0.5924,0.0656,0.2482,12,0.6202,62,0.1,0.619,0.3695,0.5991,0.0844,0.7269,0.7015,1,0.6116,0.7221,0.2534,0,61,1,Synthetic Region Group B,1
synthetic-00635,0.5447,0.097,0.3218,12,0.423,53,0.0534,0.5438,0.4201,0.5167,0.0606,0.5583,0.5176,3,0.5677,0.5261,0.4519,6,49,1,Synthetic Region Group C,1
synthetic-00636,0.5576,0.0908,0.3255,7,0.5996,58,0.1102,,0.3568,0.5356,,0.6438,,,0.6393,0.5938,0.3269,2,54,0.8,Synthetic Region Group D,0
synthetic-00637,0.7796,0.0121,0.2808,12,0.7686,58,0.0705,,0.2677,0.8796,,0.8214,0.8599,0,0.7472,0.819,0.2665,0,69,0.9,Synthetic Region Group A,1
synthetic-00638,0.6936,0.0448,0.2721,12,0.6247,54,0.115,0.6036,0.3938,0.6561,0.1083,0.7071,0.7014,3,0.7222,0.717,0.3247,1,60,1,Synthetic Region Group B,1
synthetic-00639,0.4245,0.0928,0.3818,12,0.4461,52,0.0571,0.4342,0.4017,0.5468,0.0617,0.5072,0.5104,8,0.5621,0.5626,0.3741,5,49,1,Synthetic Region Group C,0
synthetic-00640,0.5865,0.0553,0.3012,7,0.6154,54,0.1215,0.6119,0.3896,0.5596,0.0537,0.5172,,,0.6139,0.6589,0.2955,1,56,0.9,Synthetic Region Group D,1
synthetic-00641,0.8117,0.0256,0.3426,12,0.8956,59,0.0486,0.8865,0.3461,0.8312,0,0.7505,0.8958,1,0.7913,0.8623,0.2773,0,69,1,Synthetic Region Group A,1
synthetic-00642,0.5802,0.0693,0.3026,12,0.6748,50,0.0558,0.7167,0.3831,0.5848,0.0919,0.6588,0.6916,1,0.6268,0.692,0.3888,2,60,1,Synthetic Region Group B,1
synthetic-00643,0.5285,0.0837,0.3881,12,0.485,46,0.0542,0.5481,0.433,0.5389,0.0715,0.4489,0.5181,3,0.5489,0.4675,0.3055,4,45,1,Synthetic Region Group C,1
synthetic-00644,0.5919,0.0514,0.3435,7,0.6314,51,0.1259,,,,,,0.5006,4,,,,,54,0.55,Synthetic Region Group D,0
synthetic-00645,0.8017,0.0397,0.2748,12,0.766,62,0.0579,,0.2822,0.7832,,0.8823,0.7777,0,0.8517,0.7636,0.3351,0,61,0.9,Synthetic Region Group A,1
synthetic-00646,0.6578,0.0772,0.3173,12,0.7356,61,0.0906,0.5821,0.3484,0.736,0.0325,0.7062,0.6438,4,0.7319,0.7008,0.2768,0,52,1,Synthetic Region Group B,1
synthetic-00647,0.4543,0.0828,0.4151,12,0.4727,46,0.1415,0.4228,0.4632,0.5612,0.0971,0.4687,0.5582,8,0.4625,0.4939,0.3439,4,50,1,Synthetic Region Group C,0
synthetic-00648,0.6525,0.106,0.3209,7,0.5331,48,0.0971,,,,,,,,,,,,55,0.45,Synthetic Region Group D,0
synthetic-00649,0.8165,0.0889,0.2561,12,0.8627,66,0.0304,0.7898,,,0.0189,0.8632,0.7712,0,0.8466,0.7589,0.2792,0,70,0.9,Synthetic Region Group A,1
synthetic-00650,0.6637,0.1326,0.3064,12,0.7267,50,0.0677,0.6104,0.3159,0.6052,0.0351,0.7304,0.6669,3,0.5914,0.6134,0.3942,2,57,1,Synthetic Region Group B,1
synthetic-00651,0.4499,0.1016,0.3867,12,0.544,49,0.1038,0.4885,0.4246,0.5429,0.0808,0.454,,,0.5465,0.422,0.3132,2,50,0.9,Synthetic Region Group C,0
synthetic-00652,0.5169,0.1029,0.3444,7,0.6052,56,0.1026,,,,,,,,,,,,48,0.45,Synthetic Region Group D,0
synthetic-00653,0.8158,0.0506,0.1903,12,0.7598,59,0.0506,0.8739,0.2608,0.7441,0.0935,0.8908,0.7928,0,0.7817,0.8806,0.2116,0,67,1,Synthetic Region Group A,1
synthetic-00654,0.6578,0.051,0.2487,12,0.6118,60,0.0444,0.6567,0.303,0.6793,0.1015,0.6533,,,0.669,0.7156,0.2738,0,55,0.9,Synthetic Region Group B,1
synthetic-00655,0.5674,0.1588,0.3794,12,0.5348,46,0.143,0.5733,0.3031,0.5247,0.0348,0.45,0.577,5,0.4577,0.4802,0.395,2,43,1,Synthetic Region Group C,1
synthetic-00656,0.6227,0.0784,0.3641,7,0.6533,57,0.0858,,,,,0.5563,,,0.5955,0.5238,0.2941,3,57,0.7,Synthetic Region Group D,1
synthetic-00657,0.8742,0.0434,0.1919,12,0.8593,60,0.0412,0.8352,,,0.0073,0.7538,0.8297,0,0.7795,0.899,0.3543,0,65,0.9,Synthetic Region Group A,1
synthetic-00658,0.6531,0.0624,0.3016,12,0.5824,59,0.116,0.6651,0.334,0.7245,0.0701,0.6356,0.6147,2,0.7342,0.725,0.3655,2,56,1,Synthetic Region Group B,1
synthetic-00659,0.4392,0.0579,0.2973,12,0.5028,47,0.0508,0.4807,0.4024,0.569,0.0381,0.5154,0.5732,5,0.4831,0.5344,0.3323,5,43,1,Synthetic Region Group C,0
synthetic-00660,0.6545,0.13,0.4157,7,0.6289,52,0.093,0.6291,,,0.0269,0.589,,,0.5593,0.6327,0.4061,2,55,0.8,Synthetic Region Group D,0
synthetic-00661,0.8645,0.0884,0.2195,12,0.8487,67,0.0427,0.8076,,,0.1002,0.8387,0.8222,0,0.8691,0.8137,0.1997,0,65,0.9,Synthetic Region Group A,1
synthetic-00662,0.598,0.0673,0.3271,12,0.723,54,0.0906,0.6776,0.3112,0.5907,0.058,0.5986,0.6285,0,0.6772,0.7176,0.3577,0,58,1,Synthetic Region Group B,1
synthetic-00663,0.5595,0.1344,0.3712,12,0.4534,49,0.1241,0.4232,0.3142,0.5804,0.1112,0.5111,0.5459,7,0.4969,0.4373,0.3663,2,42,1,Synthetic Region Group C,1
synthetic-00664,0.5391,0.1411,0.3861,7,0.6598,53,0.0977,0.5045,,,0.1123,0.5144,0.6259,3,0.5145,0.6281,0.3136,2,53,0.9,Synthetic Region Group D,1
synthetic-00665,0.8667,0.0685,0.2344,12,0.7658,63,0.0296,0.9003,0.3472,0.8438,0.096,0.8777,0.7392,0,0.7819,0.7793,0.3468,0,65,1,Synthetic Region Group A,1
synthetic-00666,0.5966,0.0406,0.3878,12,0.6655,56,0.0588,0.5939,0.2867,0.6485,0.1178,0.6735,0.6643,0,0.6201,0.6263,0.3576,1,52,1,Synthetic Region Group B,1
synthetic-00667,0.4704,0.1073,0.4505,12,0.4626,49,0.1027,0.4801,0.3541,0.4751,0.0825,0.5504,0.5438,4,0.5771,0.4389,0.3345,4,42,1,Synthetic Region Group C,1
synthetic-00668,0.6167,0.1267,0.4159,7,0.6601,52,0.0855,,0.3058,0.5674,,0.5611,,,0.5454,0.5771,0.3752,4,49,0.8,Synthetic Region Group D,1
synthetic-00669,0.8027,0.1092,0.1977,12,0.8735,61,0.0176,0.8689,0.3218,0.8177,0.0454,0.8847,0.7977,0,0.854,0.8272,0.227,0,68,1,Synthetic Region Group A,1
synthetic-00670,0.7282,0.1173,0.3754,12,0.6191,58,0.1047,0.7026,0.2503,0.718,0.0878,0.6431,,,0.6431,0.5892,0.249,0,52,0.9,Synthetic Region Group B,1
synthetic-00671,0.5609,0.107,0.4261,12,0.5757,53,0.0925,,0.3346,0.4224,,0.4548,0.5033,6,0.5186,0.4626,0.3525,4,52,0.9,Synthetic Region Group C,0
synthetic-00672,0.6352,0.0901,0.4271,7,0.6379,56,0.1112,0.6015,,,0.1276,,,,,,,,48,0.55,Synthetic Region Group D,0
synthetic-00673,0.749,0.1048,0.2252,12,0.8167,63,0.0708,0.754,0.2275,0.77,0.0278,0.8434,0.7551,0,0.7585,0.8968,0.3475,0,68,1,Synthetic Region Group A,1
synthetic-00674,0.6032,0.1362,0.3627,12,0.6581,56,0.0625,0.6821,0.3087,0.6282,0.0633,0.7069,0.6575,0,0.6469,0.5833,0.4092,3,52,1,Synthetic Region Group B,1
synthetic-00675,0.5658,0.1071,0.3833,12,0.4601,49,0.1354,0.5414,0.3711,0.4967,0.0727,0.5589,0.4724,3,0.486,0.5794,0.3206,5,45,1,Synthetic Region Group C,1
synthetic-00676,0.6372,0.0587,0.2962,7,0.6053,55,0.1,,0.293,0.6124,,0.632,,,0.5247,0.5687,0.319,3,50,0.8,Synthetic Region Group D,0
synthetic-00677,0.7401,0.1022,0.3125,12,,,,0.8382,0.2575,0.847,0.0012,0.7922,0.811,0,0.8848,0.8742,0.2233,0,64,0.85,Synthetic Region Group A,1
synthetic-00678,0.6024,0.1188,0.3246,12,0.6917,59,0.0576,0.7279,0.2615,0.6255,0.0195,0.6493,0.6672,4,0.6789,0.699,0.2729,2,55,1,Synthetic Region Group B,1
synthetic-00679,0.4767,0.0547,0.4144,12,0.5111,52,0.1149,0.4966,0.3173,0.4846,0.0993,0.5786,0.4737,3,0.4464,0.4289,0.4374,5,51,1,Synthetic Region Group C,0
synthetic-00680,0.5235,0.0606,0.3015,7,0.5737,49,0.0998,,0.3258,0.5286,,0.6104,,,0.5602,0.5158,0.3666,1,57,0.8,Synthetic Region Group D,0
synthetic-00681,0.8745,0.081,0.3257,12,0.7774,66,0.0828,0.7493,0.278,0.841,0.0984,0.7847,0.8998,0,0.8581,0.8794,0.2881,0,66,1,Synthetic Region Group A,1
synthetic-00682,0.6151,0.1135,0.3645,12,0.5801,58,0.1131,0.6684,0.374,0.6023,0.0194,0.5901,0.6988,3,0.6097,0.7061,0.2574,2,54,1,Synthetic Region Group B,1
synthetic-00683,0.5298,0.104,0.4181,12,0.4991,45,0.0554,0.5185,0.3827,0.5382,0.059,0.5164,,,0.4987,0.4214,0.332,4,44,0.9,Synthetic Region Group C,0
synthetic-00684,0.6474,0.0977,0.3735,7,0.5485,56,0.0676,,,,,,0.6349,4,,,,,48,0.55,Synthetic Region Group D,0
synthetic-00685,0.7932,0.0385,0.327,12,0.7486,65,0.0687,0.8641,0.316,0.8553,0.0035,0.7455,0.8763,0,0.7698,0.8613,0.2788,0,65,1,Synthetic Region Group A,1
synthetic-00686,0.6606,0.0343,0.2757,12,0.65,53,0.0382,0.6431,0.4093,0.5847,0.075,0.7112,0.6387,3,0.5991,0.7233,0.3218,2,55,1,Synthetic Region Group B,1
synthetic-00687,0.5658,0.1624,0.3304,12,0.5295,44,0.0937,0.5725,0.3857,0.4756,0.1318,0.5463,,,0.5692,0.5193,0.3445,3,48,0.9,Synthetic Region Group C,0
synthetic-00688,0.522,0.1059,0.2957,7,0.5025,54,0.1274,,0.4203,0.5881,,0.5637,,,0.5004,0.6538,0.2771,0,54,0.8,Synthetic Region Group D,1
synthetic-00689,0.858,0.1083,0.335,12,0.7764,69,0.0357,0.7472,0.2789,0.7746,0.033,0.8754,0.8889,0,0.7799,0.8798,0.321,0,69,1,Synthetic Region Group A,1
synthetic-00690,0.7213,0.0339,0.3428,12,0.599,54,0.0766,0.5973,0.3333,0.6826,0.1129,0.6143,,,0.6673,0.7387,0.3425,0,56,0.9,Synthetic Region Group B,1
synthetic-00691,0.4808,0.1456,0.3125,12,0.5326,52,0.0525,0.5443,0.4374,0.4799,0.0944,0.4951,0.4484,6,0.4979,0.4712,0.3136,2,42,1,Synthetic Region Group C,0
synthetic-00692,0.6535,0.0572,0.2789,7,0.5875,52,0.0661,0.5456,0.2822,0.5013,0.0854,0.5141,0.5731,2,0.6608,0.585,0.3812,4,48,1,Synthetic Region Group D,1
synthetic-00693,0.8836,0.1,0.3049,12,0.8161,68,0.047,0.8126,0.3566,0.87,0,0.774,0.7842,1,0.8479,0.8829,0.3417,0,62,1,Synthetic Region Group A,1
synthetic-00694,0.5837,0.0336,0.3816,12,0.7205,60,0.0859,0.6214,0.2859,0.6416,0.0304,0.6757,0.7045,4,0.6941,0.6899,0.299,0,57,1,Synthetic Region Group B,1
synthetic-00695,0.5092,0.1571,0.2978,12,0.504,51,0.0636,0.4795,0.3634,0.4915,0.0335,0.5082,0.4498,6,0.479,0.4961,0.3583,6,52,1,Synthetic Region Group C,0
synthetic-00696,,,,,0.6182,56,0.0589,0.5488,,,0.0346,0.6408,,,0.6395,0.593,0.3729,0,51,0.6,Synthetic Region Group D,0
synthetic-00697,0.8191,0.0764,0.1926,12,0.7491,68,0.0185,0.8779,,,0.0154,0.7405,0.8865,0,0.8069,0.8316,0.2187,0,62,0.9,Synthetic Region Group A,1
synthetic-00698,0.728,0.0523,0.3457,12,0.6218,56,0.0868,0.6079,0.356,0.6695,0.0467,0.6634,0.5808,1,0.6939,0.684,0.3486,1,52,1,Synthetic Region Group B,1
synthetic-00699,0.5121,0.0878,0.3155,12,0.4785,45,0.0943,0.529,0.3901,0.4781,0.1292,0.5228,0.4402,5,0.426,0.556,0.3712,4,43,1,Synthetic Region Group C,0
synthetic-00700,0.4993,0.132,0.4246,7,0.5867,52,0.0773,0.5513,,,0.0918,,0.5496,2,,,,,50,0.65,Synthetic Region Group D,0
synthetic-00701,0.7775,0.0933,0.2155,12,0.8068,69,0.0297,0.8567,0.2177,0.7953,0,0.7769,0.8066,0,0.855,0.8064,0.3534,0,65,1,Synthetic Region Group A,1
synthetic-00702,0.5848,0.0887,0.3637,12,0.6725,57,0.0605,0.687,0.313,0.6882,0.116,0.6258,0.6747,0,0.5949,0.6698,0.3308,1,53,1,Synthetic Region Group B,1
synthetic-00703,0.5016,0.1199,0.4137,12,0.5418,48,0.1419,0.5011,0.4276,0.4822,0.1185,0.5293,0.5772,4,0.4493,0.4884,0.3822,5,45,1,Synthetic Region Group C,0
synthetic-00704,0.5369,0.0723,0.3546,7,0.6345,55,0.0613,,0.423,0.5408,,,,,,,,,52,0.55,Synthetic Region Group D,0
synthetic-00705,0.8925,0.0741,0.226,12,0.8374,68,0.0871,0.8023,,,0.0606,0.8556,0.8664,0,0.7684,0.86,0.2708,0,67,0.9,Synthetic Region Group A,1
synthetic-00706,0.6276,0.0629,0.2404,12,0.7172,54,0.1089,0.6491,0.25,0.6487,0.1101,0.7311,0.5952,1,0.7195,0.655,0.3141,0,58,1,Synthetic Region Group B,1
synthetic-00707,0.5582,0.0574,0.3422,12,0.4814,49,0.1314,0.4471,0.3638,0.4855,0.0782,0.461,0.456,4,0.4933,0.4489,0.4408,4,51,1,Synthetic Region Group C,0
synthetic-00708,0.5075,0.0957,0.2953,7,0.5977,51,0.1288,,,,,0.6386,0.518,2,0.6148,0.6218,0.2918,4,55,0.8,Synthetic Region Group D,1
synthetic-00709,0.8783,0.0944,0.2372,12,0.7679,59,0.0387,0.8221,0.2356,0.7588,0.0297,0.8865,0.876,0,0.7787,0.7608,0.2478,0,66,1,Synthetic Region Group A,1
synthetic-00710,0.6832,0.1213,0.2445,12,0.6097,52,0.0708,0.6918,0.3919,0.6098,0.0392,0.7068,0.6942,1,0.5794,0.5969,0.2731,0,57,1,Synthetic Region Group B,1
synthetic-00711,0.4799,0.0776,0.333,12,0.5527,46,0.0902,0.5193,0.4629,0.4605,0.0975,0.5809,0.5466,3,0.5104,0.5472,0.4201,4,49,1,Synthetic Region Group C,1
synthetic-00712,0.5936,0.1274,0.4044,7,0.5171,54,0.0818,,0.4123,0.5614,,0.5936,,,0.5276,0.5976,0.3689,2,57,0.8,Synthetic Region Group D,0
synthetic-00713,0.8934,0.0805,0.2712,12,0.8245,68,0.0497,0.8764,0.1965,0.898,0.0694,0.7774,0.8694,1,0.8911,0.8275,0.256,0,65,1,Synthetic Region Group A,1
synthetic-00714,0.7317,0.0464,0.2481,12,0.6039,52,0.1162,0.7262,0.3204,0.7398,0.0243,0.647,0.7189,0,0.6056,0.5891,0.2986,0,58,1,Synthetic Region Group B,1
synthetic-00715,0.5372,0.0793,0.4194,12,0.5252,42,0.1087,0.4384,0.3058,0.5255,0.1126,0.4954,0.5191,7,0.5754,0.4602,0.4229,5,49,1,Synthetic Region Group C,0
synthetic-00716,0.5236,0.0904,0.2758,7,0.5718,50,0.0905,0.6503,0.3728,0.5601,0.0814,0.6217,,,0.6491,0.6334,0.3544,2,56,0.9,Synthetic Region Group D,1
synthetic-00717,0.8238,0.0758,0.2807,12,0.7706,67,0.0143,0.8298,0.245,0.8612,0.0302,0.8969,0.7807,0,0.8244,0.7989,0.2439,0,64,1,Synthetic Region Group A,1
synthetic-00718,0.6198,0.0757,0.3409,12,0.6326,53,0.0676,0.7054,0.2616,0.6583,0.0449,0.722,0.608,3,0.694,0.7315,0.3274,0,53,1,Synthetic Region Group B,1
synthetic-00719,0.5314,0.125,0.3861,12,0.5286,50,0.1182,,0.373,0.4896,,0.458,,,0.4478,0.4289,0.3149,4,50,0.8,Synthetic Region Group C,0
synthetic-00720,0.6315,0.0533,0.3115,7,0.5986,54,0.0457,,0.3295,0.563,,,,,,,,,48,0.55,Synthetic Region Group D,0
synthetic-00721,0.8934,0.0736,0.3433,12,0.8342,65,0.0161,0.839,0.259,0.7789,0.0655,,0.8229,1,,,,,62,0.75,Synthetic Region Group A,1
synthetic-00722,0.5916,0.1297,0.3098,12,0.6471,56,0.0422,0.73,0.3259,0.6592,0.0775,0.66,,,0.6084,0.6213,0.4009,0,58,0.9,Synthetic Region Group B,1
synthetic-00723,0.567,0.0842,0.2946,12,0.4601,49,0.0982,0.4892,0.3314,0.5144,0.0471,0.4706,0.478,5,0.5733,0.423,0.4415,6,46,1,Synthetic Region Group C,1
synthetic-00724,0.6052,0.0938,0.411,7,0.4992,48,0.1237,0.5719,0.3834,0.5989,0.0946,0.6608,,,0.5113,0.529,0.3047,4,54,0.9,Synthetic Region Group D,0
synthetic-00725,0.7601,0.0855,0.3404,12,0.8562,63,0.0961,0.7456,0.2549,0.8839,0.0006,0.8521,0.7892,0,0.8246,0.7642,0.3556,0,66,1,Synthetic Region Group A,1
synthetic-00726,0.6054,0.1369,0.251,12,0.6541,54,0.0809,0.6404,0.2882,0.6031,0.0289,0.7124,0.6073,3,0.6661,0.5981,0.2641,0,53,1,Synthetic Region Group B,1
synthetic-00727,0.5616,0.0721,0.3944,12,0.5765,50,0.0622,0.4329,0.3465,0.5479,0.0397,0.4881,,,0.5124,0.4922,0.3173,4,49,0.9,Synthetic Region Group C,0
synthetic-00728,0.5928,0.0511,0.3917,7,0.5645,48,0.0724,0.6439,0.3468,0.5443,0.1058,0.647,0.6543,1,0.5859,0.5417,0.4064,3,49,1,Synthetic Region Group D,1
synthetic-00729,0.7436,0.0966,0.1869,12,0.7927,58,0.0782,0.7515,0.2472,0.8096,0.0632,0.8188,0.7721,0,0.8813,0.8031,0.297,0,69,1,Synthetic Region Group A,1
synthetic-00730,0.6952,0.1007,0.3917,12,0.5985,50,0.1243,0.6057,,,0.0553,0.6943,0.5956,0,0.6721,0.7059,0.2911,1,57,0.9,Synthetic Region Group B,1
synthetic-00731,0.4555,0.0613,0.4021,12,0.4443,47,0.0873,0.5779,0.4548,0.484,0.1382,0.5591,0.4298,7,0.4456,0.4341,0.436,1,45,1,Synthetic Region Group C,0
synthetic-00732,0.6472,0.1076,0.3112,7,0.5401,53,0.0948,,,,,0.6244,,,0.6085,0.5716,0.3458,2,57,0.7,Synthetic Region Group D,0
synthetic-00733,0.8402,0.0967,0.2885,12,0.8108,65,0.0943,0.8035,0.3555,0.8223,0.0015,0.8984,0.8161,1,0.7781,0.7849,0.3361,0,63,1,Synthetic Region Group A,1
synthetic-00734,0.6731,0.0333,0.3088,12,0.6921,58,0.123,0.7255,0.4011,0.7295,0.107,0.6567,0.7182,2,0.7205,0.6386,0.3648,0,52,1,Synthetic Region Group B,1
synthetic-00735,0.4477,0.059,0.3042,12,0.5338,53,0.0982,0.5246,0.4308,0.5709,0.0829,0.4353,0.5605,4,0.5653,0.5023,0.4476,2,44,1,Synthetic Region Group C,1
synthetic-00736,,,,,0.6582,55,0.0479,,0.4169,0.5052,,0.6306,0.5903,2,0.5933,0.5273,0.365,0,49,0.7,Synthetic Region Group D,1
synthetic-00737,0.7675,0.0093,0.2824,12,0.8881,66,0.0795,0.8996,0.3027,0.8724,0.0363,0.7573,0.7997,0,0.8359,0.757,0.232,0,66,1,Synthetic Region Group A,1
synthetic-00738,0.6225,0.1205,0.3132,12,0.6072,56,0.1044,0.5911,0.3599,0.5961,0.098,0.6387,0.7082,3,0.6567,0.6844,0.2503,0,57,1,Synthetic Region Group B,1
synthetic-00739,0.5624,0.1554,0.3948,12,0.4355,53,0.1097,,0.4273,0.5079,,0.5345,,,0.4705,0.5022,0.3284,5,48,0.8,Synthetic Region Group C,0
synthetic-00740,0.5366,0.0552,0.2658,7,0.6505,51,0.1296,0.5552,0.3058,0.5369,0.0899,0.6246,0.5504,4,0.6577,0.6067,0.3254,3,55,1,Synthetic Region Group D,1
synthetic-00741,0.8942,0.0411,0.2827,12,0.8633,58,0.0297,0.8975,0.2251,0.8487,0.0363,0.8466,0.7512,0,0.8329,0.7467,0.314,0,70,1,Synthetic Region Group A,1
synthetic-00742,0.5857,0.1234,0.2784,12,0.7219,62,0.0787,0.6412,0.2558,0.5834,0.0752,0.7099,0.6956,2,0.7309,0.7406,0.3736,1,52,1,Synthetic Region Group B,1
synthetic-00743,0.4813,0.0643,0.3187,12,0.4583,43,0.0848,0.4884,0.3377,0.4654,0.0308,0.4407,0.4731,2,0.511,0.5092,0.3888,5,50,1,Synthetic Region Group C,1
synthetic-00744,0.5196,0.0476,0.3437,7,0.5486,49,0.0882,,0.3644,0.6434,,0.5233,0.5501,2,0.5723,0.6553,0.4273,2,56,0.9,Synthetic Region Group D,1
synthetic-00745,0.7882,0.0185,0.3407,12,0.8884,59,0.0506,0.8659,0.2217,0.7654,0,0.8719,0.8635,0,0.7956,0.7686,0.3283,0,62,1,Synthetic Region Group A,1
synthetic-00746,0.6453,0.0677,0.3744,12,,,,0.5942,0.3027,0.7379,0.0361,0.6592,,,0.6447,0.614,0.332,0,60,0.75,Synthetic Region Group B,1
synthetic-00747,0.4456,0.1354,0.369,12,0.4522,53,0.0595,0.4266,0.4307,0.4226,0.0982,0.5766,0.5584,4,0.452,0.533,0.3181,2,50,1,Synthetic Region Group C,1
synthetic-00748,0.6186,0.1088,0.307,7,0.5059,57,0.0815,0.6073,0.3282,0.5443,0.0283,0.5689,0.5432,5,0.5258,0.5149,0.4133,2,51,1,Synthetic Region Group D,1
synthetic-00749,0.817,0.0339,0.273,12,0.7792,64,0.0199,0.8374,0.1974,0.8273,0.0985,0.8516,0.7697,0,0.8764,0.8489,0.2434,0,65,1,Synthetic Region Group A,1
synthetic-00750,0.6797,0.0629,0.3212,12,0.6655,57,0.1144,0.5962,0.3893,0.5925,0.0398,0.7374,0.7305,3,0.6488,0.6994,0.4058,0,55,1,Synthetic Region Group B,1
synthetic-00751,0.5629,0.0805,0.4273,12,0.4953,50,0.128,0.4748,0.3311,0.4315,0.1071,0.5461,0.4564,4,0.5289,0.5552,0.3209,2,48,1,Synthetic Region Group C,0
synthetic-00752,0.6474,0.1349,0.3812,7,0.5348,51,0.0546,,0.4276,0.5442,,0.5934,,,0.5354,0.6389,0.2981,1,54,0.8,Synthetic Region Group D,0
synthetic-00753,0.8651,0.0152,0.1942,12,0.8813,65,0.0392,0.8368,0.2575,0.8218,0.0159,0.754,,,0.7701,0.7793,0.3102,0,69,0.9,Synthetic Region Group A,1
synthetic-00754,0.5928,0.1145,0.3827,12,0.6986,52,0.0596,0.6472,0.3677,0.7106,0.0887,0.7236,0.7176,0,0.592,0.6911,0.3764,0,55,1,Synthetic Region Group B,1
synthetic-00755,0.5557,0.0825,0.4023,12,0.472,49,0.109,,0.4502,0.5629,,0.5681,0.4484,3,0.4485,0.5568,0.3907,3,46,0.9,Synthetic Region Group C,1
synthetic-00756,0.6152,0.0817,0.317,7,0.5683,54,0.108,0.5875,,,0.0706,0.5493,,,0.6265,0.5545,0.4152,1,51,0.8,Synthetic Region Group D,1
synthetic-00757,0.7873,0.0846,0.2576,12,0.8639,65,0.0635,0.7581,0.3412,0.8175,0.0646,0.8395,0.7729,0,0.822,0.7726,0.2645,0,62,1,Synthetic Region Group A,1
synthetic-00758,0.5909,0.0597,0.248,12,0.7017,53,0.0674,0.7111,0.2895,0.6225,0.0592,0.7328,0.6355,4,0.6202,0.734,0.3772,2,54,1,Synthetic Region Group B,1
synthetic-00759,0.5485,0.0805,0.3592,12,0.579,48,0.0696,0.5666,,,0.0318,0.4408,0.4348,6,0.5571,0.4719,0.4192,4,48,0.9,Synthetic Region Group C,0
synthetic-00760,0.5026,0.1176,0.3487,7,0.5183,55,0.1229,,0.3571,0.5875,,0.6139,0.5743,2,0.6162,0.5991,0.354,2,48,0.9,Synthetic Region Group D,1
synthetic-00761,0.762,0.1007,0.1871,12,0.8884,68,0.0169,0.7867,0.3168,0.8152,0.0448,0.886,0.7981,1,0.8542,0.8363,0.2736,0,71,1,Synthetic Region Group A,1
synthetic-00762,0.6022,0.1275,0.3896,12,0.7164,56,0.1193,,0.2995,0.6115,,0.725,,,0.671,0.6335,0.3996,0,52,0.8,Synthetic Region Group B,1
synthetic-00763,0.4815,0.0989,0.3531,12,0.4311,44,0.1266,0.4648,0.4616,0.5303,0.1276,0.516,0.5074,7,0.5233,0.5801,0.3958,3,47,1,Synthetic Region Group C,0
synthetic-00764,0.5389,0.0785,0.3464,7,0.5169,47,0.1124,,,,,0.5425,0.5572,2,0.5246,0.6462,0.3249,4,49,0.8,Synthetic Region Group D,0
synthetic-00765,0.8938,0.044,0.3256,12,,,,0.8778,0.3224,0.8125,0.0546,0.8824,0.7912,0,0.7883,0.842,0.228,0,64,0.85,Synthetic Region Group A,1
synthetic-00766,0.7264,0.0411,0.2737,12,0.7203,58,0.0495,0.7194,,,0.0809,0.658,0.718,2,0.6573,0.5884,0.2678,1,58,0.9,Synthetic Region Group B,1
synthetic-00767,0.468,0.1608,0.4232,12,0.5403,52,0.1312,0.4224,0.4168,0.4281,0.1288,0.5094,0.4781,5,0.4305,0.4681,0.3649,2,46,1,Synthetic Region Group C,0
synthetic-00768,0.65,0.1311,0.3582,7,0.5667,49,0.0567,0.554,,,0.0349,0.5804,,,0.6318,0.5207,0.4206,0,50,0.8,Synthetic Region Group D,1
synthetic-00769,0.8617,0.0872,0.2723,12,0.7416,66,0.0324,0.7676,0.2583,0.74,0.0117,0.8601,0.8295,0,0.823,0.7886,0.314,0,67,1,Synthetic Region Group A,1
synthetic-00770,0.6762,0.1339,0.3767,12,0.5851,51,0.0431,0.7019,0.3843,0.6266,0.0945,0.6454,0.6964,1,0.6016,0.6875,0.4004,0,56,1,Synthetic Region Group B,1
synthetic-00771,0.5177,0.0576,0.3505,12,0.5388,47,0.0941,0.5103,0.3998,0.4203,0.117,0.4587,0.4473,6,0.4553,0.5355,0.3889,5,50,1,Synthetic Region Group C,0
synthetic-00772,0.6403,0.0907,0.2724,7,0.5395,48,0.0664,0.5342,0.3568,0.5063,0.0696,,0.5922,5,,,,,49,0.75,Synthetic Region Group D,1
synthetic-00773,0.7518,0.0221,0.2649,12,0.7563,66,0.0259,0.8671,0.2394,0.8196,0.047,0.8857,0.8607,0,0.7676,0.827,0.2576,0,65,1,Synthetic Region Group A,1
synthetic-00774,0.6222,0.0635,0.2881,12,0.7022,50,0.0524,0.6303,0.3962,0.6533,0.0888,0.6533,0.6192,4,0.7276,0.6845,0.2929,0,59,1,Synthetic Region Group B,1
synthetic-00775,0.5021,0.0845,0.4378,12,0.4331,50,0.1174,0.4253,0.4022,0.5787,0.0689,0.5681,0.4967,3,0.4637,0.5285,0.4191,4,45,1,Synthetic Region Group C,0
synthetic-00776,0.6241,0.1493,0.3558,7,0.5616,54,0.0703,,0.3357,0.6581,,0.5683,0.511,2,0.6439,0.6442,0.3347,0,50,0.9,Synthetic Region Group D,1
synthetic-00777,0.8212,0.0726,0.332,12,0.8514,62,0.0652,0.7412,0.2957,0.7621,0.0577,0.8106,0.8841,0,0.8337,0.7432,0.2565,0,66,1,Synthetic Region Group A,1
synthetic-00778,0.7385,0.1253,0.3175,12,0.6919,56,0.1053,0.6606,0.2677,0.6845,0.0269,0.6641,,,0.5868,0.6092,0.3025,0,61,0.9,Synthetic Region Group B,1
synthetic-00779,0.5614,0.1008,0.427,12,0.5734,46,0.0526,0.5041,0.3025,0.5271,0.0644,0.5553,0.4453,6,0.4507,0.5146,0.3352,4,42,1,Synthetic Region Group C,0
synthetic-00780,0.522,0.1163,0.4083,7,0.6575,49,0.0694,,0.3829,0.5936,,0.5863,0.5459,2,0.5086,0.6336,0.3931,2,52,0.9,Synthetic Region Group D,1
synthetic-00781,0.8132,0.0604,0.2415,12,0.8897,64,0.0972,0.8409,0.308,0.791,0.0172,0.8169,,,0.7772,0.8244,0.2195,0,69,0.9,Synthetic Region Group A,1
synthetic-00782,0.6207,0.0981,0.3565,12,0.6137,55,0.0983,0.7341,0.3621,0.5836,0.0669,0.6585,0.6447,3,0.7239,0.6953,0.2733,0,52,1,Synthetic Region Group B,1
synthetic-00783,0.5301,0.0728,0.4413,12,0.5647,53,0.1379,0.5429,0.3325,0.5554,0.1026,0.4965,0.4234,5,0.578,0.4715,0.3785,4,51,1,Synthetic Region Group C,1
synthetic-00784,0.6171,0.1116,0.2697,7,0.6524,47,0.088,,,,,0.5389,,,0.6491,0.5459,0.4261,2,47,0.7,Synthetic Region Group D,0
synthetic-00785,0.7851,0.105,0.333,12,0.8702,64,0.0211,0.8433,0.2205,0.7976,0.0993,0.7493,0.8204,0,0.8075,0.7529,0.3548,0,66,1,Synthetic Region Group A,1
synthetic-00786,0.6637,0.082,0.2601,12,0.6801,60,0.0725,0.7298,0.3161,0.579,0.1098,0.6319,0.5944,2,0.6359,0.6903,0.3974,2,58,1,Synthetic Region Group B,1
synthetic-00787,0.4394,0.0662,0.4041,12,0.5288,53,0.053,,0.4159,0.4364,,0.4663,0.5388,6,0.4939,0.5306,0.305,2,44,0.9,Synthetic Region Group C,0
synthetic-00788,,,,,0.6239,53,0.0547,,,,,0.5714,,,0.5195,0.5424,0.4317,3,48,0.5,Synthetic Region Group D,0
synthetic-00789,0.8179,0.0745,0.2152,12,0.7431,63,0.0519,0.8555,0.261,0.8834,0.0752,0.7916,0.8897,0,0.8333,0.7841,0.3146,0,62,1,Synthetic Region Group A,1
synthetic-00790,0.7387,0.0388,0.3001,12,0.583,62,0.0407,0.681,0.2887,0.5829,0.0154,0.6689,0.6088,4,0.7001,0.5805,0.3301,3,53,1,Synthetic Region Group B,1
synthetic-00791,0.4566,0.0766,0.3254,12,0.5536,50,0.1185,0.5183,0.3517,0.53,0.1102,0.503,0.4217,8,0.507,0.5632,0.4216,5,44,1,Synthetic Region Group C,0
synthetic-00792,0.549,0.0874,0.3808,7,0.6503,50,0.1322,0.5719,,,0.0528,0.5069,,,0.6047,0.5456,0.3641,0,49,0.8,Synthetic Region Group D,0
synthetic-00793,0.8033,0.1026,0.2209,12,0.8421,58,0.1012,0.8568,0.2428,0.7646,0.009,0.7446,0.8746,0,0.8635,0.7481,0.2606,0,62,1,Synthetic Region Group A,1
synthetic-00794,0.679,0.0372,0.3563,12,0.6611,53,0.046,0.7051,0.2712,0.7164,0.0558,0.6367,0.6312,3,0.6451,0.6063,0.3947,2,60,1,Synthetic Region Group B,1
synthetic-00795,0.4464,0.108,0.4037,12,0.4406,53,0.0991,0.4632,0.3045,0.4565,0.1202,0.581,,,0.5045,0.5335,0.4228,5,50,0.9,Synthetic Region Group C,0
synthetic-00796,,,,,0.5176,51,0.0788,0.559,0.3055,0.6232,0.0475,0.5277,0.5754,2,0.579,0.5716,0.3763,4,56,0.8,Synthetic Region Group D,1
synthetic-00797,0.7557,0.0779,0.286,12,0.8714,65,0.0378,0.787,0.3448,0.8656,0.0295,0.8972,0.7994,1,0.7523,0.7967,0.2815,0,62,1,Synthetic Region Group A,1
synthetic-00798,0.7126,0.1062,0.2748,12,0.661,60,0.0597,0.5892,0.3032,0.6354,0.0499,0.7117,0.6512,2,0.6022,0.6087,0.4099,1,52,1,Synthetic Region Group B,1
synthetic-00799,0.5128,0.119,0.3458,12,0.4417,42,0.0744,0.4604,0.4384,0.5737,0.1303,0.4326,0.4329,6,0.4968,0.5148,0.4594,3,44,1,Synthetic Region Group C,0
synthetic-00800,,,,,0.5097,56,0.0618,,,,,0.5118,,,0.5839,0.6396,0.3016,3,56,0.5,Synthetic Region Group D,0
synthetic-00801,0.8808,0.11,0.3434,12,0.7736,60,0.0721,0.8445,0.2018,0.7527,0.0865,0.8832,0.8405,0,0.8797,0.8994,0.2908,0,69,1,Synthetic Region Group A,1
synthetic-00802,0.5901,0.0878,0.3323,12,0.5931,51,0.1105,0.58,,,0.0702,0.6486,0.6388,0,0.6802,0.729,0.3927,0,61,0.9,Synthetic Region Group B,1
synthetic-00803,0.5519,0.1182,0.4298,12,0.5106,53,0.1255,0.5045,0.3804,0.4616,0.0934,0.5538,0.4286,6,0.5748,0.4941,0.3943,6,47,1,Synthetic Region Group C,0
synthetic-00804,,,,,0.6374,51,0.0835,0.5669,,,0.0417,,,,,,,,56,0.35,Synthetic Region Group D,0
synthetic-00805,0.8984,0.0705,0.2225,12,0.8479,58,0.0346,0.9001,0.2935,0.8847,0.0499,0.8719,0.8863,0,0.7932,0.7754,0.3408,0,70,1,Synthetic Region Group A,1
synthetic-00806,0.7366,0.1117,0.3958,12,0.6956,52,0.0536,0.6023,0.283,0.7199,0.0394,0.7003,0.5803,1,0.6622,0.7388,0.2658,0,57,1,Synthetic Region Group B,1
synthetic-00807,0.5642,0.0614,0.429,12,0.5279,53,0.0959,0.4492,0.3823,0.5617,0.1163,0.5183,,,0.4493,0.5314,0.3777,6,47,0.9,Synthetic Region Group C,0
synthetic-00808,0.5104,0.1273,0.4048,7,0.6008,58,0.1299,,0.4213,0.5126,,0.6355,,,0.5492,0.6284,0.4371,3,49,0.8,Synthetic Region Group D,0
synthetic-00809,0.8237,0.0794,0.2138,12,0.7489,60,0.0582,0.8266,0.2586,0.7408,0.0999,0.7639,0.878,1,0.8582,0.74,0.3253,0,67,1,Synthetic Region Group A,1
synthetic-00810,0.7065,0.0787,0.3837,12,0.5908,60,0.117,0.6676,0.364,0.6566,0.0979,0.6548,0.7241,0,0.7083,0.6422,0.2703,0,59,1,Synthetic Region Group B,1
synthetic-00811,0.5063,0.1561,0.316,12,0.5231,50,0.1049,0.4909,0.3494,0.5776,0.136,0.4316,0.4996,6,0.4758,0.4431,0.3185,3,49,1,Synthetic Region Group C,0
synthetic-00812,0.6156,0.1173,0.3574,7,0.6595,54,0.0613,,,,,,,,,,,,56,0.45,Synthetic Region Group D,0
synthetic-00813,0.7757,0.0098,0.2518,12,0.7567,62,0.0942,0.8594,0.3118,0.8137,0.0487,0.8322,0.8213,0,0.8578,0.7433,0.2609,0,67,1,Synthetic Region Group A,1
synthetic-00814,0.587,0.0567,0.3911,12,0.688,52,0.0582,0.7162,0.3321,0.6461,0.087,0.6925,0.6352,1,0.717,0.6806,0.3449,1,61,1,Synthetic Region Group B,1
synthetic-00815,0.4463,0.1429,0.4041,12,0.5682,49,0.1046,0.5132,0.4219,0.538,0.0959,0.5601,0.4694,3,0.5107,0.4257,0.3511,4,46,1,Synthetic Region Group C,0
synthetic-00816,0.639,0.0531,0.359,7,0.5568,55,0.0786,0.6311,0.4258,0.6159,0.0253,0.5401,0.5786,3,0.5809,0.6591,0.3192,0,50,1,Synthetic Region Group D,1
synthetic-00817,0.8413,0.0358,0.2882,12,0.8801,60,0.076,0.8871,0.3494,0.7496,0.0219,0.8744,0.8054,0,0.8622,0.85,0.341,0,68,1,Synthetic Region Group A,1
synthetic-00818,0.6931,0.1002,0.2758,12,0.7061,55,0.074,0.6689,0.3801,0.6992,0.0971,0.6323,0.6681,0,0.686,0.6227,0.3367,0,58,1,Synthetic Region Group B,1
synthetic-00819,0.4285,0.1363,0.45,12,0.5459,48,0.1014,0.5343,0.3721,0.4378,0.0917,0.5479,,,0.5692,0.4707,0.3571,3,52,0.9,Synthetic Region Group C,0
synthetic-00820,0.5401,0.047,0.3561,7,0.546,48,0.09,,0.3485,0.5276,,0.6075,,,0.6055,0.6051,0.3076,1,55,0.8,Synthetic Region Group D,0
synthetic-00821,0.7857,0.1003,0.3402,12,0.739,68,0.0572,0.867,0.242,0.8707,0.0965,0.8446,,,0.8193,0.827,0.2418,0,65,0.9,Synthetic Region Group A,1
synthetic-00822,0.7221,0.1088,0.3407,12,0.5976,54,0.07,,0.4001,0.6294,,0.5887,,,0.6313,0.5925,0.4081,3,58,0.8,Synthetic Region Group B,0
synthetic-00823,0.5364,0.1392,0.4247,12,0.4641,54,0.1125,0.5395,0.3191,0.513,0.039,0.5161,0.563,7,0.4796,0.4969,0.4118,2,47,1,Synthetic Region Group C,0
synthetic-00824,,,,,0.5997,57,0.0956,,,,,0.6494,,,0.6537,0.5801,0.4251,0,47,0.5,Synthetic Region Group D,0
synthetic-00825,0.7736,0.09,0.2334,12,0.8251,58,0.1003,0.7872,0.3332,0.7826,0.0771,0.7764,0.8959,0,0.8623,0.829,0.3468,0,63,1,Synthetic Region Group A,1
synthetic-00826,0.6337,0.1037,0.2686,12,0.6348,56,0.0656,0.6834,0.3207,0.6491,0.0706,0.7044,0.6228,4,0.5944,0.5798,0.3096,2,59,1,Synthetic Region Group B,1
synthetic-00827,0.4612,0.0579,0.414,12,0.4641,50,0.0817,0.4915,0.3795,0.4828,0.0682,0.4951,0.4486,7,0.4723,0.5502,0.3997,3,47,1,Synthetic Region Group C,0
synthetic-00828,0.6027,0.0866,0.3817,7,0.6496,48,0.084,,0.3417,0.5799,,0.556,,,0.5746,0.5862,0.3175,0,53,0.8,Synthetic Region Group D,1
synthetic-00829,0.8344,0.0811,0.1938,12,0.9,58,0.0763,0.8854,0.2639,0.8673,0.0308,0.85,0.854,1,0.791,0.8184,0.2086,0,68,1,Synthetic Region Group A,1
synthetic-00830,0.6015,0.0833,0.3784,12,,,,,0.2938,0.6035,,0.643,0.6799,1,0.6109,0.6709,0.2658,0,54,0.75,Synthetic Region Group B,1
synthetic-00831,0.5658,0.0812,0.3195,12,0.5687,47,0.1146,0.4247,0.3243,0.4798,0.0931,0.5384,0.5173,3,0.4591,0.4592,0.359,3,46,1,Synthetic Region Group C,1
synthetic-00832,0.5597,0.1279,0.3257,7,0.5585,52,0.078,0.542,0.3721,0.633,0.0295,0.5518,0.5162,1,0.5208,0.5488,0.3046,1,54,1,Synthetic Region Group D,1
synthetic-00833,0.8428,0.0432,0.2895,12,0.7946,64,0.0112,0.8536,0.2467,0.887,0.0208,0.7895,0.7684,0,0.799,0.7846,0.3547,0,61,1,Synthetic Region Group A,1
synthetic-00834,0.7262,0.1286,0.3881,12,0.6714,62,0.0681,0.6577,0.3946,0.6543,0.0295,0.614,0.6678,0,0.6183,0.5791,0.3087,2,58,1,Synthetic Region Group B,1
synthetic-00835,0.4859,0.0734,0.3246,12,0.4377,45,0.1354,0.4627,0.4348,0.5131,0.0662,0.5133,0.5451,6,0.5608,0.5121,0.3157,2,48,1,Synthetic Region Group C,0
synthetic-00836,,,,,0.511,56,0.09,,,,,0.5264,,,0.5845,0.6038,0.3254,2,55,0.5,Synthetic Region Group D,0
synthetic-00837,0.7722,0.0474,0.2346,12,0.8718,65,0.0267,0.8021,0.3486,0.8418,0.0138,0.8994,0.7543,0,0.8376,0.8675,0.2513,0,63,1,Synthetic Region Group A,1
synthetic-00838,0.6981,0.1201,0.304,12,0.7235,61,0.0661,0.6431,0.2594,0.6938,0.0677,0.5928,0.5919,0,0.6497,0.6513,0.3167,0,53,1,Synthetic Region Group B,1
synthetic-00839,0.446,0.0687,0.3666,12,0.5807,48,0.0654,0.4316,0.4185,0.5688,0.039,0.4799,0.5111,4,0.5775,0.4807,0.4502,2,48,1,Synthetic Region Group C,1
synthetic-00840,0.6036,0.0855,0.3041,7,0.5463,46,0.1104,0.644,0.3651,0.6092,0.1267,,0.6083,1,,,,,55,0.75,Synthetic Region Group D,1
synthetic-00841,0.7452,0.0301,0.3039,12,0.7849,63,0.1005,0.7428,0.199,0.8152,0.0081,0.8213,0.8952,0,0.8626,0.7782,0.3098,0,64,1,Synthetic Region Group A,1
synthetic-00842,0.6187,0.0912,0.382,12,0.6681,60,0.1167,0.6169,0.3942,0.6766,0.051,0.645,0.7114,1,0.6096,0.7133,0.3287,2,55,1,Synthetic Region Group B,1
synthetic-00843,0.4322,0.0995,0.3096,12,0.4406,48,0.1075,0.5485,0.3086,0.5756,0.0576,0.5474,0.4201,4,0.5174,0.5582,0.4593,4,50,1,Synthetic Region Group C,0
synthetic-00844,0.6488,0.0801,0.3364,7,0.5781,55,0.101,0.5663,0.3438,0.5963,0.0819,,0.6552,5,,,,,53,0.75,Synthetic Region Group D,1
synthetic-00845,0.8699,0.1121,0.1929,12,0.8682,58,0.036,0.7898,0.2028,0.8857,0.007,0.773,0.8548,0,0.7969,0.8844,0.3415,0,64,1,Synthetic Region Group A,1
synthetic-00846,0.6004,0.0408,0.2463,12,0.6931,56,0.0918,0.6576,0.3018,0.6532,0.0564,0.7284,0.6044,1,0.6441,0.6273,0.3735,1,56,1,Synthetic Region Group B,1
synthetic-00847,0.5016,0.1263,0.3017,12,0.5415,54,0.0723,0.4229,0.4567,0.4323,0.0536,0.5451,,,0.4971,0.4967,0.3928,3,42,0.9,Synthetic Region Group C,0
synthetic-00848,0.5785,0.1142,0.3937,7,0.5168,56,0.0655,0.6509,,,0.0615,0.6332,0.5825,5,0.6453,0.5053,0.4057,1,57,0.9,Synthetic Region Group D,1
synthetic-00849,0.818,0.0144,0.2535,12,0.8495,69,0.0311,,,,,0.8724,0.761,0,0.7606,0.7554,0.3171,0,68,0.8,Synthetic Region Group A,1
synthetic-00850,0.6825,0.1192,0.2465,12,0.671,57,0.0844,0.5924,0.3154,0.581,0.1114,0.5951,0.6878,3,0.6327,0.6361,0.3729,3,62,1,Synthetic Region Group B,1
synthetic-00851,0.439,0.1443,0.4018,12,0.4328,43,0.1439,0.4936,0.4526,0.4407,0.0539,0.5061,0.5357,6,0.498,0.4673,0.3402,2,48,1,Synthetic Region Group C,0
synthetic-00852,0.6559,0.0769,0.2749,7,0.6211,55,0.092,0.5759,,,0.0382,0.5364,0.6234,1,0.6182,0.5196,0.4157,4,50,0.9,Synthetic Region Group D,1
synthetic-00853,0.7914,0.0723,0.2242,12,0.8893,60,0.051,0.7598,0.2579,0.7561,0.0261,0.8053,0.8257,1,0.8406,0.7425,0.2836,0,62,1,Synthetic Region Group A,1
synthetic-00854,0.6244,0.1175,0.3638,12,0.6906,57,0.0529,0.7118,0.2999,0.6072,0.1078,0.5975,0.5847,2,0.7323,0.7228,0.3118,0,52,1,Synthetic Region Group B,1
synthetic-00855,0.4848,0.1121,0.3617,12,0.4945,46,0.0582,0.5059,0.342,0.5306,0.0881,0.5481,,,0.4385,0.5654,0.4222,2,49,0.9,Synthetic Region Group C,0
synthetic-00856,0.6155,0.0869,0.3346,7,0.5219,56,0.1101,0.5799,0.3214,0.5687,0.0672,0.6019,0.6468,4,0.5376,0.5651,0.3371,1,55,1,Synthetic Region Group D,1
synthetic-00857,0.7616,0.0516,0.3286,12,0.8498,63,0.0264,0.8514,0.3413,0.831,0.0274,0.7661,0.8162,0,0.7662,0.8607,0.3502,0,68,1,Synthetic Region Group A,1
synthetic-00858,0.6629,0.0553,0.3773,12,0.6646,61,0.0939,0.6934,0.2713,0.6622,0.1111,0.645,0.5943,2,0.5957,0.6273,0.3016,1,56,1,Synthetic Region Group B,1
synthetic-00859,0.4954,0.1108,0.3592,12,0.5381,50,0.1,0.4361,,,0.1142,0.4465,0.5279,3,0.4494,0.4679,0.4176,1,48,0.9,Synthetic Region Group C,1
synthetic-00860,0.5566,0.1376,0.4098,7,0.4998,50,0.108,0.57,,,0.0878,,0.638,2,,,,,55,0.65,Synthetic Region Group D,0
synthetic-00861,0.8387,0.0808,0.2707,12,0.8636,65,0.0799,0.8351,0.2594,0.867,0.0191,0.782,0.7426,0,0.8312,0.7764,0.2468,0,64,1,Synthetic Region Group A,1
synthetic-00862,0.6356,0.0666,0.2951,12,0.7314,54,0.0843,0.6463,0.3387,0.603,0.0132,0.6201,0.6803,3,0.6577,0.6568,0.332,0,59,1,Synthetic Region Group B,1
synthetic-00863,0.5285,0.0801,0.323,12,0.538,46,0.0876,0.421,0.4565,0.4387,0.0845,0.4197,0.4814,3,0.4406,0.4376,0.3139,4,45,1,Synthetic Region Group C,0
synthetic-00864,0.5183,0.1174,0.3385,7,0.623,56,0.1075,,0.3072,0.5424,,0.6125,0.5782,1,0.5888,0.5065,0.4143,0,48,0.9,Synthetic Region Group D,1
synthetic-00865,0.8481,0.1159,0.2677,12,0.8785,66,0.046,0.8314,0.2753,0.7646,0.0481,0.8751,0.7719,0,0.8204,0.749,0.2502,0,66,1,Synthetic Region Group A,1
synthetic-00866,0.737,0.0652,0.2637,12,0.704,51,0.0373,0.638,0.3224,0.5847,0.0927,0.638,0.7164,2,0.5993,0.7093,0.3746,0,52,1,Synthetic Region Group B,1
synthetic-00867,0.4212,0.13,0.3005,12,0.5356,49,0.099,0.4638,,,0.0409,0.4817,0.4881,2,0.5155,0.5194,0.3498,5,47,0.9,Synthetic Region Group C,0
synthetic-00868,0.5586,0.0843,0.4206,7,0.529,54,0.1081,0.5884,,,0.0498,0.6271,,,0.5117,0.5556,0.406,1,47,0.8,Synthetic Region Group D,0
synthetic-00869,0.7874,0.1133,0.3274,12,0.8257,58,0.0597,0.8128,0.2221,0.7455,0.0804,0.8211,0.8035,0,0.8136,0.8821,0.2313,0,71,1,Synthetic Region Group A,1
synthetic-00870,0.6188,0.0608,0.3368,12,0.7329,59,0.0651,0.6233,0.3291,0.6395,0.0263,0.6376,0.6295,1,0.7362,0.5926,0.3872,2,53,1,Synthetic Region Group B,1
synthetic-00871,0.4354,0.055,0.3502,12,0.4712,45,0.1204,0.5342,0.4272,0.4525,0.0937,,0.4281,4,,,,,50,0.75,Synthetic Region Group C,0
synthetic-00872,0.6126,0.0628,0.366,7,0.5335,49,0.0541,,,,,0.522,,,0.5235,0.5499,0.426,1,47,0.7,Synthetic Region Group D,1
synthetic-00873,0.8712,0.051,0.3347,12,,,,0.8695,0.2996,0.8572,0.1007,0.8391,0.8463,0,0.823,0.7514,0.2224,0,65,0.85,Synthetic Region Group A,1
synthetic-00874,0.5929,0.0395,0.3286,12,0.6146,52,0.0473,,0.3511,0.5901,,0.6858,0.5875,4,0.6737,0.7074,0.306,0,55,0.9,Synthetic Region Group B,1
synthetic-00875,0.4534,0.0629,0.3718,12,0.4477,52,0.0833,0.4471,0.4423,0.5744,0.1189,0.4715,0.5441,7,0.4995,0.4385,0.3757,5,50,1,Synthetic Region Group C,0
synthetic-00876,0.5681,0.1057,0.3849,7,0.4992,55,0.0713,0.5337,0.3023,0.5818,0.0749,0.5368,,,0.5647,0.5226,0.394,3,49,0.9,Synthetic Region Group D,0
synthetic-00877,0.8182,0.0642,0.2267,12,0.8115,68,0.1037,0.7748,0.2629,0.7531,0.0403,0.8566,0.8723,0,0.8649,0.7788,0.3342,0,67,1,Synthetic Region Group A,1
synthetic-00878,0.6799,0.1309,0.2876,12,0.667,55,0.0391,0.6953,,,0.0645,0.6586,,,0.7403,0.6532,0.3,2,54,0.8,Synthetic Region Group B,1
synthetic-00879,0.4782,0.1363,0.3393,12,0.5419,42,0.0938,0.5763,0.3348,0.459,0.1072,0.5442,0.5656,5,0.5169,0.4205,0.3475,2,49,1,Synthetic Region Group C,1
synthetic-00880,0.5509,0.1031,0.3626,7,0.5828,56,0.1251,,0.3052,0.5818,,0.6454,,,0.5746,0.5451,0.3494,4,54,0.8,Synthetic Region Group D,0
synthetic-00881,0.8996,0.1069,0.2436,12,0.872,67,0.0196,0.7954,0.2002,0.8204,0.091,0.7677,0.8552,1,0.802,0.841,0.35,0,67,1,Synthetic Region Group A,1
synthetic-00882,0.689,0.1317,0.3156,12,0.6099,50,0.0516,0.7201,0.3752,0.6567,0.0413,0.5974,0.5922,4,0.6097,0.682,0.2577,3,54,1,Synthetic Region Group B,1
synthetic-00883,0.4235,0.0863,0.394,12,0.479,53,0.143,0.5431,0.3892,0.4516,0.0659,0.5715,0.5033,6,0.4824,0.5767,0.4293,3,42,1,Synthetic Region Group C,0
synthetic-00884,0.5942,0.1496,0.3243,7,0.5623,54,0.1146,,,,,0.5926,,,0.553,0.5345,0.3988,3,50,0.7,Synthetic Region Group D,0
synthetic-00885,0.8575,0.0771,0.2657,12,0.754,67,0.0551,0.8498,0.2007,0.8328,0.0502,0.8116,0.8968,0,0.8235,0.8695,0.3169,0,71,1,Synthetic Region Group A,1
synthetic-00886,0.6656,0.1252,0.3675,12,0.6394,52,0.0729,0.6672,0.3671,0.6741,0.0766,0.6853,0.7218,4,0.6301,0.6475,0.3186,0,56,1,Synthetic Region Group B,1
synthetic-00887,0.5193,0.1482,0.3222,12,0.5374,50,0.0952,0.5765,0.3669,0.5558,0.1136,0.5266,0.4798,5,0.5629,0.4248,0.3821,5,51,1,Synthetic Region Group C,1
synthetic-00888,0.636,0.1432,0.2993,7,0.6235,57,0.127,,0.3201,0.5125,,0.6079,0.5611,1,0.5764,0.5456,0.2951,3,54,0.9,Synthetic Region Group D,1
synthetic-00889,0.7565,0.0885,0.229,12,0.7916,68,0.032,0.7881,0.2094,0.8023,0.0841,0.7984,0.7462,0,0.839,0.8802,0.2496,0,68,1,Synthetic Region Group A,1
synthetic-00890,0.6952,0.1112,0.3449,12,0.6217,52,0.0899,0.6314,0.3348,0.6515,0.0486,0.6597,0.6607,0,0.6959,0.7172,0.345,2,58,1,Synthetic Region Group B,1
synthetic-00891,0.5246,0.1269,0.425,12,0.432,52,0.0608,,0.3456,0.5806,,0.5786,,,0.4489,0.4603,0.3255,3,51,0.8,Synthetic Region Group C,0
synthetic-00892,0.5216,0.0898,0.3751,7,0.6037,54,0.1132,0.5459,,,0.0729,0.6115,,,0.6104,0.6141,0.4224,1,47,0.8,Synthetic Region Group D,0
synthetic-00893,0.8188,0.0193,0.3035,12,0.8523,63,0.0545,0.8914,0.2917,0.891,0.0538,0.7577,0.8112,0,0.7471,0.7736,0.3476,0,63,1,Synthetic Region Group A,1
synthetic-00894,0.6612,0.0881,0.2611,12,0.6372,57,0.1028,0.6047,0.3991,0.6009,0.1107,0.6291,0.6457,2,0.6623,0.6518,0.2688,2,61,1,Synthetic Region Group B,1
synthetic-00895,0.4624,0.092,0.3391,12,0.4254,44,0.0729,0.5292,0.4565,0.5304,0.1165,0.4852,0.429,7,0.5434,0.4525,0.3902,3,44,1,Synthetic Region Group C,0
synthetic-00896,0.63,0.0526,0.4041,7,0.6189,49,0.13,,0.3337,0.5776,,0.5813,,,0.5687,0.637,0.3203,2,57,0.8,Synthetic Region Group D,0
synthetic-00897,0.8231,0.0916,0.3452,12,0.7886,61,0.0357,0.7545,0.331,0.8282,0.0903,0.8649,0.7992,0,0.7781,0.8975,0.243,0,61,1,Synthetic Region Group A,1
synthetic-00898,0.6705,0.1262,0.2526,12,0.7324,51,0.0749,0.5836,0.3299,0.6587,0.0304,0.7171,0.6862,0,0.6327,0.6817,0.3983,0,58,1,Synthetic Region Group B,1
synthetic-00899,0.5291,0.0965,0.3936,12,0.5005,52,0.1203,0.5743,0.4013,0.4401,0.078,0.4729,0.5565,4,0.5432,0.4266,0.3268,3,43,1,Synthetic Region Group C,1
synthetic-00900,0.6543,0.1397,0.3679,7,0.5567,46,0.0577,,,,,0.5764,0.6376,1,0.6072,0.5267,0.437,2,50,0.8,Synthetic Region Group D,1
synthetic-00901,0.8574,0.0638,0.3063,12,0.8131,68,0.0243,0.8084,,,0.0245,0.8345,0.7599,0,0.7941,0.7828,0.2941,0,71,0.9,Synthetic Region Group A,1
synthetic-00902,0.7283,0.0735,0.3427,12,0.5846,58,0.0787,0.6205,0.3847,0.5987,0.0162,0.6685,0.7071,0,0.6857,0.6326,0.3826,1,59,1,Synthetic Region Group B,1
synthetic-00903,0.5101,0.1617,0.3801,12,0.4537,54,0.1249,0.537,0.3109,0.5261,0.0355,0.529,0.497,3,0.4554,0.4596,0.4019,6,48,1,Synthetic Region Group C,0
synthetic-00904,,,,,0.6395,47,0.0754,,,,,0.6391,0.6606,2,0.5519,0.5029,0.398,3,49,0.6,Synthetic Region Group D,1
synthetic-00905,0.7691,0.0763,0.3281,12,0.7406,64,0.0627,,0.2684,0.7609,,,0.8423,1,,,,,63,0.65,Synthetic Region Group A,1
synthetic-00906,0.6387,0.0783,0.319,12,0.7394,55,0.0777,0.659,0.3518,0.5812,0.0405,0.6196,0.6543,3,0.623,0.7333,0.3346,3,60,1,Synthetic Region Group B,1
synthetic-00907,0.5124,0.1392,0.3148,12,0.4365,43,0.0666,0.5454,0.4605,0.5196,0.0676,0.5077,,,0.436,0.4453,0.3078,6,44,0.9,Synthetic Region Group C,0
synthetic-00908,0.5153,0.0787,0.4049,7,0.6433,55,0.1332,0.5597,0.3856,0.5395,0.0283,0.5659,0.5159,4,0.6015,0.5232,0.3332,3,48,1,Synthetic Region Group D,1
synthetic-00909,0.7535,0.022,0.2785,12,0.7948,63,0.0368,0.7475,0.3272,0.817,0.0215,0.8061,,,0.8639,0.7497,0.3322,0,67,0.9,Synthetic Region Group A,1
synthetic-00910,0.5992,0.096,0.3718,12,0.599,52,0.0647,0.7021,,,0.0191,0.6263,0.6539,4,0.711,0.6011,0.303,3,58,0.9,Synthetic Region Group B,1
synthetic-00911,0.5728,0.1252,0.3695,12,0.5803,48,0.1165,0.5709,0.3973,0.433,0.0565,0.5606,0.4469,3,0.5767,0.4411,0.4266,4,52,1,Synthetic Region Group C,0
synthetic-00912,0.6547,0.055,0.327,7,0.5753,52,0.0884,,,,,0.5625,0.5133,5,0.501,0.6508,0.4034,1,50,0.8,Synthetic Region Group D,1
synthetic-00913,0.7777,0.0996,0.2257,12,,,,0.8893,0.2068,0.8191,0.0848,0.8406,0.7454,1,0.7781,0.8641,0.3231,0,68,0.85,Synthetic Region Group A,1
synthetic-00914,0.7022,0.0644,0.362,12,0.6311,62,0.0699,0.5907,0.392,0.6027,0.0183,0.7028,0.7134,1,0.6733,0.7379,0.364,0,52,1,Synthetic Region Group B,1
synthetic-00915,0.5162,0.0857,0.4118,12,0.5357,51,0.095,0.5438,0.4345,0.542,0.0706,0.513,0.4296,3,0.431,0.565,0.4543,2,43,1,Synthetic Region Group C,0
synthetic-00916,0.5094,0.1268,0.2757,7,0.591,56,0.0628,,0.3139,0.6472,,0.586,0.6598,2,0.6064,0.5256,0.4296,1,52,0.9,Synthetic Region Group D,1
synthetic-00917,0.8363,0.0694,0.289,12,0.8849,69,0.0797,,0.3272,0.8216,,0.8043,0.7495,0,0.7567,0.8218,0.2146,0,63,0.9,Synthetic Region Group A,1
synthetic-00918,0.6092,0.1059,0.3082,12,0.6308,58,0.1238,0.7354,0.3264,0.7053,0.0345,0.7356,0.6889,1,0.7331,0.7264,0.3458,2,61,1,Synthetic Region Group B,1
synthetic-00919,0.5521,0.0658,0.3395,12,0.536,52,0.0962,0.4487,0.3189,0.5609,0.0412,0.551,0.4581,5,0.5272,0.4777,0.3786,3,45,1,Synthetic Region Group C,1
synthetic-00920,0.6542,0.1265,0.4025,7,0.6338,50,0.1186,,0.3684,0.5572,,0.5942,,,0.5722,0.4995,0.3785,3,56,0.8,Synthetic Region Group D,1
synthetic-00921,0.7685,0.0285,0.2281,12,0.8765,64,0.0108,0.7535,0.3412,0.8034,0.0275,0.7448,0.7721,0,0.8158,0.8555,0.2982,0,70,1,Synthetic Region Group A,1
synthetic-00922,0.6593,0.0405,0.3281,12,0.7105,56,0.0634,0.6825,0.3213,0.6738,0.0204,0.7236,,,0.6641,0.611,0.2586,0,54,0.9,Synthetic Region Group B,1
synthetic-00923,0.4372,0.0908,0.3301,12,0.483,51,0.0804,0.4748,,,0.08,0.4352,,,0.4789,0.5466,0.4255,5,47,0.8,Synthetic Region Group C,0
synthetic-00924,0.5602,0.0507,0.2813,7,0.6105,57,0.0774,0.6411,0.3661,0.6137,0.1208,0.6139,0.5412,6,0.5945,0.6055,0.4215,1,55,1,Synthetic Region Group D,1
synthetic-00925,0.7999,0.0635,0.2178,12,0.8236,58,0.0649,0.7967,0.2206,0.8666,0.0574,0.8583,0.7712,0,0.748,0.8166,0.2051,0,63,1,Synthetic Region Group A,1
synthetic-00926,0.6726,0.0326,0.3995,12,0.7274,56,0.0941,0.7284,0.2846,0.6247,0.1055,0.7211,,,0.581,0.7024,0.2844,0,53,0.9,Synthetic Region Group B,1
synthetic-00927,0.5065,0.1567,0.3528,12,0.4917,50,0.0922,0.5116,0.4504,0.5121,0.0696,0.5633,0.5323,6,0.5513,0.5785,0.4382,6,50,1,Synthetic Region Group C,0
synthetic-00928,0.6433,0.093,0.4028,7,0.6357,58,0.1208,,0.3078,0.5644,,0.5997,0.5497,1,0.6507,0.5796,0.3806,2,53,0.9,Synthetic Region Group D,1
synthetic-00929,0.7649,0.0975,0.2815,12,0.8993,57,0.096,0.76,0.2005,0.8819,0.0952,0.7782,0.8153,0,0.8716,0.8066,0.3061,0,68,1,Synthetic Region Group A,1
synthetic-00930,0.6973,0.1255,0.369,12,0.6711,50,0.0723,,0.363,0.7146,,0.6166,0.6109,1,0.7055,0.6259,0.2941,1,59,0.9,Synthetic Region Group B,1
synthetic-00931,0.4273,0.0962,0.3392,12,0.4954,44,0.1181,0.4331,0.4153,0.5789,0.1088,0.4252,0.4403,3,0.4595,0.5789,0.4411,2,43,1,Synthetic Region Group C,0
synthetic-00932,0.5924,0.0945,0.381,7,0.519,52,0.0654,,0.35,0.6231,,0.507,0.6604,4,0.5365,0.4992,0.392,2,56,0.9,Synthetic Region Group D,1
synthetic-00933,0.8376,0.0631,0.2636,12,0.8102,63,0.0251,0.7518,0.3175,0.8361,0.0693,0.8984,0.8184,0,0.8736,0.8724,0.2009,0,67,1,Synthetic Region Group A,1
synthetic-00934,0.6548,0.0979,0.3774,12,0.6088,51,0.0406,0.6594,0.4026,0.7389,0.0464,0.6129,0.6162,0,0.6121,0.6904,0.3378,3,58,1,Synthetic Region Group B,1
synthetic-00935,0.515,0.072,0.3069,12,0.4972,44,0.053,0.5231,0.3334,0.5801,0.0782,0.5614,0.5409,7,0.519,0.473,0.4269,2,43,1,Synthetic Region Group C,1
synthetic-00936,0.6482,0.0935,0.4206,7,0.6098,47,0.0421,0.6355,,,0.0338,0.5382,0.6264,5,0.5525,0.6414,0.2945,3,48,0.9,Synthetic Region Group D,1
synthetic-00937,0.7501,0.0868,0.2147,12,0.7735,62,0.0415,0.7621,0.2768,0.7674,0.1028,0.8719,0.8369,1,0.7885,0.8015,0.3048,0,66,1,Synthetic Region Group A,1
synthetic-00938,0.6449,0.1287,0.2567,12,0.5856,58,0.0869,0.6328,0.2963,0.631,0.0323,0.5849,0.7228,4,0.679,0.6011,0.3356,0,52,1,Synthetic Region Group B,1
synthetic-00939,0.4284,0.0704,0.3996,12,0.5211,44,0.064,0.4725,0.3032,0.4259,0.1327,0.5529,0.5435,2,0.4547,0.4247,0.3923,3,45,1,Synthetic Region Group C,0
synthetic-00940,,,,,0.6593,46,0.0521,0.6515,0.3899,0.5488,0.0591,0.6007,,,0.6056,0.6026,0.4094,4,56,0.7,Synthetic Region Group D,0
synthetic-00941,0.7446,0.0819,0.2417,12,0.8537,60,0.062,,0.2253,0.8608,,0.8776,0.8828,0,0.806,0.8524,0.1984,0,68,0.9,Synthetic Region Group A,1
synthetic-00942,0.5816,0.0461,0.3133,12,0.7139,54,0.0773,0.7377,0.3716,0.6882,0.0187,0.6985,0.5829,0,0.7326,0.6572,0.3967,3,58,1,Synthetic Region Group B,1
synthetic-00943,0.5556,0.0577,0.4359,12,0.5542,54,0.0568,0.4868,0.3026,0.4191,0.0569,0.5785,0.4949,5,0.5235,0.5682,0.4195,2,43,1,Synthetic Region Group C,0
synthetic-00944,0.5311,0.0835,0.4222,7,0.5791,52,0.1285,,,,,0.5866,,,0.5497,0.5042,0.3763,4,48,0.7,Synthetic Region Group D,0
synthetic-00945,0.8376,0.0676,0.1944,12,0.8731,59,0.0903,0.8895,0.2467,0.8129,0.054,0.8774,,,0.7628,0.8414,0.2418,0,62,0.9,Synthetic Region Group A,1
synthetic-00946,0.5916,0.1282,0.3458,12,0.6819,54,0.0974,0.6811,0.3188,0.6282,0.1013,0.585,0.5998,0,0.5855,0.5951,0.3398,1,54,1,Synthetic Region Group B,1
synthetic-00947,0.4429,0.0639,0.4361,12,0.4682,53,0.0882,0.5601,0.4136,0.4997,0.0347,0.5135,0.5513,5,0.4265,0.5727,0.3572,6,47,1,Synthetic Region Group C,0
synthetic-00948,0.535,0.071,0.3489,7,0.6456,46,0.0884,,0.4282,0.5454,,0.5368,,,0.6394,0.5303,0.3691,0,52,0.8,Synthetic Region Group D,1
synthetic-00949,0.7782,0.0893,0.2138,12,0.8815,65,0.0736,0.8591,0.25,0.7889,0.022,0.8643,0.7969,0,0.7935,0.8175,0.2793,0,63,1,Synthetic Region Group A,1
synthetic-00950,0.6575,0.1007,0.3589,12,0.7361,52,0.0497,0.6509,0.3401,0.6173,0.0696,0.617,0.6601,1,0.6551,0.7046,0.3562,3,58,1,Synthetic Region Group B,1
synthetic-00951,0.4552,0.1264,0.3791,12,0.4593,50,0.1226,0.5342,0.3441,0.4217,0.1003,0.4363,0.5215,7,0.4965,0.5086,0.3938,4,52,1,Synthetic Region Group C,0
synthetic-00952,0.5145,0.0534,0.3173,7,0.5055,56,0.0717,,0.399,0.6091,,,,,,,,,55,0.55,Synthetic Region Group D,0
synthetic-00953,0.8842,0.1077,0.2325,12,0.8062,58,0.044,0.8976,0.2791,0.7707,0.0425,0.7859,0.758,1,0.7969,0.8028,0.3307,0,67,1,Synthetic Region Group A,1
synthetic-00954,0.6852,0.1338,0.2621,12,0.6804,58,0.1195,0.6213,,,0.058,0.6055,0.6482,4,0.6332,0.6028,0.2944,1,56,0.9,Synthetic Region Group B,1
synthetic-00955,0.4441,0.156,0.3078,12,0.508,51,0.0622,0.4731,0.3777,0.5252,0.0406,0.4335,0.5215,6,0.5288,0.4222,0.3517,2,51,1,Synthetic Region Group C,0
synthetic-00956,0.5142,0.1209,0.4009,7,0.5423,48,0.1037,,0.3155,0.6201,,0.6369,,,0.5289,0.6488,0.4101,1,50,0.8,Synthetic Region Group D,0
synthetic-00957,0.7771,0.0164,0.2336,12,,,,0.8478,0.2326,0.8099,0.0521,0.7585,0.7975,0,0.8023,0.7693,0.3507,0,71,0.85,Synthetic Region Group A,1
synthetic-00958,0.6291,0.0716,0.2622,12,0.7068,57,0.0577,,0.4024,0.7224,,0.6562,0.5984,4,0.6175,0.7265,0.3141,2,54,0.9,Synthetic Region Group B,1
synthetic-00959,0.4845,0.0599,0.3806,12,0.4294,42,0.1118,,0.3198,0.4816,,0.5367,0.4236,5,0.5201,0.5797,0.4372,5,50,0.9,Synthetic Region Group C,0
synthetic-00960,0.5027,0.0775,0.4112,7,0.6398,57,0.0453,0.5324,0.3822,0.6364,0.1189,0.5488,,,0.5853,0.6356,0.316,2,47,0.9,Synthetic Region Group D,1
synthetic-00961,0.7768,0.0614,0.2997,12,,,,0.8263,0.2361,0.8808,0.0545,0.8081,0.8887,0,0.8134,0.7819,0.2167,0,66,0.85,Synthetic Region Group A,1
synthetic-00962,0.719,0.1186,0.2451,12,0.715,55,0.105,0.6654,0.2669,0.6633,0.086,0.6096,0.7155,4,0.6716,0.6005,0.2535,0,55,1,Synthetic Region Group B,1
synthetic-00963,0.5242,0.1596,0.3366,12,0.532,51,0.1319,0.4389,0.4041,0.4309,0.0499,0.5241,0.4526,6,0.509,0.465,0.3986,6,47,1,Synthetic Region Group C,0
synthetic-00964,0.4992,0.0963,0.3469,7,0.6273,49,0.0749,,0.3853,0.5035,,,0.5961,3,,,,,54,0.65,Synthetic Region Group D,0
synthetic-00965,0.8249,0.0845,0.3346,12,0.8909,66,0.0559,0.8839,0.3298,0.8812,0.0809,0.8745,0.762,0,0.749,0.8373,0.2792,0,61,1,Synthetic Region Group A,1
synthetic-00966,0.6932,0.0811,0.2901,12,0.6682,54,0.0797,,0.3296,0.713,,0.7156,0.5797,4,0.7308,0.5957,0.3058,0,61,0.9,Synthetic Region Group B,1
synthetic-00967,0.5207,0.0949,0.3275,12,0.4882,44,0.1172,0.4445,0.3906,0.5205,0.0595,0.5082,0.441,6,0.4582,0.545,0.4388,3,44,1,Synthetic Region Group C,0
synthetic-00968,0.5264,0.0618,0.3212,7,0.5852,49,0.1144,0.5192,0.3633,0.5684,0.05,0.505,0.5948,4,0.5531,0.5554,0.3038,2,51,1,Synthetic Region Group D,1
synthetic-00969,0.7748,0.0539,0.3061,12,0.7665,68,0.0874,0.8352,0.238,0.8283,0.0698,0.8133,0.8581,0,0.7728,0.882,0.3143,0,68,1,Synthetic Region Group A,1
synthetic-00970,0.6307,0.0452,0.2657,12,0.6616,57,0.1053,0.5821,0.3879,0.7094,0.0148,0.6461,0.6412,1,0.5879,0.6766,0.3518,0,52,1,Synthetic Region Group B,1
synthetic-00971,0.5402,0.1006,0.3893,12,0.5546,43,0.081,0.5117,0.4205,0.541,0.0538,0.4805,0.5574,3,0.4762,0.5479,0.4036,5,52,1,Synthetic Region Group C,1
synthetic-00972,0.5669,0.1067,0.3628,7,0.5307,51,0.1165,,0.324,0.5949,,0.6267,,,0.6299,0.5777,0.3879,1,48,0.8,Synthetic Region Group D,1
synthetic-00973,0.844,0.0759,0.2246,12,0.7753,62,0.0566,0.8777,0.3409,0.8113,0.082,0.8805,0.8761,0,0.8867,0.8301,0.2896,0,65,1,Synthetic Region Group A,1
synthetic-00974,0.5827,0.0589,0.3217,12,0.6375,54,0.0641,0.5963,0.286,0.5907,0.0435,,0.679,2,,,,,53,0.75,Synthetic Region Group B,1
synthetic-00975,0.4798,0.0973,0.3469,12,0.4813,44,0.0538,0.5465,,,0.0975,0.5274,0.5533,4,0.5095,0.508,0.4232,5,44,0.9,Synthetic Region Group C,1
synthetic-00976,0.6143,0.1352,0.2852,7,0.6265,56,0.0454,,,,,0.619,,,0.5901,0.6339,0.4368,1,49,0.7,Synthetic Region Group D,0
synthetic-00977,0.7818,0.0951,0.2034,12,0.8119,65,0.0951,0.8574,0.3546,0.8827,0.0326,,0.8767,1,,,,,67,0.75,Synthetic Region Group A,1
synthetic-00978,0.6678,0.1029,0.3925,12,0.7011,59,0.0355,,0.3554,0.7384,,,0.6172,0,,,,,59,0.65,Synthetic Region Group B,1
synthetic-00979,0.5434,0.1349,0.4395,12,0.5507,52,0.077,0.5668,0.3471,0.5096,0.0916,0.4616,0.4226,4,0.5145,0.5021,0.3622,2,43,1,Synthetic Region Group C,1
synthetic-00980,,,,,0.5287,47,0.1219,,0.3749,0.6595,,0.5073,,,0.6096,0.5145,0.3852,3,52,0.6,Synthetic Region Group D,0
synthetic-00981,0.8654,0.0454,0.3168,12,0.7556,58,0.0336,0.7414,,,0.0742,0.8574,,,0.8352,0.8517,0.3404,0,66,0.8,Synthetic Region Group A,1
synthetic-00982,0.6315,0.0355,0.2848,12,0.6757,59,0.0813,0.6108,,,0.0528,0.682,0.6262,2,0.6077,0.6794,0.3864,0,56,0.9,Synthetic Region Group B,1
synthetic-00983,0.4559,0.0854,0.3316,12,0.5109,49,0.1274,0.5481,0.3114,0.4749,0.0982,0.4255,0.487,7,0.5743,0.5626,0.4623,3,43,1,Synthetic Region Group C,0
synthetic-00984,0.6096,0.084,0.3555,7,0.5652,48,0.114,,0.2925,0.6168,,0.5868,0.5336,4,0.535,0.5999,0.3178,2,49,0.9,Synthetic Region Group D,1
synthetic-00985,0.8496,0.018,0.3303,12,0.7981,61,0.0609,0.8653,0.2147,0.8186,0.0441,0.8494,0.8563,0,0.8683,0.8401,0.3553,0,67,1,Synthetic Region Group A,1
synthetic-00986,0.7252,0.0746,0.2594,12,0.7187,51,0.0886,0.6623,0.2596,0.6344,0.1151,0.6668,0.7194,0,0.6577,0.6911,0.3283,0,53,1,Synthetic Region Group B,1
synthetic-00987,0.5175,0.061,0.3635,12,0.5615,43,0.134,,0.3598,0.5548,,0.5729,0.5509,4,0.4899,0.5028,0.4245,3,44,0.9,Synthetic Region Group C,1
synthetic-00988,0.5493,0.1189,0.4056,7,0.5234,46,0.0749,0.6171,,,0.0771,0.631,,,0.5422,0.657,0.4349,4,49,0.8,Synthetic Region Group D,0
synthetic-00989,0.7798,0.0852,0.2462,12,0.8786,65,0.0796,0.8686,0.2664,0.8967,0.0839,0.7579,0.7585,0,0.8483,0.7393,0.3422,0,64,1,Synthetic Region Group A,1
synthetic-00990,0.6249,0.0368,0.2757,12,0.6413,53,0.1048,0.7003,0.3419,0.6477,0.0844,0.6294,0.6403,2,0.6118,0.6129,0.26,0,57,1,Synthetic Region Group B,1
synthetic-00991,0.4676,0.1536,0.4208,12,0.5612,50,0.0924,0.5333,0.3748,0.5517,0.0854,0.4726,0.5435,6,0.4194,0.5073,0.4214,3,47,1,Synthetic Region Group C,0
synthetic-00992,,,,,0.6012,57,0.066,,0.4257,0.6201,,0.6317,0.575,3,0.6245,0.5112,0.41,0,53,0.7,Synthetic Region Group D,1
synthetic-00993,0.8866,0.0527,0.2868,12,0.8393,69,0.0298,0.778,0.2503,0.744,0.006,0.8715,0.788,0,0.7931,0.8325,0.2931,0,69,1,Synthetic Region Group A,1
synthetic-00994,0.5863,0.0872,0.3685,12,0.6471,59,0.1028,0.5906,0.4023,0.6873,0.1091,0.6514,0.67,0,0.6605,0.6798,0.3917,0,57,1,Synthetic Region Group B,1
synthetic-00995,0.5021,0.1516,0.4021,12,0.4701,51,0.1282,0.5637,0.3536,0.4419,0.0827,0.4209,0.5575,2,0.5196,0.4209,0.4121,3,47,1,Synthetic Region Group C,1
synthetic-00996,0.5484,0.1339,0.2735,7,0.5449,48,0.1215,,,,,0.5408,,,0.5675,0.5966,0.3598,3,57,0.7,Synthetic Region Group D,0
synthetic-00997,0.8755,0.0648,0.3369,12,0.778,58,0.0432,0.78,0.3461,0.8555,0.0785,0.8549,0.7825,0,0.8027,0.779,0.2665,0,69,1,Synthetic Region Group A,1
synthetic-00998,0.6717,0.0831,0.2985,12,0.5813,50,0.0873,0.6127,0.3552,0.6722,0.0278,0.5941,0.6893,0,0.654,0.7347,0.3828,0,55,1,Synthetic Region Group B,1
synthetic-00999,0.4879,0.0649,0.369,12,,,,0.4238,0.3708,0.5131,0.111,0.4733,0.537,7,0.5713,0.5325,0.3838,5,47,0.85,Synthetic Region Group C,0
synthetic-01000,0.5844,0.1497,0.3951,7,0.5618,57,0.0942,,0.3257,0.6248,,,,,,,,,55,0.55,Synthetic Region Group D,0
synthetic-01001,0.7576,0.0789,0.2732,12,0.8048,59,0.1019,,0.3299,0.7862,,0.8763,0.7531,0,0.7648,0.8999,0.2819,0,64,0.9,Synthetic Region Group A,1
synthetic-01002,0.6496,0.071,0.327,12,0.723,60,0.0812,0.6302,0.3144,0.6998,0.0497,0.5884,,,0.6828,0.648,0.3715,3,56,0.9,Synthetic Region Group B,1
synthetic-01003,0.5652,0.0611,0.4459,12,0.5421,43,0.1246,0.5065,0.4239,0.4225,0.0667,0.4921,0.4545,7,0.5629,0.5635,0.4157,4,51,1,Synthetic Region Group C,0
synthetic-01004,0.6086,0.0976,0.3216,7,0.5433,52,0.0944,0.654,0.4243,0.6262,0.1245,0.5032,,,0.5499,0.587,0.4326,4,55,0.9,Synthetic Region Group D,0
synthetic-01005,0.785,0.1139,0.191,12,0.8854,65,0.0149,0.859,0.3239,0.8163,0.0794,0.8729,0.8754,0,0.7604,0.828,0.1978,0,64,1,Synthetic Region Group A,1
synthetic-01006,0.6165,0.0509,0.2673,12,0.6607,58,0.1099,0.7009,0.2782,0.6611,0.1206,0.7109,0.5978,3,0.7345,0.5992,0.3626,0,53,1,Synthetic Region Group B,1
synthetic-01007,0.5002,0.1593,0.4337,12,0.541,52,0.0874,,0.4459,0.5349,,0.526,0.4732,6,0.4231,0.5658,0.4634,4,52,0.9,Synthetic Region Group C,0
synthetic-01008,0.6526,0.0827,0.3357,7,0.5687,51,0.0771,,0.4141,0.5319,,,0.5358,3,,,,,54,0.65,Synthetic Region Group D,0
synthetic-01009,0.8793,0.0204,0.3008,12,0.7855,62,0.046,0.7575,0.2142,0.8055,0.0232,0.8967,0.7452,0,0.794,0.8855,0.2088,0,70,1,Synthetic Region Group A,1
synthetic-01010,0.5839,0.0672,0.313,12,0.6394,60,0.1064,0.6932,0.3523,0.7396,0.0779,0.6526,0.7236,3,0.6362,0.6098,0.2803,2,52,1,Synthetic Region Group B,1
synthetic-01011,0.5661,0.1506,0.3492,12,0.5209,51,0.0595,0.4397,0.3928,0.5039,0.0935,0.4597,0.5604,3,0.5524,0.561,0.3615,3,49,1,Synthetic Region Group C,1
synthetic-01012,0.5756,0.0804,0.3501,7,0.6096,50,0.1097,0.5004,0.4,0.6224,0.1202,0.5238,,,0.548,0.5307,0.3537,2,50,0.9,Synthetic Region Group D,1
synthetic-01013,0.7647,0.0933,0.2652,12,0.8682,61,0.0635,0.84,0.2989,0.7633,0.0755,0.8685,0.8027,0,0.8186,0.7539,0.2079,0,70,1,Synthetic Region Group A,1
synthetic-01014,0.7075,0.1313,0.2562,12,0.6925,59,0.0752,0.6762,0.3083,0.6995,0.1043,0.7351,0.7399,1,0.6839,0.6044,0.3086,3,55,1,Synthetic Region Group B,1
synthetic-01015,0.4256,0.146,0.4448,12,0.5548,54,0.1001,,0.4149,0.5393,,0.4732,0.5048,3,0.4609,0.5345,0.4308,2,42,0.9,Synthetic Region Group C,0
synthetic-01016,0.6034,0.0585,0.2938,7,0.6326,52,0.1347,,,,,0.6561,,,0.6367,0.6415,0.3544,0,53,0.7,Synthetic Region Group D,0
synthetic-01017,0.8072,0.082,0.288,12,0.7668,68,0.098,0.817,0.2461,0.8672,0.044,0.7879,0.7575,0,0.8813,0.797,0.2125,0,66,1,Synthetic Region Group A,1
synthetic-01018,0.6059,0.0783,0.3875,12,0.6371,55,0.033,0.6686,0.2947,0.6447,0.0821,0.6866,0.6353,0,0.6217,0.6731,0.2784,1,56,1,Synthetic Region Group B,1
synthetic-01019,0.5794,0.0562,0.3273,12,0.5441,54,0.1175,0.4967,0.3393,0.51,0.0563,0.5296,0.557,6,0.4232,0.5262,0.4411,5,48,1,Synthetic Region Group C,0
synthetic-01020,0.5526,0.1047,0.3758,7,0.631,58,0.1254,,,,,,0.593,6,,,,,50,0.55,Synthetic Region Group D,0
synthetic-01021,0.7782,0.0906,0.211,12,0.8354,67,0.0895,,0.3095,0.8113,,0.807,0.8499,0,0.7656,0.8349,0.3183,0,66,0.9,Synthetic Region Group A,1
synthetic-01022,0.6885,0.1334,0.3244,12,0.6727,55,0.0943,0.6671,0.3622,0.582,0.0677,0.7175,,,0.6137,0.6435,0.2913,0,60,0.9,Synthetic Region Group B,1
synthetic-01023,0.4275,0.0845,0.4403,12,0.4771,52,0.0562,0.4845,0.3083,0.4871,0.1084,0.5139,0.5555,5,0.4517,0.4687,0.4038,5,44,1,Synthetic Region Group C,0
synthetic-01024,0.5166,0.128,0.3739,7,0.5858,47,0.088,,,,,0.5716,0.5005,5,0.527,0.6344,0.4272,1,55,0.8,Synthetic Region Group D,0
synthetic-01025,0.7991,0.0822,0.2298,12,0.778,67,0.0888,,0.245,0.7451,,0.8267,0.7844,0,0.8167,0.8295,0.2464,0,62,0.9,Synthetic Region Group A,1
synthetic-01026,0.7284,0.0981,0.31,12,0.5949,50,0.1217,0.6408,0.2654,0.5942,0.0507,0.7072,0.6541,2,0.7146,0.693,0.2598,0,58,1,Synthetic Region Group B,1
synthetic-01027,0.486,0.0895,0.3739,12,0.436,52,0.0729,0.4826,,,0.0895,0.512,0.4682,5,0.51,0.4853,0.3529,5,44,0.9,Synthetic Region Group C,0
synthetic-01028,,,,,0.6196,53,0.0528,,0.4318,0.5686,,,,,,,,,49,0.35,Synthetic Region Group D,0
synthetic-01029,0.7444,0.0185,0.3297,12,0.8873,68,0.1026,0.8497,0.3428,0.8506,0.0005,0.7888,0.8653,0,0.8581,0.7643,0.259,0,71,1,Synthetic Region Group A,1
synthetic-01030,0.6949,0.1197,0.3491,12,0.6059,52,0.0786,0.6134,0.3406,0.6359,0.0904,0.6195,0.7287,0,0.7083,0.6465,0.3138,1,58,1,Synthetic Region Group B,1
synthetic-01031,0.4827,0.1501,0.4187,12,0.449,44,0.0606,0.5657,0.3518,0.4344,0.1033,0.4893,0.4355,7,0.5773,0.493,0.4209,4,43,1,Synthetic Region Group C,0
synthetic-01032,0.6254,0.0815,0.277,7,0.6416,50,0.0995,0.6574,0.3871,0.6131,0.0993,0.6534,0.6289,1,0.6312,0.6051,0.4208,1,54,1,Synthetic Region Group D,1
synthetic-01033,0.8168,0.0978,0.2871,12,0.8723,66,0.0335,0.844,0.2383,0.8321,0.0463,0.7443,0.8822,0,0.8364,0.7959,0.254,0,61,1,Synthetic Region Group A,1
synthetic-01034,0.6568,0.0627,0.3188,12,0.6359,59,0.0952,0.7148,0.2879,0.6078,0.102,0.6813,0.7204,4,0.7252,0.7,0.3793,0,52,1,Synthetic Region Group B,1
synthetic-01035,0.5517,0.0804,0.3806,12,0.4687,47,0.12,0.4767,0.3889,0.423,0.1308,0.4834,0.5138,7,0.4633,0.5429,0.4181,4,47,1,Synthetic Region Group C,0
synthetic-01036,,,,,0.5231,57,0.0433,,0.3747,0.5293,,,,,,,,,53,0.35,Synthetic Region Group D,0
synthetic-01037,0.7782,0.0463,0.2675,12,0.8338,60,0.0711,0.8265,0.2905,0.7496,0.0679,0.8852,0.8254,1,0.8938,0.8564,0.3098,0,63,1,Synthetic Region Group A,1
synthetic-01038,0.6519,0.0884,0.3732,12,0.7002,53,0.0705,0.6864,0.2696,0.659,0.0234,0.6112,0.5901,0,0.7376,0.6168,0.2607,1,54,1,Synthetic Region Group B,1
synthetic-01039,0.4345,0.0896,0.3472,12,0.4382,53,0.1004,0.4311,0.4525,0.5167,0.0742,0.5093,0.5258,6,0.5464,0.541,0.4125,2,48,1,Synthetic Region Group C,1
synthetic-01040,0.5953,0.1488,0.3418,7,0.6334,53,0.0989,,0.4022,0.541,,,,,,,,,48,0.55,Synthetic Region Group D,0
synthetic-01041,0.7566,0.071,0.2296,12,0.7587,64,0.0833,0.7828,0.2453,0.8338,0.061,0.7455,0.861,0,0.7634,0.825,0.2916,0,71,1,Synthetic Region Group A,1
synthetic-01042,0.7234,0.0909,0.294,12,0.6059,61,0.0643,0.7193,0.308,0.7266,0.0238,0.6934,0.7073,2,0.6803,0.7067,0.4085,1,57,1,Synthetic Region Group B,1
synthetic-01043,0.5318,0.0555,0.3211,12,0.4323,47,0.0792,0.5029,0.3997,0.4477,0.1183,0.452,0.4627,5,0.5264,0.5588,0.3124,4,51,1,Synthetic Region Group C,0
synthetic-01044,0.6379,0.1181,0.2782,7,0.5288,51,0.1015,0.5495,0.3404,0.5039,0.0329,,0.6386,2,,,,,55,0.75,Synthetic Region Group D,1
synthetic-01045,0.849,0.0283,0.1954,12,0.8126,67,0.0252,0.8004,0.3444,0.8626,0.0036,0.8418,0.7874,0,0.8579,0.7785,0.2047,0,62,1,Synthetic Region Group A,1
synthetic-01046,0.7277,0.0932,0.3814,12,0.6555,60,0.1094,0.7172,0.3798,0.6943,0.0478,0.5894,0.6806,2,0.6246,0.7409,0.3934,0,61,1,Synthetic Region Group B,1
synthetic-01047,0.5022,0.0692,0.3454,12,0.4567,51,0.0946,0.5273,0.4468,0.453,0.0703,0.5205,0.5206,3,0.5278,0.4212,0.3331,2,44,1,Synthetic Region Group C,1
synthetic-01048,0.5776,0.1289,0.392,7,0.5806,54,0.0777,0.6403,0.326,0.5409,0.0734,0.5878,,,0.5163,0.5188,0.36,1,51,0.9,Synthetic Region Group D,0
synthetic-01049,0.8072,0.0664,0.2573,12,0.8666,62,0.0294,0.8007,0.2344,0.7853,0.0093,0.828,0.7546,0,0.8167,0.893,0.2845,0,63,1,Synthetic Region Group A,1
synthetic-01050,0.7215,0.1256,0.2789,12,0.6368,59,0.038,0.6848,0.2846,0.6384,0.1087,0.6854,0.5935,0,0.7049,0.6597,0.41,0,57,1,Synthetic Region Group B,1
synthetic-01051,0.4912,0.0877,0.4103,12,0.5146,51,0.066,0.4842,0.4336,0.43,0.1177,0.4668,0.4529,3,0.524,0.5076,0.4334,3,44,1,Synthetic Region Group C,1
synthetic-01052,0.6405,0.1353,0.3654,7,0.6361,58,0.0869,0.5358,0.434,0.5123,0.0421,,0.633,4,,,,,51,0.75,Synthetic Region Group D,1
synthetic-01053,0.8569,0.0158,0.202,12,0.8804,62,0.0318,0.8214,0.3532,0.7544,0.0038,0.795,0.7781,0,0.8892,0.8206,0.2171,0,62,1,Synthetic Region Group A,1
synthetic-01054,0.6268,0.0754,0.2778,12,0.6751,52,0.0491,0.5859,0.2887,0.6064,0.0644,0.7407,0.7317,1,0.6178,0.7373,0.2557,2,56,1,Synthetic Region Group B,1
synthetic-01055,0.5582,0.0948,0.3353,12,0.5542,52,0.0918,0.4308,0.3434,0.4555,0.138,0.5382,0.4222,4,0.4823,0.4745,0.4155,2,44,1,Synthetic Region Group C,1
synthetic-01056,0.5376,0.1498,0.2729,7,0.639,49,0.127,0.538,0.4031,0.52,0.1046,0.5145,,,0.6506,0.6392,0.4095,2,56,0.9,Synthetic Region Group D,0
synthetic-01057,0.8759,0.0756,0.3317,12,0.7415,66,0.0339,0.8226,0.3431,0.7993,0.0363,0.8182,0.8686,0,0.7536,0.8736,0.2352,0,69,1,Synthetic Region Group A,1
synthetic-01058,0.6397,0.0995,0.3455,12,,,,0.6888,0.2598,0.6554,0.0138,0.6966,0.6442,2,0.6922,0.5979,0.264,0,52,0.85,Synthetic Region Group B,1
synthetic-01059,0.4962,0.1547,0.3929,12,0.5105,49,0.0769,,0.3489,0.5363,,0.4852,0.4931,5,0.5324,0.5659,0.3739,3,46,0.9,Synthetic Region Group C,0
synthetic-01060,0.5462,0.1038,0.3863,7,0.6084,54,0.0944,,0.4192,0.5868,,0.5216,,,0.6447,0.5594,0.303,4,51,0.8,Synthetic Region Group D,0
synthetic-01061,0.8271,0.0851,0.1969,12,0.89,69,0.0744,0.8309,0.2326,0.7816,0.0344,0.7646,0.7989,0,0.8784,0.8037,0.2878,0,66,1,Synthetic Region Group A,1
synthetic-01062,0.6827,0.0392,0.3821,12,0.7114,57,0.078,0.7302,0.3524,0.6453,0.0199,0.6168,0.6968,0,0.6261,0.6679,0.3135,1,52,1,Synthetic Region Group B,1
synthetic-01063,0.5604,0.0657,0.3482,12,0.5096,48,0.0716,0.4207,0.3768,0.5223,0.138,0.5077,0.5346,3,0.572,0.5422,0.4461,5,46,1,Synthetic Region Group C,1
synthetic-01064,0.6078,0.0957,0.3996,7,0.6509,49,0.1142,,0.436,0.6412,,0.5457,,,0.6414,0.6233,0.3532,2,51,0.8,Synthetic Region Group D,0
synthetic-01065,0.777,0.0109,0.3476,12,0.8299,65,0.0259,0.8511,0.2485,0.7644,0.0974,0.8235,0.8205,0,0.7436,0.7432,0.1972,0,63,1,Synthetic Region Group A,1
synthetic-01066,0.6053,0.0759,0.3847,12,0.597,61,0.119,0.5945,,,0.038,0.6782,0.7384,1,0.7367,0.5907,0.3313,0,56,0.9,Synthetic Region Group B,1
synthetic-01067,0.57,0.1179,0.4474,12,0.5004,52,0.1016,0.5092,0.4108,0.4873,0.0697,0.5536,0.526,3,0.5673,0.5676,0.3177,3,47,1,Synthetic Region Group C,1
synthetic-01068,0.6412,0.0602,0.3079,7,0.5534,52,0.0437,0.5093,0.3305,0.5935,0.118,0.6003,,,0.5764,0.569,0.3184,4,49,0.9,Synthetic Region Group D,0
synthetic-01069,0.7691,0.1131,0.3037,12,0.8897,62,0.0879,0.8385,0.3259,0.8133,0,0.839,0.862,0,0.8307,0.813,0.2355,0,65,1,Synthetic Region Group A,1
synthetic-01070,0.6513,0.0915,0.3626,12,0.6584,50,0.0362,,0.3641,0.7172,,0.6494,,,0.6965,0.6532,0.2722,2,57,0.8,Synthetic Region Group B,1
synthetic-01071,0.4782,0.087,0.319,12,0.5221,42,0.1447,0.5782,0.4265,0.5443,0.0792,0.4603,0.4666,3,0.4329,0.5338,0.3588,4,43,1,Synthetic Region Group C,0
synthetic-01072,0.5294,0.1421,0.3149,7,0.6289,49,0.0894,,0.3886,0.5476,,0.5759,0.5804,1,0.5446,0.5416,0.3234,1,48,0.9,Synthetic Region Group D,1
synthetic-01073,0.7456,0.0788,0.257,12,0.8941,63,0.0361,0.8953,0.3304,0.844,0.0182,0.8634,0.8391,1,0.7539,0.8791,0.2869,0,68,1,Synthetic Region Group A,1
synthetic-01074,0.6801,0.0669,0.3976,12,0.596,57,0.0621,,0.2608,0.6512,,0.7204,0.6651,0,0.7006,0.7406,0.3254,3,52,0.9,Synthetic Region Group B,1
synthetic-01075,0.5001,0.1615,0.3763,12,0.4199,50,0.1132,0.5495,0.3081,0.5116,0.1186,0.5259,0.4432,4,0.4973,0.5662,0.448,6,44,1,Synthetic Region Group C,0
synthetic-01076,,,,,0.5049,49,0.1243,,,,,0.5736,0.5616,4,0.5761,0.5928,0.276,2,47,0.6,Synthetic Region Group D,0
synthetic-01077,0.8687,0.0829,0.3114,12,0.7754,60,0.0219,0.8653,0.3388,0.8997,0.0744,0.8039,0.8687,0,0.8174,0.861,0.3463,0,62,1,Synthetic Region Group A,1
synthetic-01078,0.6474,0.1199,0.3643,12,0.7349,57,0.0599,0.6724,0.2891,0.6241,0.0168,0.669,0.5844,4,0.7194,0.7135,0.314,1,52,1,Synthetic Region Group B,1
synthetic-01079,0.488,0.0751,0.3616,12,0.5238,44,0.0882,0.4402,,,0.0647,0.4241,0.506,7,0.5664,0.4747,0.3558,2,47,0.9,Synthetic Region Group C,0
synthetic-01080,0.5716,0.1317,0.2957,7,0.639,56,0.1087,,0.3401,0.5424,,0.5568,0.5785,5,0.5513,0.5179,0.3325,0,54,0.9,Synthetic Region Group D,1
synthetic-01081,0.7405,0.0408,0.1922,12,0.8777,58,0.0455,0.773,0.3497,0.7486,0,0.8888,,,0.8911,0.7757,0.3196,0,66,0.9,Synthetic Region Group A,1
synthetic-01082,0.6119,0.1043,0.2846,12,0.6739,54,0.1054,0.7137,0.3163,0.6171,0.1126,0.7119,,,0.7263,0.6646,0.3154,0,59,0.9,Synthetic Region Group B,1
synthetic-01083,0.4988,0.0984,0.3083,12,0.5319,45,0.0691,0.5287,0.3257,0.5599,0.0376,0.5481,,,0.4749,0.445,0.3262,2,43,0.9,Synthetic Region Group C,0
synthetic-01084,0.5488,0.0519,0.3182,7,0.6061,55,0.0824,0.6233,,,0.0599,0.501,,,0.5502,0.5783,0.2808,2,49,0.8,Synthetic Region Group D,0
synthetic-01085,0.7858,0.0165,0.229,12,0.8677,68,0.0737,0.7979,0.339,0.8356,0.016,0.7843,0.8198,0,0.8855,0.7813,0.1996,0,62,1,Synthetic Region Group A,1
synthetic-01086,0.6954,0.0991,0.3729,12,0.6789,58,0.1087,0.585,0.3494,0.6481,0.0872,0.6004,,,0.5893,0.5809,0.3492,2,57,0.9,Synthetic Region Group B,1
synthetic-01087,0.4834,0.0761,0.3981,12,0.5135,49,0.0517,0.4856,0.4401,0.5148,0.0599,0.4493,0.5083,3,0.4495,0.4215,0.3333,2,42,1,Synthetic Region Group C,1
synthetic-01088,0.6464,0.0889,0.3732,7,0.6253,50,0.057,,0.2889,0.5975,,,0.5103,1,,,,,52,0.65,Synthetic Region Group D,1
synthetic-01089,0.8357,0.0299,0.213,12,0.8927,58,0.08,,0.3123,0.7576,,0.828,0.8619,0,0.8965,0.7644,0.3331,0,65,0.9,Synthetic Region Group A,1
synthetic-01090,0.7307,0.1278,0.2439,12,0.6263,54,0.0732,0.7299,0.3339,0.6079,0.09,0.682,0.6867,2,0.6223,0.6121,0.2675,2,61,1,Synthetic Region Group B,1
synthetic-01091,0.4296,0.0926,0.4065,12,0.5022,49,0.1405,0.5394,0.3938,0.5623,0.1209,0.459,0.4911,5,0.4347,0.4856,0.3118,4,45,1,Synthetic Region Group C,0
synthetic-01092,0.5715,0.1233,0.3474,7,0.5032,50,0.0862,,,,,0.6258,0.6141,2,0.6046,0.5646,0.2951,2,53,0.8,Synthetic Region Group D,1
synthetic-01093,0.7579,0.0521,0.256,12,0.8811,58,0.0393,0.895,0.3432,0.7584,0,0.8903,0.7509,0,0.8546,0.8175,0.3139,0,65,1,Synthetic Region Group A,1
synthetic-01094,0.713,0.1164,0.3058,12,0.6579,53,0.0717,0.7077,0.2772,0.6069,0.0509,0.5853,0.6363,1,0.5794,0.7041,0.2877,0,52,1,Synthetic Region Group B,1
synthetic-01095,0.4308,0.1124,0.2932,12,0.5519,42,0.0907,0.467,0.4559,0.466,0.0705,0.4989,0.4644,4,0.5043,0.4668,0.3498,4,46,1,Synthetic Region Group C,0
synthetic-01096,0.5048,0.1424,0.3348,7,0.5226,55,0.1089,,0.4232,0.5516,,,,,,,,,52,0.55,Synthetic Region Group D,0
synthetic-01097,0.8708,0.0844,0.2139,12,0.7902,69,0.0879,0.8286,0.2229,0.7687,0.0762,0.8361,,,0.7877,0.8017,0.3012,0,66,0.9,Synthetic Region Group A,1
synthetic-01098,0.6239,0.0556,0.3118,12,0.6551,53,0.1084,0.6901,0.3893,0.6323,0.0273,0.6163,0.6579,0,0.7324,0.5869,0.3775,1,62,1,Synthetic Region Group B,1
synthetic-01099,0.5052,0.1379,0.3015,12,0.5084,44,0.0965,0.5022,0.3522,0.4691,0.1326,0.4348,0.5687,5,0.497,0.491,0.3369,2,45,1,Synthetic Region Group C,1
synthetic-01100,0.5658,0.0691,0.4274,7,0.5854,47,0.0935,,,,,0.6461,,,0.546,0.5042,0.3148,0,48,0.7,Synthetic Region Group D,0
synthetic-01101,0.7513,0.0337,0.2833,12,0.8326,58,0.0309,0.7442,0.2424,0.8523,0.0472,0.7465,0.8364,0,0.7503,0.748,0.2867,0,66,1,Synthetic Region Group A,1
synthetic-01102,0.7042,0.1075,0.2546,12,0.5965,61,0.0419,0.7336,0.2698,0.5985,0.0646,0.6415,0.6266,0,0.6881,0.6679,0.3317,0,52,1,Synthetic Region Group B,1
synthetic-01103,0.4704,0.1557,0.3657,12,0.49,42,0.1004,0.4193,0.3251,0.5001,0.076,0.4342,0.4676,3,0.4829,0.4313,0.3924,3,43,1,Synthetic Region Group C,1
synthetic-01104,0.6502,0.1371,0.3992,7,0.6029,47,0.0952,,0.3837,0.6216,,0.5322,,,0.5711,0.5801,0.3644,2,51,0.8,Synthetic Region Group D,1
synthetic-01105,0.805,0.0682,0.2578,12,0.8888,67,0.0734,0.7944,0.2988,0.7472,0.0648,0.8412,0.7659,0,0.8738,0.8585,0.2651,0,62,1,Synthetic Region Group A,1
synthetic-01106,0.6758,0.1089,0.3949,12,0.6195,58,0.1226,,0.3053,0.6888,,,0.6572,1,,,,,57,0.65,Synthetic Region Group B,1
synthetic-01107,0.5356,0.1239,0.3139,12,,,,0.458,0.4378,0.4718,0.1378,0.4952,,,0.4596,0.5441,0.3521,4,50,0.75,Synthetic Region Group C,0
synthetic-01108,0.5204,0.0736,0.3409,7,0.5489,51,0.104,,0.2849,0.6559,,0.5195,0.5595,2,0.5312,0.6412,0.2908,4,53,0.9,Synthetic Region Group D,1
synthetic-01109,0.8025,0.0822,0.1953,12,0.7973,67,0.1003,0.7852,0.3326,0.7798,0.0587,0.8796,0.8443,0,0.8454,0.7761,0.2544,0,63,1,Synthetic Region Group A,1
synthetic-01110,0.5952,0.1196,0.35,12,0.6129,58,0.0685,0.6941,0.2981,0.6362,0.1186,0.5966,0.6763,1,0.6887,0.6115,0.2919,2,56,1,Synthetic Region Group B,1
synthetic-01111,0.4723,0.09,0.345,12,0.4817,53,0.0813,,0.4103,0.5065,,0.4506,0.5459,5,0.4868,0.4987,0.3514,3,45,0.9,Synthetic Region Group C,0
synthetic-01112,0.5395,0.0571,0.3599,7,0.6522,56,0.0752,0.641,0.4212,0.5685,0.0655,0.6192,0.5844,2,0.547,0.6191,0.3217,1,48,1,Synthetic Region Group D,1
synthetic-01113,0.8349,0.0226,0.2517,12,0.8978,60,0.0103,0.8614,0.3235,0.8266,0.0697,0.8843,0.8733,0,0.7978,0.8508,0.2704,0,65,1,Synthetic Region Group A,1
synthetic-01114,0.592,0.1323,0.3047,12,0.6818,59,0.097,0.5852,0.351,0.6966,0.1117,0.7383,0.7329,1,0.7124,0.6318,0.2893,0,60,1,Synthetic Region Group B,1
synthetic-01115,0.48,0.0612,0.3964,12,0.4829,45,0.0618,0.5244,0.3152,0.4512,0.035,0.4715,0.5533,6,0.4631,0.5511,0.3616,3,47,1,Synthetic Region Group C,0
synthetic-01116,0.533,0.0761,0.2854,7,0.5296,48,0.0553,0.6479,0.3432,0.5443,0.1197,0.6424,,,0.5353,0.5655,0.363,3,49,0.9,Synthetic Region Group D,0
synthetic-01117,0.8732,0.0267,0.3124,12,0.7958,58,0.0269,0.8752,0.2557,0.7536,0,0.7495,,,0.8219,0.8952,0.2047,0,66,0.9,Synthetic Region Group A,1
synthetic-01118,0.7369,0.1377,0.3624,12,0.6387,58,0.0806,0.6736,0.2608,0.6775,0.043,0.7287,0.5857,4,0.6995,0.7171,0.2733,3,57,1,Synthetic Region Group B,1
synthetic-01119,0.5801,0.0582,0.3467,12,0.4873,42,0.0894,,0.4605,0.4779,,0.5375,0.561,4,0.5402,0.5761,0.3078,4,43,0.9,Synthetic Region Group C,1
synthetic-01120,0.5025,0.1444,0.331,7,0.5279,52,0.1239,,0.4022,0.6166,,0.5469,0.6082,2,0.5695,0.5249,0.32,4,49,0.9,Synthetic Region Group D,1
synthetic-01121,0.7944,0.0221,0.2804,12,0.7486,58,0.0839,0.751,0.2646,0.8117,0.0468,0.7663,0.8213,0,0.7391,0.8016,0.3102,0,66,1,Synthetic Region Group A,1
synthetic-01122,0.7062,0.1023,0.3154,12,0.6185,57,0.0639,0.6629,0.3871,0.6754,0.0225,0.6693,0.6651,3,0.6724,0.6058,0.3188,0,56,1,Synthetic Region Group B,1
synthetic-01123,0.5317,0.1532,0.3196,12,0.5345,48,0.0694,0.5745,0.3334,0.5157,0.0932,0.4233,0.5547,4,0.5342,0.5503,0.4093,6,47,1,Synthetic Region Group C,1
synthetic-01124,0.6368,0.0599,0.3511,7,0.5603,56,0.123,0.5961,0.3654,0.54,0.1031,0.5709,,,0.5173,0.637,0.348,4,51,0.9,Synthetic Region Group D,1
synthetic-01125,0.8795,0.0745,0.3001,12,0.7864,67,0.0196,0.8613,0.3274,0.8431,0.0153,0.7466,0.8063,0,0.8523,0.8045,0.2561,0,69,1,Synthetic Region Group A,1
synthetic-01126,0.6824,0.034,0.2866,12,0.6927,61,0.0357,,0.4063,0.7256,,0.5991,0.6179,0,0.588,0.6119,0.3413,0,58,0.9,Synthetic Region Group B,1
synthetic-01127,0.5203,0.1368,0.3162,12,0.4533,45,0.1044,,0.3095,0.5134,,0.5717,0.4317,4,0.5711,0.4818,0.3396,5,46,0.9,Synthetic Region Group C,0
synthetic-01128,0.5772,0.0468,0.4135,7,0.6353,57,0.0468,,0.3861,0.5526,,0.6585,,,0.6486,0.5941,0.4307,2,54,0.8,Synthetic Region Group D,1
synthetic-01129,0.7989,0.0979,0.2705,12,0.7639,58,0.0881,0.7566,0.2724,0.8175,0.0168,0.744,0.791,0,0.8844,0.7963,0.2768,0,65,1,Synthetic Region Group A,1
synthetic-01130,0.6893,0.1324,0.3608,12,0.7169,60,0.0387,0.6458,0.2591,0.6831,0.0152,0.7173,0.739,3,0.5812,0.6106,0.3951,2,58,1,Synthetic Region Group B,1
synthetic-01131,0.5053,0.1384,0.334,12,0.4886,54,0.0942,,0.4533,0.4701,,0.4953,,,0.5627,0.4479,0.4264,4,46,0.8,Synthetic Region Group C,0
synthetic-01132,,,,,0.519,56,0.1124,,0.3786,0.5624,,0.5507,,,0.5938,0.5682,0.3435,2,48,0.6,Synthetic Region Group D,0
synthetic-01133,0.7488,0.0236,0.1974,12,0.8661,66,0.0737,0.8712,0.2752,0.8303,0.035,0.8726,0.7571,0,0.8974,0.7854,0.2458,0,62,1,Synthetic Region Group A,1
synthetic-01134,0.5815,0.1324,0.2467,12,0.6047,59,0.0447,0.7111,0.3714,0.6241,0.0242,0.6285,0.7392,1,0.6071,0.5926,0.3203,2,60,1,Synthetic Region Group B,1
synthetic-01135,0.5417,0.1571,0.3006,12,0.4908,44,0.1259,0.4284,0.3846,0.4466,0.049,0.4347,0.45,5,0.5772,0.4264,0.4424,3,43,1,Synthetic Region Group C,1
synthetic-01136,,,,,0.5015,47,0.098,,0.2906,0.5842,,0.6305,0.5605,3,0.6241,0.5624,0.4374,1,47,0.7,Synthetic Region Group D,1
synthetic-01137,0.7796,0.0106,0.2609,12,0.757,63,0.0977,0.8063,0.3177,0.8159,0.0371,0.8878,0.7678,0,0.7852,0.774,0.3142,0,65,1,Synthetic Region Group A,1
synthetic-01138,0.7231,0.1347,0.3737,12,0.6782,57,0.042,,0.3423,0.7278,,0.7093,0.6216,4,0.6045,0.6476,0.2549,0,52,0.9,Synthetic Region Group B,1
synthetic-01139,0.5351,0.1423,0.4264,12,0.5047,47,0.0745,0.5003,0.3682,0.4285,0.04,0.4289,0.4715,2,0.4871,0.5405,0.4401,2,47,1,Synthetic Region Group C,0
synthetic-01140,0.5871,0.1148,0.3595,7,0.5818,51,0.1055,0.5353,0.338,0.6318,0.0734,0.6109,0.5298,1,0.5492,0.5826,0.3492,2,47,1,Synthetic Region Group D,1
synthetic-01141,0.8112,0.0992,0.3076,12,0.8941,68,0.0135,0.8579,0.1972,0.8881,0.0082,0.7614,0.7836,0,0.7789,0.8522,0.2564,0,69,1,Synthetic Region Group A,1
synthetic-01142,0.7255,0.044,0.3254,12,0.648,50,0.0909,0.5841,,,0.058,0.6069,,,0.6112,0.6707,0.3534,3,57,0.8,Synthetic Region Group B,0
synthetic-01143,0.5084,0.1611,0.3715,12,0.5538,53,0.0643,0.4451,0.3222,0.5739,0.1171,0.4593,0.4814,6,0.5695,0.581,0.4218,3,50,1,Synthetic Region Group C,0
synthetic-01144,0.5474,0.0582,0.4073,7,0.6006,54,0.125,,,,,0.5089,,,0.5768,0.6392,0.4168,4,55,0.7,Synthetic Region Group D,0
synthetic-01145,0.9006,0.017,0.2759,12,0.7755,57,0.0213,0.7512,0.264,0.7889,0.0003,0.8156,0.8547,0,0.8257,0.8178,0.2617,0,67,1,Synthetic Region Group A,1
synthetic-01146,0.7223,0.1215,0.3114,12,0.5901,56,0.0665,0.6425,0.3465,0.6711,0.0793,0.6464,0.6243,3,0.6018,0.6779,0.4069,3,55,1,Synthetic Region Group B,1
synthetic-01147,0.4887,0.0653,0.3502,12,0.5706,46,0.0851,0.5391,,,0.1139,,0.5152,3,,,,,45,0.65,Synthetic Region Group C,0
synthetic-01148,0.5898,0.1428,0.3907,7,0.529,47,0.081,0.596,0.3884,0.5109,0.0269,0.5524,,,0.5752,0.6268,0.3708,4,55,0.9,Synthetic Region Group D,1
synthetic-01149,0.7474,0.0253,0.2707,12,0.7611,60,0.0285,0.8431,0.2973,0.848,0.0343,0.8217,0.7822,0,0.8708,0.8776,0.2638,0,64,1,Synthetic Region Group A,1
synthetic-01150,0.7377,0.037,0.3367,12,0.7176,55,0.08,0.6265,0.3404,0.6319,0.1111,0.7008,0.6346,3,0.7302,0.6147,0.3475,1,52,1,Synthetic Region Group B,1
synthetic-01151,0.4701,0.1409,0.3777,12,0.5685,44,0.0556,0.4998,0.3708,0.5074,0.0806,0.5695,0.4204,6,0.4909,0.4274,0.3044,5,43,1,Synthetic Region Group C,0
synthetic-01152,,,,,0.5409,48,0.1019,,,,,0.5673,0.5045,2,0.6072,0.5281,0.3085,3,56,0.6,Synthetic Region Group D,1
synthetic-01153,0.8386,0.0713,0.2517,12,0.8942,59,0.0294,0.8695,0.2998,0.9005,0.0509,0.7939,0.8548,0,0.7662,0.8047,0.2751,0,65,1,Synthetic Region Group A,1
synthetic-01154,0.6563,0.0798,0.251,12,0.6783,61,0.0963,0.6156,0.3174,0.7181,0.037,0.7346,0.6765,1,0.701,0.7119,0.3941,0,56,1,Synthetic Region Group B,1
synthetic-01155,0.4797,0.0729,0.312,12,0.5138,42,0.0707,0.5795,0.3973,0.4797,0.0808,0.5298,0.4475,4,0.5674,0.4399,0.4115,3,44,1,Synthetic Region Group C,1
synthetic-01156,0.5585,0.0701,0.3945,7,0.5938,48,0.0454,,0.4162,0.5615,,,,,,,,,54,0.55,Synthetic Region Group D,0
synthetic-01157,0.8604,0.0572,0.2408,12,0.8973,62,0.0162,0.8999,0.3254,0.8354,0.0129,0.8722,0.7465,0,0.8863,0.7722,0.2787,0,64,1,Synthetic Region Group A,1
synthetic-01158,0.7192,0.0659,0.3938,12,0.7023,51,0.0384,0.6138,0.2531,0.7267,0.0558,0.5808,0.6888,3,0.6691,0.6906,0.3381,2,54,1,Synthetic Region Group B,1
synthetic-01159,0.4754,0.1535,0.4474,12,0.4798,43,0.061,0.4726,0.3184,0.5362,0.0341,0.513,0.5524,4,0.4664,0.5118,0.4626,5,45,1,Synthetic Region Group C,1
synthetic-01160,0.6069,0.0864,0.3353,7,0.5737,54,0.1269,,0.4146,0.527,,0.6294,,,0.5674,0.4993,0.3566,3,55,0.8,Synthetic Region Group D,0
synthetic-01161,0.7942,0.0136,0.342,12,0.7428,68,0.0179,0.7533,0.2775,0.8943,0.053,0.7702,0.794,0,0.8104,0.8984,0.3338,0,68,1,Synthetic Region Group A,1
synthetic-01162,0.7186,0.0882,0.2462,12,0.7253,60,0.0346,,0.3364,0.6427,,0.6338,0.7223,4,0.5899,0.7259,0.3276,3,57,0.9,Synthetic Region Group B,1
synthetic-01163,0.5312,0.1247,0.355,12,0.4216,52,0.1204,0.5557,0.4112,0.5239,0.1176,0.551,0.4772,2,0.4461,0.424,0.4115,5,45,1,Synthetic Region Group C,0
synthetic-01164,0.5501,0.0743,0.3932,7,0.5992,50,0.0516,0.5952,0.3284,0.5512,0.0653,0.6102,0.5554,1,0.5731,0.5383,0.3814,1,51,1,Synthetic Region Group D,1
synthetic-01165,0.855,0.0955,0.3433,12,0.8836,66,0.0201,0.7442,0.2964,0.7699,0.042,,0.8053,0,,,,,64,0.75,Synthetic Region Group A,1
synthetic-01166,0.6114,0.1357,0.2479,12,0.595,52,0.077,0.5989,0.3768,0.6421,0.0964,0.5807,,,0.6823,0.6675,0.2959,0,56,0.9,Synthetic Region Group B,1
synthetic-01167,0.4837,0.0564,0.3594,12,0.5029,46,0.1334,0.5035,0.3286,0.4277,0.1098,0.5277,0.5167,3,0.5268,0.433,0.3552,4,45,1,Synthetic Region Group C,0
synthetic-01168,0.5955,0.09,0.4013,7,0.5424,56,0.064,,0.2912,0.5495,,0.5918,0.583,4,0.51,0.5962,0.4037,1,48,0.9,Synthetic Region Group D,1
synthetic-01169,0.8997,0.0421,0.3173,12,0.8283,69,0.0522,0.8473,0.1961,0.7789,0.0395,0.7772,0.7908,1,0.8032,0.7405,0.21,0,68,1,Synthetic Region Group A,1
synthetic-01170,0.5991,0.1372,0.2823,12,0.738,59,0.0481,0.717,0.2511,0.5919,0.1018,0.6175,0.6227,0,0.6831,0.7107,0.3477,1,60,1,Synthetic Region Group B,1
synthetic-01171,0.4546,0.0663,0.3264,12,0.4581,51,0.1086,0.4493,0.3389,0.4787,0.0445,0.5022,0.4419,7,0.4235,0.4566,0.3866,6,47,1,Synthetic Region Group C,0
synthetic-01172,0.6327,0.1477,0.3679,7,0.6199,51,0.1076,,,,,0.5321,0.6247,4,0.5468,0.5984,0.2812,1,56,0.8,Synthetic Region Group D,1
synthetic-01173,0.8234,0.0442,0.2688,12,0.7967,61,0.045,0.7911,0.2984,0.7621,0.0773,0.85,0.9003,0,0.8158,0.8934,0.2353,0,63,1,Synthetic Region Group A,1
synthetic-01174,0.7034,0.0428,0.3896,12,0.6177,51,0.0534,0.6023,,,0.0242,0.6843,0.6997,1,0.7104,0.7362,0.3758,0,59,0.9,Synthetic Region Group B,1
synthetic-01175,0.4418,0.1459,0.3223,12,0.477,53,0.0853,0.4806,0.4079,0.4237,0.0974,0.569,0.5685,5,0.5294,0.556,0.4122,3,44,1,Synthetic Region Group C,1
synthetic-01176,0.5879,0.1428,0.3984,7,0.6506,52,0.1228,0.5125,0.2845,0.5276,0.0446,,,,,,,,52,0.65,Synthetic Region Group D,0
synthetic-01177,0.8869,0.0887,0.3213,12,0.7556,64,0.0929,0.8605,0.2779,0.8397,0.0512,0.8278,,,0.8482,0.8655,0.3193,0,69,0.9,Synthetic Region Group A,1
synthetic-01178,0.7022,0.0809,0.3398,12,0.6297,60,0.1136,0.7011,0.3305,0.6758,0.0896,0.682,0.6029,4,0.6311,0.5839,0.2976,2,60,1,Synthetic Region Group B,1
synthetic-01179,0.4394,0.0628,0.3287,12,0.4739,51,0.0597,0.4889,0.4264,0.5457,0.1125,0.5356,0.5399,3,0.4701,0.5501,0.3868,5,45,1,Synthetic Region Group C,1
synthetic-01180,0.6321,0.133,0.2932,7,0.5583,57,0.0867,0.5389,,,0.0723,0.5034,0.5716,5,0.5458,0.5296,0.3408,0,51,0.9,Synthetic Region Group D,1
synthetic-01181,0.8634,0.0226,0.2961,12,0.8452,69,0.053,,0.2925,0.7614,,0.8685,0.7599,0,0.7944,0.7868,0.2621,0,67,0.9,Synthetic Region Group A,1
synthetic-01182,0.6561,0.087,0.2591,12,0.7404,54,0.1189,0.648,0.359,0.6963,0.1006,0.5992,0.7404,2,0.6873,0.7343,0.306,0,60,1,Synthetic Region Group B,1
synthetic-01183,0.455,0.1295,0.3374,12,0.4569,50,0.1325,0.4565,0.3357,0.4713,0.1195,0.5601,0.5624,4,0.5496,0.4713,0.3519,4,46,1,Synthetic Region Group C,0
synthetic-01184,0.5568,0.0458,0.3704,7,0.5344,55,0.0792,0.611,,,0.0553,0.5549,0.564,3,0.5595,0.6148,0.3571,2,49,0.9,Synthetic Region Group D,1
synthetic-01185,0.8296,0.0362,0.273,12,0.8581,65,0.0876,0.7944,0.2429,0.8968,0.0801,0.8011,0.8337,1,0.7523,0.7607,0.232,0,68,1,Synthetic Region Group A,1
synthetic-01186,0.7299,0.0614,0.3277,12,0.6021,58,0.1031,0.6655,0.2605,0.7044,0.1087,0.6421,0.5993,0,0.685,0.6792,0.2703,0,53,1,Synthetic Region Group B,1
synthetic-01187,0.5529,0.0907,0.4095,12,0.5203,48,0.0874,0.4258,0.4442,0.4885,0.0851,0.5328,0.5743,4,0.5378,0.5033,0.3573,4,51,1,Synthetic Region Group C,1
synthetic-01188,,,,,0.5407,52,0.0765,,0.394,0.5456,,0.6015,,,0.5578,0.6592,0.3782,2,51,0.6,Synthetic Region Group D,0
synthetic-01189,0.8082,0.0434,0.3322,12,0.7837,67,0.0672,0.7905,0.2523,0.7726,0.1006,0.7652,0.7506,0,0.7853,0.812,0.2883,0,62,1,Synthetic Region Group A,1
synthetic-01190,0.6386,0.1285,0.3333,12,0.7076,59,0.1185,0.7046,0.352,0.6478,0.0207,0.5969,0.6847,4,0.6384,0.5945,0.3112,3,57,1,Synthetic Region Group B,1
synthetic-01191,0.4392,0.1164,0.4063,12,0.4445,45,0.1023,0.5434,0.3936,0.487,0.0443,0.5107,0.4679,3,0.5289,0.5619,0.3672,3,52,1,Synthetic Region Group C,1
synthetic-01192,0.5284,0.0518,0.4174,7,0.6176,51,0.0864,,0.3063,0.6352,,,,,,,,,52,0.55,Synthetic Region Group D,0
synthetic-01193,0.7817,0.0289,0.2592,12,0.873,58,0.0666,0.828,0.2855,0.7904,0.032,0.8492,0.8022,1,0.7751,0.7964,0.293,0,64,1,Synthetic Region Group A,1
synthetic-01194,0.7231,0.0528,0.2879,12,0.621,60,0.1198,,0.3937,0.6871,,0.5815,0.6527,4,0.6784,0.6931,0.335,0,53,0.9,Synthetic Region Group B,1
synthetic-01195,0.5008,0.0632,0.4471,12,0.4932,45,0.1444,0.4846,0.4253,0.5126,0.0438,,0.42,6,,,,,49,0.75,Synthetic Region Group C,0
synthetic-01196,0.5215,0.0785,0.4032,7,0.6196,51,0.1277,,0.3863,0.6033,,0.6147,0.5001,4,0.5773,0.5226,0.4042,1,47,0.9,Synthetic Region Group D,1
synthetic-01197,0.7952,0.0876,0.2305,12,0.858,68,0.0366,0.7615,0.3177,0.8358,0.0164,0.7666,0.7933,0,0.8671,0.7477,0.2223,0,66,1,Synthetic Region Group A,1
synthetic-01198,0.7335,0.101,0.3961,12,0.6276,52,0.0587,0.603,,,0.0364,0.6463,0.6119,3,0.5922,0.6088,0.2706,0,55,0.9,Synthetic Region Group B,1
synthetic-01199,0.4672,0.1358,0.4089,12,0.4361,49,0.134,0.4755,0.4097,0.5184,0.035,0.5407,0.4963,3,0.5657,0.5438,0.4505,5,45,1,Synthetic Region Group C,0
synthetic-01200,0.6469,0.1431,0.4049,7,0.5674,53,0.0624,0.5461,,,0.0731,0.5663,0.5273,1,0.5142,0.6107,0.4337,3,55,0.9,Synthetic Region Group D,1
synthetic-01201,0.864,0.0731,0.2078,12,,,,0.767,0.2589,0.7447,0.0676,0.8777,0.8712,0,0.8361,0.8574,0.2093,0,63,0.85,Synthetic Region Group A,1
synthetic-01202,0.6622,0.1302,0.2907,12,0.5874,58,0.0428,0.6195,0.3404,0.6554,0.0364,0.699,,,0.7152,0.6492,0.3567,0,54,0.9,Synthetic Region Group B,1
synthetic-01203,0.4997,0.0606,0.3528,12,0.4539,48,0.1247,0.5141,0.4259,0.5561,0.1006,0.4906,0.5339,5,0.5645,0.5063,0.3975,4,51,1,Synthetic Region Group C,0
synthetic-01204,0.5425,0.1279,0.2812,7,0.6187,52,0.0569,,0.3507,0.5432,,0.58,,,0.5835,0.5735,0.2861,2,56,0.8,Synthetic Region Group D,0
synthetic-01205,0.8289,0.0263,0.2925,12,0.7931,67,0.0556,0.765,0.3153,0.7528,0.0553,0.7792,0.8869,0,0.7855,0.8493,0.2542,0,62,1,Synthetic Region Group A,1
synthetic-01206,0.6573,0.0899,0.3264,12,0.7135,54,0.0402,0.7351,0.3319,0.6903,0.0654,0.6526,0.6419,2,0.6733,0.6598,0.375,0,55,1,Synthetic Region Group B,1
synthetic-01207,0.5224,0.1009,0.3435,12,0.4568,47,0.1096,0.4486,0.3768,0.4746,0.0734,0.5759,0.5512,4,0.5413,0.5127,0.3292,3,48,1,Synthetic Region Group C,1
synthetic-01208,0.6097,0.0799,0.3236,7,0.6161,47,0.0643,,0.3201,0.5616,,0.5248,,,0.5341,0.5058,0.3376,4,54,0.8,Synthetic Region Group D,0
synthetic-01209,0.8265,0.0596,0.1921,12,0.8828,66,0.0996,0.8779,0.2005,0.8452,0.0918,0.8298,0.8688,0,0.8624,0.7463,0.3315,0,68,1,Synthetic Region Group A,1
synthetic-01210,0.6401,0.0484,0.2407,12,0.7057,57,0.0742,0.598,0.3177,0.7052,0.0577,0.645,0.6844,1,0.7174,0.6657,0.2724,1,56,1,Synthetic Region Group B,1
synthetic-01211,0.4456,0.0897,0.2949,12,0.4511,46,0.1363,0.5379,0.3268,0.4412,0.0516,0.5421,0.4846,2,0.4374,0.5246,0.4163,4,42,1,Synthetic Region Group C,0
synthetic-01212,0.6515,0.0649,0.3406,7,0.6039,57,0.114,,,,,0.5295,0.5017,6,0.5391,0.5266,0.3163,1,54,0.8,Synthetic Region Group D,1
synthetic-01213,0.8321,0.0465,0.2842,12,0.8663,66,0.0718,0.8251,0.2434,0.8757,0.0329,0.8202,0.8476,0,0.7483,0.8451,0.3333,0,66,1,Synthetic Region Group A,1
synthetic-01214,0.6177,0.0397,0.2705,12,0.7028,59,0.1065,0.6335,0.3849,0.7187,0.0452,0.5852,0.7149,2,0.6858,0.6153,0.2963,0,53,1,Synthetic Region Group B,1
synthetic-01215,0.5318,0.0865,0.4443,12,0.5083,51,0.1167,0.4608,0.3225,0.4822,0.1116,0.4404,0.4351,4,0.5642,0.4238,0.4217,3,48,1,Synthetic Region Group C,1
synthetic-01216,0.5332,0.064,0.3202,7,0.5246,53,0.0797,,,,,,0.6078,1,,,,,52,0.55,Synthetic Region Group D,1
synthetic-01217,0.8449,0.0489,0.2506,12,0.895,60,0.0152,0.8068,0.3571,0.7737,0.0657,0.8025,,,0.8197,0.8979,0.3126,0,71,0.9,Synthetic Region Group A,1
synthetic-01218,0.7211,0.0958,0.292,12,0.6171,51,0.0391,0.6114,,,0.0402,,,,,,,,54,0.55,Synthetic Region Group B,0
synthetic-01219,0.459,0.1109,0.3902,12,0.4871,49,0.0962,0.4432,0.4115,0.5353,0.1128,0.4709,0.4346,3,0.4335,0.453,0.3198,2,47,1,Synthetic Region Group C,0
synthetic-01220,0.5654,0.088,0.2737,7,0.5981,51,0.1303,0.5741,0.3301,0.5506,0.0305,0.5679,,,0.5151,0.6294,0.3757,2,52,0.9,Synthetic Region Group D,0
synthetic-01221,0.7929,0.0254,0.2527,12,0.781,69,0.06,0.7447,0.2414,0.8826,0.0925,0.8208,,,0.782,0.8209,0.3497,0,63,0.9,Synthetic Region Group A,1
synthetic-01222,0.608,0.1218,0.3904,12,0.6956,62,0.0792,0.6505,0.4108,0.7112,0.076,0.7015,0.6528,2,0.6911,0.6397,0.2959,0,60,1,Synthetic Region Group B,1
synthetic-01223,0.4859,0.0868,0.2975,12,0.4625,44,0.1091,0.5066,0.3809,0.5044,0.0758,0.526,0.505,4,0.4661,0.4329,0.4309,5,49,1,Synthetic Region Group C,1
synthetic-01224,0.5433,0.1426,0.3815,7,0.6303,55,0.0624,,0.2911,0.6085,,0.5999,0.5401,6,0.6057,0.5323,0.3092,0,48,0.9,Synthetic Region Group D,1
synthetic-01225,0.836,0.0647,0.3205,12,0.8901,67,0.095,0.8395,0.2805,0.8549,0.0013,,,,,,,,70,0.65,Synthetic Region Group A,1
synthetic-01226,0.6806,0.0515,0.2434,12,0.6332,52,0.1139,0.6358,0.3893,0.6024,0.1159,0.6455,0.6856,3,0.5834,0.7077,0.4042,1,59,1,Synthetic Region Group B,1
synthetic-01227,0.5235,0.0962,0.3335,12,0.4684,44,0.1047,0.5271,0.4139,0.5446,0.0827,0.4975,0.4584,4,0.5492,0.5463,0.4188,4,48,1,Synthetic Region Group C,0
synthetic-01228,,,,,0.5565,51,0.074,,0.4094,0.6505,,0.5233,,,0.5711,0.607,0.3316,3,49,0.6,Synthetic Region Group D,0
synthetic-01229,0.7429,0.1088,0.2214,12,0.8833,67,0.0683,,0.2337,0.7859,,0.8307,0.814,0,0.8849,0.7405,0.2978,0,62,0.9,Synthetic Region Group A,1
synthetic-01230,0.6682,0.0873,0.3275,12,0.6897,59,0.1213,0.6353,0.2546,0.6144,0.0434,0.7204,0.6945,1,0.5825,0.6585,0.3674,2,61,1,Synthetic Region Group B,1
synthetic-01231,0.5068,0.0902,0.343,12,0.5311,52,0.0699,0.4195,0.3938,0.5054,0.1365,0.4288,0.5623,4,0.5295,0.436,0.4148,5,52,1,Synthetic Region Group C,0
synthetic-01232,0.5467,0.0973,0.4262,7,0.6316,47,0.0948,0.5167,0.2944,0.5074,0.0442,0.5826,,,0.6215,0.5407,0.4187,3,49,0.9,Synthetic Region Group D,0
synthetic-01233,0.8101,0.1155,0.3376,12,0.7406,58,0.0221,0.7697,0.2917,0.7949,0.0129,0.7846,0.7636,0,0.7728,0.801,0.3101,0,62,1,Synthetic Region Group A,1
synthetic-01234,0.6113,0.0495,0.381,12,0.5818,61,0.0988,0.61,0.2978,0.5994,0.0284,0.6861,,,0.6908,0.5973,0.3356,2,52,0.9,Synthetic Region Group B,1
synthetic-01235,0.545,0.1199,0.3564,12,0.5435,53,0.0867,0.5245,,,0.0615,0.485,0.472,4,0.4278,0.4297,0.392,4,51,0.9,Synthetic Region Group C,0
synthetic-01236,0.6459,0.1387,0.314,7,0.5771,50,0.0643,0.5018,0.329,0.5668,0.0696,0.5034,0.5459,3,0.533,0.5037,0.3637,2,52,1,Synthetic Region Group D,1
synthetic-01237,0.7877,0.0442,0.2081,12,0.9009,61,0.0118,0.8959,0.2524,0.8534,0.0934,0.8724,0.8641,0,0.8149,0.8118,0.3476,0,69,1,Synthetic Region Group A,1
synthetic-01238,0.6381,0.0787,0.3733,12,0.68,57,0.0504,0.6427,,,0.0675,0.6509,0.6785,0,0.7279,0.7313,0.3535,1,54,0.9,Synthetic Region Group B,1
synthetic-01239,0.5286,0.1078,0.3608,12,0.559,53,0.1391,0.4673,0.3745,0.4297,0.0558,0.4505,0.4457,3,0.4989,0.4356,0.3096,3,44,1,Synthetic Region Group C,1
synthetic-01240,0.6608,0.0507,0.4097,7,0.6495,53,0.1039,,0.402,0.6121,,0.6448,,,0.5643,0.5908,0.3391,4,51,0.8,Synthetic Region Group D,0
synthetic-01241,0.8738,0.0859,0.3471,12,0.7612,61,0.0536,0.7585,0.3176,0.7457,0.0556,0.7941,0.8256,0,0.7868,0.8787,0.2476,0,69,1,Synthetic Region Group A,1
synthetic-01242,0.6553,0.0495,0.3039,12,0.6824,61,0.1182,0.6926,0.411,0.726,0.0449,0.7243,0.6325,2,0.6096,0.6972,0.3994,0,52,1,Synthetic Region Group B,1
synthetic-01243,0.5701,0.0744,0.4351,12,0.5524,48,0.111,,0.4118,0.4966,,0.5551,0.5461,3,0.5366,0.5356,0.4613,5,51,0.9,Synthetic Region Group C,0
synthetic-01244,0.5741,0.1035,0.3062,7,0.5587,57,0.0462,,,,,0.6081,0.6508,3,0.5749,0.5338,0.3539,4,52,0.8,Synthetic Region Group D,1
synthetic-01245,0.832,0.0658,0.2528,12,0.8962,61,0.0867,0.863,0.206,0.7448,0.0333,0.7879,0.7514,1,0.81,0.739,0.2721,0,68,1,Synthetic Region Group A,1
synthetic-01246,0.7094,0.1037,0.3727,12,0.7329,60,0.0367,0.6,0.2716,0.6362,0.0586,0.613,0.6873,4,0.6409,0.6944,0.3215,2,53,1,Synthetic Region Group B,1
synthetic-01247,0.4312,0.0831,0.3884,12,0.5021,49,0.1202,0.4229,0.3083,0.541,0.0682,0.4733,0.4878,6,0.5683,0.4265,0.3325,3,45,1,Synthetic Region Group C,0
synthetic-01248,,,,,0.6244,46,0.1055,0.6311,0.4262,0.4992,0.0877,0.568,,,0.5432,0.5452,0.3941,1,54,0.7,Synthetic Region Group D,0
synthetic-01249,0.8973,0.0944,0.2702,12,0.8246,61,0.0592,,0.2472,0.7915,,0.7651,0.862,0,0.8111,0.8744,0.2027,0,65,0.9,Synthetic Region Group A,1
synthetic-01250,0.7117,0.1351,0.309,12,0.642,56,0.045,0.6578,0.3353,0.6037,0.1146,0.6489,,,0.7037,0.6047,0.3496,0,58,0.9,Synthetic Region Group B,1
synthetic-01251,0.4644,0.0903,0.3653,12,0.4629,52,0.0927,0.4835,,,0.0928,0.486,0.5356,7,0.556,0.5679,0.3041,3,43,0.9,Synthetic Region Group C,0
synthetic-01252,0.6397,0.1474,0.3697,7,,,,,0.4058,0.6439,,0.5878,,,0.5623,0.6463,0.2914,2,53,0.65,Synthetic Region Group D,0
synthetic-01253,0.8347,0.0589,0.3278,12,0.8519,61,0.0627,0.8396,0.2778,0.8824,0.047,0.7949,0.8235,0,0.7454,0.7737,0.323,0,64,1,Synthetic Region Group A,1
synthetic-01254,0.7061,0.0941,0.2399,12,0.6182,58,0.0408,0.6784,0.2701,0.6289,0.0301,0.6317,0.6123,4,0.6449,0.6264,0.3993,0,56,1,Synthetic Region Group B,1
synthetic-01255,0.5712,0.1471,0.4189,12,0.4321,49,0.143,0.515,0.4408,0.5139,0.0529,0.48,0.5367,5,0.4297,0.5201,0.3746,5,49,1,Synthetic Region Group C,0
synthetic-01256,,,,,0.5216,49,0.1289,0.5829,0.4374,0.5947,0.042,0.6039,,,0.5377,0.5909,0.4356,3,55,0.7,Synthetic Region Group D,0
synthetic-01257,0.8931,0.0514,0.3306,12,0.8021,66,0.0617,0.8145,0.2755,0.8732,0.0202,0.7931,0.7719,1,0.7951,0.7412,0.2286,0,62,1,Synthetic Region Group A,1
synthetic-01258,0.7195,0.1351,0.2576,12,0.7339,58,0.0469,0.6017,0.2842,0.5876,0.0925,0.6804,0.5917,1,0.6462,0.7393,0.4015,0,52,1,Synthetic Region Group B,1
synthetic-01259,0.4859,0.061,0.3235,12,0.4421,53,0.0907,0.5042,0.3487,0.4723,0.0545,0.4882,0.4272,4,0.434,0.5654,0.3897,3,51,1,Synthetic Region Group C,0
synthetic-01260,0.6258,0.1073,0.3151,7,0.5295,54,0.0762,0.5679,0.4267,0.645,0.054,,0.6533,3,,,,,49,0.75,Synthetic Region Group D,1
synthetic-01261,0.7658,0.0342,0.2602,12,0.8013,62,0.0391,0.7772,0.3078,0.8499,0.0727,0.8427,0.8999,0,0.7888,0.8222,0.2408,0,71,1,Synthetic Region Group A,1
synthetic-01262,0.6726,0.0738,0.3907,12,0.592,54,0.1102,0.6365,0.307,0.596,0.0227,0.6041,0.6203,0,0.6274,0.7395,0.3168,0,54,1,Synthetic Region Group B,1
synthetic-01263,0.5038,0.0714,0.3161,12,0.4595,48,0.1114,0.4552,0.4605,0.5303,0.1278,0.5397,,,0.4303,0.5615,0.381,2,49,0.9,Synthetic Region Group C,0
synthetic-01264,,,,,0.6311,53,0.0891,,0.3121,0.6503,,0.5573,0.5188,2,0.5182,0.5147,0.2851,4,54,0.7,Synthetic Region Group D,1
synthetic-01265,0.8605,0.068,0.263,12,0.8212,58,0.1035,0.7531,0.1982,0.8522,0.0255,0.7624,0.7707,0,0.855,0.8322,0.284,0,66,1,Synthetic Region Group A,1
synthetic-01266,0.7207,0.0661,0.3556,12,0.6958,50,0.0982,0.625,0.349,0.6011,0.0389,0.6235,0.6221,1,0.6171,0.7116,0.37,1,60,1,Synthetic Region Group B,1
synthetic-01267,0.4393,0.1232,0.3796,12,0.5413,50,0.0615,0.5063,0.4394,0.4564,0.0602,0.5048,0.5645,3,0.4336,0.4935,0.3601,3,46,1,Synthetic Region Group C,0
synthetic-01268,,,,,0.5249,47,0.0505,,0.4333,0.6207,,0.624,0.5789,2,0.6608,0.6082,0.4258,1,50,0.7,Synthetic Region Group D,1
synthetic-01269,0.8764,0.0851,0.3291,12,0.8656,60,0.1019,0.7798,0.2614,0.8874,0.0996,0.8908,0.7753,0,0.7739,0.8871,0.3533,0,65,1,Synthetic Region Group A,1
synthetic-01270,0.7284,0.0972,0.3206,12,0.698,59,0.116,0.625,0.3912,0.6997,0.0394,0.6913,0.7055,2,0.7028,0.7191,0.3508,2,56,1,Synthetic Region Group B,1
synthetic-01271,0.5793,0.1468,0.3494,12,0.4498,48,0.1399,0.5357,0.4317,0.4629,0.1299,0.5341,0.4305,4,0.4347,0.473,0.3085,3,50,1,Synthetic Region Group C,1
synthetic-01272,0.6416,0.1235,0.4095,7,0.5617,53,0.0448,0.6016,0.4019,0.6177,0.0955,0.4992,,,0.5204,0.6592,0.2789,1,47,0.9,Synthetic Region Group D,1
synthetic-01273,0.8423,0.1097,0.2193,12,0.8191,63,0.014,0.8229,0.2351,0.8121,0.0209,0.8607,0.8011,0,0.7617,0.7999,0.2552,0,71,1,Synthetic Region Group A,1
synthetic-01274,0.6031,0.1292,0.3608,12,0.6151,59,0.0987,0.7222,0.3801,0.7348,0.0969,0.6306,0.6048,3,0.6874,0.6369,0.3731,0,61,1,Synthetic Region Group B,1
synthetic-01275,0.5582,0.1269,0.3408,12,0.5795,52,0.0675,0.4495,0.3969,0.5491,0.1157,0.5361,0.5074,5,0.4286,0.5584,0.381,5,52,1,Synthetic Region Group C,0
synthetic-01276,,,,,0.5427,46,0.084,0.5775,,,0.0906,,,,,,,,51,0.35,Synthetic Region Group D,0
synthetic-01277,0.7405,0.0805,0.3378,12,0.8114,67,0.0717,0.8099,0.2798,0.761,0.0644,0.8634,,,0.7515,0.7586,0.3321,0,65,0.9,Synthetic Region Group A,1
synthetic-01278,0.7135,0.0683,0.3978,12,0.6662,61,0.0716,0.6275,0.345,0.7269,0.1006,0.7279,0.6651,4,0.5864,0.6416,0.29,2,60,1,Synthetic Region Group B,1
synthetic-01279,0.4537,0.0859,0.3301,12,0.5145,43,0.0799,0.5793,0.3819,0.5251,0.0455,0.545,,,0.545,0.5002,0.3904,6,42,0.9,Synthetic Region Group C,0
synthetic-01280,0.5554,0.0887,0.3499,7,0.5219,55,0.0998,0.5891,0.3747,0.5047,0.0464,0.6565,,,0.5574,0.6539,0.3123,1,56,0.9,Synthetic Region Group D,0
synthetic-01281,0.8365,0.0238,0.2559,12,0.827,66,0.0677,0.7456,0.2458,0.7652,0.0688,0.801,0.7453,0,0.7974,0.784,0.3129,0,69,1,Synthetic Region Group A,1
synthetic-01282,0.5839,0.1282,0.2628,12,0.6632,61,0.0764,0.6691,0.2652,0.7117,0.0885,0.6445,0.7138,0,0.6816,0.7026,0.3158,1,57,1,Synthetic Region Group B,1
synthetic-01283,0.4537,0.0943,0.3109,12,0.5268,45,0.1417,0.571,0.4545,0.5335,0.0468,0.5624,0.4443,4,0.5728,0.427,0.3119,4,51,1,Synthetic Region Group C,0
synthetic-01284,0.5389,0.0983,0.2746,7,0.6214,57,0.0469,,0.4156,0.5065,,0.5839,0.5282,3,0.63,0.5389,0.3628,2,55,0.9,Synthetic Region Group D,1
synthetic-01285,0.7592,0.0767,0.1864,12,0.7825,61,0.0564,0.8874,0.2323,0.8862,0.0558,0.8842,0.8554,0,0.7466,0.795,0.256,0,65,1,Synthetic Region Group A,1
synthetic-01286,0.6902,0.0411,0.2654,12,0.6398,58,0.0523,,0.378,0.5988,,,0.6181,2,,,,,59,0.65,Synthetic Region Group B,1
synthetic-01287,0.514,0.0669,0.4508,12,0.5442,47,0.0987,0.5532,0.3921,0.4535,0.0376,0.4255,0.4859,2,0.4477,0.5021,0.3948,5,52,1,Synthetic Region Group C,0
synthetic-01288,0.5745,0.1428,0.3818,7,0.5367,55,0.0829,,0.359,0.5427,,0.6025,,,0.6299,0.5561,0.2939,0,56,0.8,Synthetic Region Group D,1
synthetic-01289,0.8012,0.0801,0.2869,12,0.8944,67,0.0333,0.8805,0.3542,0.8482,0.0348,0.7657,0.7907,0,0.8386,0.8455,0.3109,0,63,1,Synthetic Region Group A,1
synthetic-01290,0.7234,0.0828,0.3687,12,0.7053,57,0.1229,0.7267,0.2891,0.6715,0.0608,0.6104,0.5896,2,0.5905,0.6058,0.2728,0,58,1,Synthetic Region Group B,1
synthetic-01291,0.5107,0.1303,0.4055,12,0.54,49,0.1161,0.5048,0.3662,0.4278,0.0642,0.4329,0.5136,6,0.5298,0.4528,0.4498,6,50,1,Synthetic Region Group C,0
synthetic-01292,0.5089,0.0878,0.2736,7,0.5597,48,0.0513,,0.3387,0.5804,,0.6134,,,0.6448,0.6348,0.4079,0,52,0.8,Synthetic Region Group D,1
synthetic-01293,0.7498,0.0463,0.3206,12,0.8249,58,0.0848,0.8828,0.3413,0.8874,0.0438,0.8014,0.8726,0,0.7463,0.8462,0.224,0,71,1,Synthetic Region Group A,1
synthetic-01294,0.7302,0.0961,0.274,12,,,,0.7353,0.4038,0.5836,0.0805,0.6003,0.7199,0,0.7118,0.7396,0.3419,0,59,0.85,Synthetic Region Group B,1
synthetic-01295,0.5549,0.1553,0.3754,12,0.5699,46,0.1272,0.4492,0.3432,0.5671,0.0442,0.5095,0.462,5,0.4277,0.5459,0.4578,4,49,1,Synthetic Region Group C,0
synthetic-01296,0.5032,0.124,0.2671,7,0.531,46,0.0482,,0.2862,0.6364,,0.5143,0.6604,3,0.5577,0.5458,0.3488,2,52,0.9,Synthetic Region Group D,1
synthetic-01297,0.8037,0.0221,0.1962,12,0.8003,64,0.0116,0.8108,0.2539,0.741,0,0.8283,,,0.8273,0.7512,0.2157,0,71,0.9,Synthetic Region Group A,1
synthetic-01298,0.6724,0.1317,0.2929,12,0.5892,58,0.1078,0.6924,0.367,0.6153,0.0354,0.6651,,,0.6059,0.605,0.3888,2,52,0.9,Synthetic Region Group B,1
synthetic-01299,0.4552,0.0917,0.4276,12,0.4903,50,0.1329,0.5774,0.3866,0.4261,0.0775,0.4498,0.4556,4,0.5703,0.4289,0.4628,2,44,1,Synthetic Region Group C,1
synthetic-01300,0.5403,0.0526,0.3983,7,0.6057,55,0.0422,,0.2824,0.6108,,,0.65,4,,,,,49,0.65,Synthetic Region Group D,0
synthetic-01301,0.8736,0.0273,0.3114,12,0.8936,66,0.0168,0.8717,0.352,0.7904,0.0122,0.746,0.8703,0,0.7689,0.7965,0.3485,0,65,1,Synthetic Region Group A,1
synthetic-01302,0.689,0.0821,0.3279,12,0.6052,55,0.0693,0.6477,0.3065,0.6545,0.1193,0.5813,0.6379,4,0.6169,0.7021,0.2953,0,52,1,Synthetic Region Group B,1
synthetic-01303,0.4901,0.0563,0.405,12,0.5594,44,0.1155,0.4226,0.3756,0.557,0.1353,,0.4297,5,,,,,50,0.75,Synthetic Region Group C,0
synthetic-01304,0.5536,0.0458,0.3817,7,0.5815,49,0.0847,,0.3096,0.6311,,0.5127,0.588,6,0.5662,0.5454,0.3046,4,56,0.9,Synthetic Region Group D,1
synthetic-01305,0.7666,0.0281,0.2952,12,0.8735,59,0.0864,0.8043,0.3222,0.7939,0.0469,0.8434,0.7889,0,0.8856,0.7934,0.2215,0,68,1,Synthetic Region Group A,1
synthetic-01306,0.6935,0.0475,0.3468,12,0.6917,55,0.0734,0.7031,0.3944,0.6825,0.097,0.6498,0.65,0,0.6757,0.6188,0.3961,0,52,1,Synthetic Region Group B,1
synthetic-01307,0.4817,0.1001,0.4525,12,0.5384,51,0.0897,0.5212,0.4233,0.572,0.1188,0.5434,0.5489,3,0.4248,0.5414,0.4454,2,47,1,Synthetic Region Group C,1
synthetic-01308,0.5574,0.0957,0.3893,7,0.6048,53,0.0783,,0.435,0.633,,0.616,,,0.5242,0.5778,0.3312,2,53,0.8,Synthetic Region Group D,0
synthetic-01309,0.804,0.0202,0.265,12,0.846,60,0.0977,0.836,0.2363,0.8262,0.084,0.7932,0.8177,0,0.7588,0.869,0.2209,0,65,1,Synthetic Region Group A,1
synthetic-01310,0.6464,0.0604,0.3629,12,0.6352,53,0.0885,0.7135,0.3042,0.6217,0.1117,0.6913,0.6086,1,0.6195,0.7215,0.3684,1,62,1,Synthetic Region Group B,1
synthetic-01311,0.4532,0.134,0.3697,12,0.4796,49,0.0824,,0.4037,0.5777,,0.4601,,,0.5108,0.4706,0.3971,5,45,0.8,Synthetic Region Group C,0
synthetic-01312,,,,,0.586,47,0.046,,0.331,0.5723,,0.6429,0.612,6,0.5564,0.5191,0.3939,3,56,0.7,Synthetic Region Group D,0
synthetic-01313,0.8416,0.0122,0.3302,12,,,,0.8976,0.2881,0.7759,0.0901,0.7683,0.8447,0,0.8427,0.8351,0.2129,0,67,0.85,Synthetic Region Group A,1
synthetic-01314,0.6452,0.1372,0.2614,12,0.7223,50,0.0715,0.6391,0.4109,0.6977,0.0372,0.5869,0.5851,3,0.7303,0.6533,0.3343,2,61,1,Synthetic Region Group B,1
synthetic-01315,0.4308,0.1251,0.4153,12,0.4545,48,0.1067,0.469,0.3977,0.4868,0.042,0.5512,,,0.5062,0.4935,0.4487,2,52,0.9,Synthetic Region Group C,0
synthetic-01316,0.5161,0.0628,0.3449,7,0.6363,48,0.0732,0.6195,0.3097,0.5368,0.0791,0.5117,,,0.6139,0.5952,0.3009,1,47,0.9,Synthetic Region Group D,0
synthetic-01317,0.8251,0.0162,0.2273,12,0.8749,60,0.0232,0.8759,0.2415,0.8028,0.0256,0.7637,0.8563,0,0.8957,0.7395,0.2158,0,65,1,Synthetic Region Group A,1
synthetic-01318,0.7102,0.0526,0.2728,12,0.6343,54,0.1227,0.6571,0.3678,0.6731,0.0721,0.6079,0.7283,0,0.6584,0.6185,0.381,0,55,1,Synthetic Region Group B,1
synthetic-01319,0.4533,0.1135,0.3158,12,0.5301,42,0.0801,0.5127,0.3771,0.5519,0.1208,0.5282,0.5137,6,0.4928,0.4388,0.4324,2,48,1,Synthetic Region Group C,0
synthetic-01320,0.5257,0.0616,0.3313,7,0.5053,54,0.0994,,0.4295,0.517,,0.5582,,,0.5138,0.5341,0.4194,2,51,0.8,Synthetic Region Group D,0
synthetic-01321,0.7463,0.0166,0.3221,12,0.7899,62,0.0993,0.7581,0.2061,0.8512,0,0.7725,0.8129,0,0.8514,0.8036,0.3401,0,62,1,Synthetic Region Group A,1
synthetic-01322,0.592,0.1116,0.2793,12,0.5925,56,0.1143,0.7319,0.2871,0.586,0.0291,0.6646,,,0.6216,0.6871,0.3217,0,56,0.9,Synthetic Region Group B,1
synthetic-01323,0.4738,0.0566,0.3263,12,0.5099,46,0.1375,0.4675,0.3089,0.5629,0.0636,0.4224,0.5032,8,0.4583,0.4959,0.3155,4,44,1,Synthetic Region Group C,0
synthetic-01324,0.5289,0.1016,0.3951,7,0.5456,47,0.1281,0.6504,0.397,0.6533,0.1055,0.569,,,0.6469,0.658,0.396,3,54,0.9,Synthetic Region Group D,1
synthetic-01325,0.7813,0.1076,0.3243,12,0.7779,66,0.103,0.8436,0.2954,0.8217,0.0504,0.7798,0.7623,0,0.8352,0.7692,0.3546,0,63,1,Synthetic Region Group A,1
synthetic-01326,0.7257,0.0606,0.3936,12,0.6812,53,0.061,0.6383,0.3677,0.6726,0.0243,0.734,0.6349,0,0.6533,0.7277,0.3945,1,53,1,Synthetic Region Group B,1
synthetic-01327,0.4487,0.1214,0.4423,12,0.4348,47,0.1288,0.5214,0.412,0.5752,0.0646,0.5473,0.5294,6,0.5203,0.5176,0.3859,2,42,1,Synthetic Region Group C,0
synthetic-01328,0.6529,0.07,0.3324,7,0.6579,50,0.124,,0.2931,0.5913,,0.5452,,,0.6071,0.6364,0.3875,1,49,0.8,Synthetic Region Group D,1
synthetic-01329,0.8818,0.0441,0.3335,12,0.8587,65,0.0537,0.7823,0.3388,0.8929,0.1028,0.8977,0.8287,0,0.8488,0.79,0.3109,0,67,1,Synthetic Region Group A,1
synthetic-01330,0.7005,0.0587,0.2912,12,0.6927,58,0.087,0.606,0.3613,0.5979,0.1077,0.6939,0.5898,0,0.6328,0.6391,0.277,1,60,1,Synthetic Region Group B,1
synthetic-01331,0.4275,0.0723,0.3241,12,0.5161,51,0.1171,0.4816,0.3034,0.4655,0.1142,,0.4486,3,,,,,46,0.75,Synthetic Region Group C,0
synthetic-01332,0.6183,0.1457,0.328,7,0.5289,56,0.133,,0.3837,0.6191,,0.5286,0.5453,1,0.6449,0.5481,0.3498,4,53,0.9,Synthetic Region Group D,1
synthetic-01333,0.8323,0.0815,0.2255,12,0.8952,61,0.1015,0.8794,0.3496,0.7439,0.0305,0.8916,0.7771,0,0.8625,0.8906,0.2481,0,67,1,Synthetic Region Group A,1
synthetic-01334,0.664,0.0453,0.3804,12,0.6283,56,0.1209,0.6748,0.3933,0.676,0.1057,0.7112,0.6684,1,0.7063,0.5801,0.3141,0,56,1,Synthetic Region Group B,1
synthetic-01335,0.4425,0.0633,0.4395,12,0.4749,51,0.1168,0.5801,,,0.0945,,,,,,,,47,0.55,Synthetic Region Group C,0
synthetic-01336,0.5777,0.0938,0.3723,7,,,,,0.3894,0.5031,,0.6239,,,0.6119,0.531,0.4102,4,50,0.65,Synthetic Region Group D,0
synthetic-01337,0.7739,0.1036,0.2,12,,,,0.7749,0.2228,0.8669,0.0931,0.8508,0.7706,0,0.7964,0.8006,0.3038,0,67,0.85,Synthetic Region Group A,1
synthetic-01338,0.6944,0.0815,0.2567,12,0.7287,54,0.0496,0.6337,0.39,0.6005,0.0741,0.6603,0.6998,4,0.5908,0.6304,0.3948,1,57,1,Synthetic Region Group B,1
synthetic-01339,0.4367,0.0708,0.2968,12,0.4194,44,0.0916,0.4987,0.3684,0.5702,0.0441,0.4779,0.4903,3,0.4484,0.5173,0.3755,5,47,1,Synthetic Region Group C,0
synthetic-01340,0.6486,0.0659,0.3214,7,0.5133,54,0.0843,0.6189,0.4004,0.6146,0.0268,0.602,,,0.5965,0.596,0.4268,1,53,0.9,Synthetic Region Group D,1
synthetic-01341,0.786,0.0552,0.2859,12,0.7939,59,0.0783,,,,,0.7963,0.7933,0,0.8456,0.7945,0.278,0,64,0.8,Synthetic Region Group A,1
synthetic-01342,0.7081,0.1057,0.3523,12,0.6969,50,0.039,,0.4031,0.701,,0.6582,0.605,4,0.717,0.7148,0.2704,2,60,0.9,Synthetic Region Group B,1
synthetic-01343,0.5436,0.0792,0.3547,12,0.5511,46,0.1159,0.5229,0.4516,0.477,0.0406,0.4594,0.4664,3,0.4974,0.4233,0.4464,5,45,1,Synthetic Region Group C,1
synthetic-01344,0.51,0.097,0.3708,7,0.5369,55,0.0762,0.6483,0.4373,0.6492,0.1068,0.518,0.5164,5,0.521,0.5501,0.4049,2,49,1,Synthetic Region Group D,1
synthetic-01345,0.8191,0.0441,0.2023,12,0.8954,62,0.0575,0.7861,0.2932,0.744,0.065,0.7559,0.8574,1,0.7471,0.7969,0.2361,0,69,1,Synthetic Region Group A,1
synthetic-01346,0.704,0.0682,0.3984,12,0.6943,52,0.1066,0.6679,0.2766,0.6692,0.1132,0.6783,0.6851,1,0.6361,0.619,0.3782,2,56,1,Synthetic Region Group B,1
synthetic-01347,0.5097,0.0743,0.3263,12,0.5498,46,0.0774,0.4202,0.4613,0.5025,0.0678,0.4246,0.4692,5,0.4696,0.4775,0.4208,6,52,1,Synthetic Region Group C,0
synthetic-01348,0.5894,0.0689,0.3008,7,0.6516,56,0.1221,0.6047,,,0.0385,0.5358,,,0.5799,0.5691,0.2938,2,54,0.8,Synthetic Region Group D,1
synthetic-01349,0.891,0.0543,0.3462,12,0.8416,60,0.0217,0.7613,0.205,0.8799,0.0875,0.8242,0.8974,0,0.8132,0.7968,0.2871,0,67,1,Synthetic Region Group A,1
synthetic-01350,0.6751,0.0411,0.338,12,0.6245,54,0.1176,0.7402,0.306,0.6725,0.1066,0.5795,0.7274,1,0.716,0.7294,0.2571,0,61,1,Synthetic Region Group B,1
synthetic-01351,0.5202,0.1125,0.4311,12,0.4317,44,0.1282,0.4781,0.4225,0.4878,0.0577,0.5373,0.5563,7,0.4237,0.4804,0.3156,3,46,1,Synthetic Region Group C,0
synthetic-01352,0.6042,0.1361,0.3993,7,0.6467,47,0.0894,,,,,,0.5096,4,,,,,49,0.55,Synthetic Region Group D,0
synthetic-01353,0.8256,0.0284,0.3412,12,0.7902,67,0.0771,0.8333,0.2513,0.8825,0.0439,0.859,,,0.8352,0.8576,0.1968,0,70,0.9,Synthetic Region Group A,1
synthetic-01354,0.7056,0.0928,0.3705,12,0.7222,52,0.1065,0.6574,0.2956,0.5951,0.1078,0.7311,,,0.7335,0.6326,0.2783,1,55,0.9,Synthetic Region Group B,1
synthetic-01355,0.5168,0.0604,0.4405,12,0.5588,45,0.063,0.5384,0.3596,0.546,0.0912,0.4279,,,0.508,0.4196,0.3122,4,43,0.9,Synthetic Region Group C,0
synthetic-01356,0.5595,0.0762,0.27,7,0.6438,47,0.0544,,0.3997,0.5305,,0.5375,,,0.6087,0.6294,0.4029,1,54,0.8,Synthetic Region Group D,1
synthetic-01357,0.7591,0.0957,0.3248,12,0.793,62,0.0683,0.7622,0.3048,0.8822,0.0209,0.891,0.8552,0,0.864,0.8431,0.2525,0,71,1,Synthetic Region Group A,1
synthetic-01358,0.6007,0.0893,0.2814,12,0.7135,57,0.0634,0.7371,0.3802,0.6492,0.1043,0.6309,,,0.5852,0.6496,0.4054,0,53,0.9,Synthetic Region Group B,0
synthetic-01359,0.4406,0.1461,0.3749,12,0.5456,48,0.0857,0.435,0.3082,0.4327,0.0686,0.524,0.4536,3,0.4447,0.423,0.4428,5,42,1,Synthetic Region Group C,0
synthetic-01360,,,,,0.6489,47,0.1128,,,,,0.5877,0.5071,5,0.5909,0.5366,0.3686,4,56,0.6,Synthetic Region Group D,0
synthetic-01361,0.7636,0.0579,0.3291,12,0.8859,61,0.0191,0.8951,0.3257,0.8248,0.0774,0.7554,0.7856,0,0.7714,0.8258,0.3571,0,69,1,Synthetic Region Group A,1
synthetic-01362,0.5815,0.0849,0.3082,12,0.6246,56,0.103,0.6046,0.3677,0.704,0.0799,0.6391,0.6952,4,0.6061,0.738,0.3501,0,62,1,Synthetic Region Group B,1
synthetic-01363,0.4568,0.0683,0.436,12,0.529,44,0.0933,0.5756,0.4643,0.4871,0.1012,0.5031,0.4779,7,0.445,0.4766,0.4042,5,52,1,Synthetic Region Group C,0
synthetic-01364,0.5082,0.0471,0.3155,7,0.5388,55,0.0643,,0.3721,0.6585,,0.6088,0.6108,1,0.5426,0.5853,0.3954,2,52,0.9,Synthetic Region Group D,1
synthetic-01365,0.7962,0.0368,0.2488,12,0.8123,61,0.0279,0.8588,0.3363,0.772,0.0211,0.8897,0.7723,0,0.7998,0.8311,0.2504,0,67,1,Synthetic Region Group A,1
synthetic-01366,0.7346,0.1007,0.2578,12,0.6352,58,0.0442,0.6284,0.2979,0.6391,0.0902,0.6414,0.6476,0,0.6953,0.7065,0.26,0,53,1,Synthetic Region Group B,1
synthetic-01367,0.4577,0.0569,0.4398,12,0.4862,53,0.0573,,0.3701,0.43,,0.5393,0.504,8,0.432,0.4917,0.3734,2,42,0.9,Synthetic Region Group C,0
synthetic-01368,0.5558,0.0828,0.3767,7,0.6067,54,0.108,,0.364,0.5717,,0.5347,,,0.5162,0.6306,0.4002,3,56,0.8,Synthetic Region Group D,0
synthetic-01369,0.7621,0.0884,0.2092,12,0.7587,60,0.0687,0.8928,0.3199,0.7837,0.0441,0.8473,0.8916,0,0.8204,0.8584,0.3001,0,71,1,Synthetic Region Group A,1
synthetic-01370,0.5925,0.0726,0.2848,12,0.7004,56,0.0817,0.6075,0.4038,0.6718,0.0714,0.6317,0.5985,1,0.7223,0.6122,0.2769,0,60,1,Synthetic Region Group B,1
synthetic-01371,0.4681,0.1339,0.421,12,0.5601,51,0.0995,0.5609,0.3473,0.4589,0.0873,0.5511,0.5224,8,0.4748,0.569,0.3538,3,48,1,Synthetic Region Group C,0
synthetic-01372,0.5696,0.1019,0.3763,7,0.5894,52,0.1074,0.5584,0.4365,0.6165,0.0783,0.5761,0.5784,2,0.5041,0.5694,0.3031,3,48,1,Synthetic Region Group D,1
synthetic-01373,0.7769,0.0446,0.3379,12,0.8567,67,0.0356,0.7914,0.3522,0.7539,0.0458,0.7623,0.7464,0,0.7856,0.7683,0.3372,0,69,1,Synthetic Region Group A,1
synthetic-01374,0.6315,0.0898,0.3282,12,0.605,54,0.0721,0.6516,0.3119,0.718,0.0792,0.7126,0.6587,2,0.6384,0.6511,0.402,0,57,1,Synthetic Region Group B,1
synthetic-01375,0.4709,0.1296,0.4407,12,,,,0.5425,0.3603,0.5623,0.0335,0.56,0.5,5,0.4326,0.4885,0.4044,6,49,0.85,Synthetic Region Group C,0
synthetic-01376,,,,,0.6029,50,0.1267,,0.4098,0.6229,,0.5393,0.589,6,0.5792,0.6184,0.3377,4,51,0.7,Synthetic Region Group D,0
synthetic-01377,0.8044,0.0697,0.2827,12,0.7401,63,0.039,0.755,0.2395,0.8944,0.0915,0.8717,0.7673,0,0.8665,0.8033,0.3324,0,62,1,Synthetic Region Group A,1
synthetic-01378,0.6879,0.1232,0.2936,12,0.6005,56,0.0785,0.7063,0.343,0.6479,0.0947,0.696,0.6421,3,0.6741,0.625,0.3425,2,52,1,Synthetic Region Group B,1
synthetic-01379,0.5379,0.1261,0.3575,12,0.5244,49,0.0967,0.5687,0.3635,0.472,0.052,0.4482,0.4807,2,0.5201,0.4938,0.3463,2,51,1,Synthetic Region Group C,1
synthetic-01380,0.5231,0.0451,0.297,7,0.5731,54,0.1176,0.5684,0.4275,0.5714,0.053,0.5261,,,0.602,0.5441,0.416,3,49,0.9,Synthetic Region Group D,0
synthetic-01381,0.8289,0.0923,0.2469,12,0.7475,59,0.0719,0.7644,0.2968,0.748,0.043,0.7489,0.8961,0,0.8633,0.8212,0.2843,0,71,1,Synthetic Region Group A,1
synthetic-01382,0.6284,0.1224,0.2748,12,0.599,60,0.0787,0.6347,0.2932,0.6524,0.0438,0.6702,0.6368,3,0.6288,0.7191,0.4067,0,61,1,Synthetic Region Group B,1
synthetic-01383,0.5422,0.1268,0.3644,12,0.4559,45,0.0925,0.4603,0.4369,0.427,0.0594,0.5495,,,0.43,0.4781,0.4061,3,49,0.9,Synthetic Region Group C,0
synthetic-01384,0.6011,0.1123,0.3166,7,0.5795,50,0.0605,,0.4343,0.6563,,0.5117,,,0.5447,0.6045,0.4175,4,48,0.8,Synthetic Region Group D,0
synthetic-01385,0.8627,0.0605,0.2671,12,0.8663,61,0.0266,0.8854,,,0.0046,0.8738,0.8186,0,0.7921,0.8814,0.2908,0,63,0.9,Synthetic Region Group A,1
synthetic-01386,0.6791,0.037,0.3049,12,0.6775,56,0.0922,0.6505,0.254,0.7058,0.1045,0.6845,0.6274,3,0.6899,0.6182,0.3352,1,61,1,Synthetic Region Group B,1
synthetic-01387,0.4576,0.078,0.3027,12,0.5698,46,0.1131,0.4217,0.3972,0.52,0.0731,0.4967,0.5389,6,0.5441,0.4335,0.3487,5,49,1,Synthetic Region Group C,0
synthetic-01388,0.5094,0.0813,0.2753,7,0.5054,48,0.0802,,,,,0.6594,,,0.5638,0.5851,0.4072,2,55,0.7,Synthetic Region Group D,0
synthetic-01389,0.7846,0.0659,0.2892,12,0.8267,64,0.0871,0.8622,0.2651,0.7822,0.0676,0.7473,0.7647,0,0.7562,0.8336,0.2068,0,67,1,Synthetic Region Group A,1
synthetic-01390,0.6363,0.1098,0.3834,12,,,,0.7056,0.3059,0.6917,0.0617,0.6007,0.5813,2,0.659,0.663,0.3401,0,58,0.85,Synthetic Region Group B,1
synthetic-01391,0.4576,0.0998,0.3401,12,0.4864,45,0.1052,0.5236,0.3899,0.4215,0.0501,0.5604,0.5537,5,0.5449,0.4397,0.3603,5,49,1,Synthetic Region Group C,0
synthetic-01392,0.6209,0.1154,0.3318,7,0.5474,46,0.0807,0.5121,0.4165,0.6004,0.0975,,,,,,,,55,0.65,Synthetic Region Group D,0
synthetic-01393,0.8776,0.0422,0.3214,12,0.8981,62,0.0428,0.7747,0.2733,0.7924,0.0626,0.8462,0.8576,0,0.7557,0.8571,0.1969,0,65,1,Synthetic Region Group A,1
synthetic-01394,0.6684,0.0348,0.342,12,0.7312,58,0.0883,0.5989,0.3051,0.6377,0.1179,0.5998,0.6572,1,0.6088,0.6882,0.399,1,62,1,Synthetic Region Group B,1
synthetic-01395,0.4403,0.0749,0.3264,12,0.5378,48,0.0758,0.4414,0.3977,0.5436,0.0993,0.5413,0.5789,4,0.5022,0.4655,0.3039,1,50,1,Synthetic Region Group C,1
synthetic-01396,0.6121,0.1347,0.3908,7,0.5577,58,0.0551,,0.4125,0.6307,,0.5828,,,0.5826,0.587,0.4208,1,47,0.8,Synthetic Region Group D,1
synthetic-01397,0.7652,0.0147,0.1922,12,0.7667,59,0.0959,0.8604,0.238,0.7817,0,0.7875,,,0.8797,0.8815,0.3135,0,64,0.9,Synthetic Region Group A,1
synthetic-01398,0.6893,0.1161,0.3384,12,0.612,53,0.0987,0.596,0.3941,0.6376,0.0282,0.6003,0.7061,0,0.6515,0.6538,0.4097,2,59,1,Synthetic Region Group B,1
synthetic-01399,0.5433,0.139,0.3618,12,0.4502,46,0.0887,0.4757,0.3237,0.4488,0.1344,0.5277,0.434,4,0.4748,0.5807,0.4009,2,47,1,Synthetic Region Group C,0
synthetic-01400,0.5955,0.0546,0.4196,7,0.6181,47,0.115,,0.4333,0.5002,,0.5552,0.6135,2,0.5715,0.4999,0.3718,4,52,0.9,Synthetic Region Group D,1
synthetic-01401,0.7952,0.0813,0.2341,12,0.8481,59,0.0638,,0.3129,0.8903,,0.7796,0.8725,0,0.862,0.84,0.2921,0,64,0.9,Synthetic Region Group A,1
synthetic-01402,0.6044,0.0642,0.2514,12,0.7359,54,0.1008,0.6901,0.2614,0.7101,0.1188,0.6094,,,0.5807,0.6464,0.4012,0,57,0.9,Synthetic Region Group B,1
synthetic-01403,0.5507,0.0906,0.3841,12,0.5493,46,0.096,0.464,0.321,0.5332,0.0739,0.5069,0.4735,3,0.5053,0.5594,0.431,2,48,1,Synthetic Region Group C,1
synthetic-01404,0.6018,0.0609,0.3925,7,0.6008,48,0.051,0.5434,0.3151,0.5387,0.1039,0.6023,0.5542,6,0.6077,0.5572,0.3845,1,54,1,Synthetic Region Group D,1
synthetic-01405,0.8596,0.1129,0.3275,12,0.793,58,0.0591,0.7796,0.2774,0.7759,0.1013,0.8499,0.8175,0,0.8109,0.8907,0.2458,0,68,1,Synthetic Region Group A,1
synthetic-01406,0.6979,0.055,0.3717,12,0.5973,52,0.0517,0.607,0.3269,0.6579,0.0801,0.6101,,,0.6325,0.6785,0.3229,1,57,0.9,Synthetic Region Group B,1
synthetic-01407,0.4397,0.068,0.4244,12,0.4554,46,0.1013,0.5327,0.3606,0.5026,0.125,0.4839,0.5477,5,0.5113,0.4837,0.4021,1,47,1,Synthetic Region Group C,1
synthetic-01408,0.57,0.1367,0.4099,7,0.5846,53,0.0479,0.6492,0.3982,0.5588,0.0235,,,,,,,,56,0.65,Synthetic Region Group D,0
synthetic-01409,0.8707,0.0721,0.3112,12,0.8321,59,0.0731,0.7683,0.2172,0.7595,0.0221,0.7839,0.8113,0,0.8579,0.8909,0.3346,0,67,1,Synthetic Region Group A,1
synthetic-01410,0.65,0.0891,0.3911,12,,,,0.6413,0.3767,0.6612,0.0129,0.7358,,,0.6956,0.646,0.2526,0,60,0.75,Synthetic Region Group B,1
synthetic-01411,0.4994,0.0745,0.4264,12,0.5437,44,0.1387,0.4373,0.369,0.5344,0.0317,0.4442,0.4735,5,0.5445,0.498,0.4217,2,51,1,Synthetic Region Group C,1
synthetic-01412,0.6252,0.0486,0.3684,7,0.6357,50,0.1319,0.5749,0.2811,0.5046,0.1073,0.6599,0.5446,5,0.555,0.6463,0.3097,2,55,1,Synthetic Region Group D,1
synthetic-01413,0.8948,0.0831,0.2982,12,0.7396,59,0.0766,0.7677,,,0.0121,0.796,0.8528,0,0.7512,0.821,0.1964,0,69,0.9,Synthetic Region Group A,1
synthetic-01414,0.715,0.0455,0.2605,12,0.5798,59,0.103,0.598,0.3716,0.624,0.0719,0.7262,0.5963,4,0.6161,0.7229,0.406,1,53,1,Synthetic Region Group B,1
synthetic-01415,0.5632,0.0608,0.4231,12,0.4825,54,0.1417,0.5775,0.3319,0.4868,0.0421,0.5234,0.5527,3,0.5521,0.4788,0.4192,2,48,1,Synthetic Region Group C,1
synthetic-01416,0.501,0.1233,0.3881,7,0.5363,53,0.1088,,0.2846,0.6264,,0.5107,0.5177,4,0.521,0.5063,0.2873,1,49,0.9,Synthetic Region Group D,1
synthetic-01417,0.772,0.0371,0.2117,12,0.8717,64,0.0142,0.8708,0.3097,0.7633,0.0385,0.8274,0.7478,0,0.8567,0.8259,0.1992,0,66,1,Synthetic Region Group A,1
synthetic-01418,0.6298,0.0864,0.261,12,0.656,59,0.0586,0.6486,0.2518,0.6108,0.0926,0.6236,0.6717,4,0.6002,0.7024,0.2957,2,61,1,Synthetic Region Group B,1
synthetic-01419,0.4579,0.1522,0.3826,12,0.4623,52,0.1037,,0.4442,0.5603,,0.4751,0.4582,5,0.4761,0.5798,0.3463,6,50,0.9,Synthetic Region Group C,0
synthetic-01420,0.5286,0.1007,0.3651,7,0.6466,57,0.1214,,0.3966,0.6117,,0.6279,,,0.5643,0.5197,0.3088,2,51,0.8,Synthetic Region Group D,1
synthetic-01421,0.8077,0.0869,0.2128,12,0.7451,65,0.0921,0.8356,0.2113,0.7394,0.0802,0.8515,0.7628,0,0.8834,0.8618,0.2154,0,68,1,Synthetic Region Group A,1
synthetic-01422,0.7169,0.0833,0.3801,12,0.6096,56,0.1064,0.6509,0.2803,0.6329,0.0619,0.6998,0.6422,1,0.7107,0.6934,0.2513,0,52,1,Synthetic Region Group B,1
synthetic-01423,0.5405,0.0786,0.3068,12,0.5521,53,0.1143,0.5073,0.4247,0.5012,0.0756,0.4455,0.5233,5,0.5322,0.4543,0.4309,6,52,1,Synthetic Region Group C,0
synthetic-01424,0.6201,0.0451,0.2715,7,0.5742,54,0.1257,0.5799,0.3074,0.6453,0.0437,0.6305,,,0.5651,0.6004,0.3372,2,49,0.9,Synthetic Region Group D,1
synthetic-01425,0.8771,0.0212,0.2916,12,0.8009,59,0.023,0.8653,0.3554,0.8279,0.0813,0.8715,0.8034,0,0.8197,0.799,0.279,0,71,1,Synthetic Region Group A,1
synthetic-01426,0.6075,0.0753,0.323,12,0.6995,54,0.0387,,,,,0.6747,,,0.6855,0.6543,0.303,1,59,0.7,Synthetic Region Group B,1
synthetic-01427,0.4309,0.1407,0.4041,12,0.4366,50,0.1236,0.4214,0.3658,0.5668,0.0889,0.4792,0.5244,6,0.5763,0.5286,0.3182,3,48,1,Synthetic Region Group C,0
synthetic-01428,0.5511,0.084,0.3235,7,0.5212,53,0.1295,,0.3836,0.5747,,,,,,,,,55,0.55,Synthetic Region Group D,0
synthetic-01429,0.8471,0.1012,0.3064,12,0.8765,66,0.0391,0.8718,0.3576,0.8111,0.0429,0.8364,0.7577,0,0.7427,0.7886,0.2211,0,69,1,Synthetic Region Group A,1
synthetic-01430,0.7095,0.0397,0.3714,12,0.6531,56,0.0387,0.6715,0.2652,0.6612,0.0354,0.6493,0.5881,3,0.6933,0.7059,0.2763,1,59,1,Synthetic Region Group B,1
synthetic-01431,0.5497,0.1307,0.3622,12,0.4663,50,0.1432,0.4596,0.3048,0.5465,0.1039,0.4712,0.5517,4,0.5003,0.4983,0.3192,5,45,1,Synthetic Region Group C,1
synthetic-01432,0.6362,0.0988,0.3671,7,0.5241,56,0.0753,0.6336,0.4097,0.519,0.1147,,0.5473,2,,,,,49,0.75,Synthetic Region Group D,1
synthetic-01433,0.8497,0.0801,0.2439,12,,,,0.7715,0.2853,0.8081,0.0984,0.7438,0.8141,0,0.8831,0.748,0.3073,0,62,0.85,Synthetic Region Group A,1
synthetic-01434,0.6803,0.0947,0.3503,12,0.6112,58,0.0574,0.59,0.2669,0.6949,0.0993,0.7162,0.6451,0,0.5825,0.6828,0.3086,0,54,1,Synthetic Region Group B,1
synthetic-01435,0.5299,0.1606,0.3626,12,,,,0.5516,0.4,0.4744,0.0637,0.4693,0.4891,7,0.5721,0.5503,0.3368,5,45,0.85,Synthetic Region Group C,0
synthetic-01436,0.6255,0.0966,0.3013,7,0.6379,47,0.1306,0.5312,0.3898,0.5194,0.0587,0.5822,0.5433,1,0.5885,0.5495,0.3749,0,48,1,Synthetic Region Group D,1
synthetic-01437,0.816,0.0194,0.1983,12,0.8632,63,0.0104,0.8914,0.2665,0.7932,0.0273,0.7393,,,0.9005,0.7968,0.2605,0,66,0.9,Synthetic Region Group A,1
synthetic-01438,0.7259,0.1073,0.3467,12,0.6303,58,0.109,0.7209,0.3257,0.66,0.0363,0.6488,0.6151,1,0.6052,0.6095,0.3351,2,52,1,Synthetic Region Group B,1
synthetic-01439,0.5227,0.0896,0.4355,12,0.5631,48,0.0759,0.4994,0.3888,0.553,0.0705,0.5624,0.4421,3,0.5062,0.4594,0.4475,5,48,1,Synthetic Region Group C,1
synthetic-01440,0.6064,0.1464,0.3737,7,0.6581,57,0.0409,0.6113,0.3033,0.5678,0.0824,0.585,0.5806,5,0.591,0.5601,0.342,3,53,1,Synthetic Region Group D,1
synthetic-01441,0.8596,0.029,0.2691,12,0.8988,68,0.022,0.8014,0.256,0.8493,0.0551,0.7809,0.862,1,0.8082,0.8357,0.2238,0,70,1,Synthetic Region Group A,1
synthetic-01442,0.6103,0.0998,0.2559,12,0.7005,57,0.0362,0.678,0.3576,0.7297,0.0611,0.5925,0.6179,1,0.7344,0.5874,0.3566,2,54,1,Synthetic Region Group B,1
synthetic-01443,0.5562,0.1542,0.4339,12,0.5211,53,0.1056,0.4676,0.4467,0.565,0.0734,0.4703,0.4539,7,0.5303,0.4315,0.4051,3,45,1,Synthetic Region Group C,0
synthetic-01444,0.6457,0.0609,0.3836,7,0.5397,55,0.077,,,,,0.6414,,,0.6153,0.5516,0.3405,3,54,0.7,Synthetic Region Group D,0
synthetic-01445,0.8099,0.0927,0.2812,12,0.778,62,0.0364,,0.2303,0.7746,,0.7787,,,0.7991,0.8625,0.2466,0,69,0.8,Synthetic Region Group A,1
synthetic-01446,0.7339,0.0728,0.3946,12,0.6513,56,0.0363,0.5942,0.3618,0.6866,0.03,0.6235,0.6462,4,0.5966,0.6163,0.4071,1,52,1,Synthetic Region Group B,1
synthetic-01447,0.4743,0.0846,0.3005,12,0.4689,51,0.1097,0.4319,0.3917,0.543,0.0638,0.4852,0.5037,6,0.4229,0.4883,0.3387,5,48,1,Synthetic Region Group C,0
synthetic-01448,,,,,0.5786,55,0.0457,0.5162,,,0.1292,0.5929,0.538,5,0.533,0.5088,0.3016,3,52,0.7,Synthetic Region Group D,0
synthetic-01449,0.8373,0.1114,0.2396,12,0.8256,58,0.0597,0.751,0.2574,0.8424,0.0787,0.8543,0.7524,1,0.8607,0.7622,0.3432,0,71,1,Synthetic Region Group A,1
synthetic-01450,0.5907,0.0836,0.2567,12,,,,0.7083,,,0.0229,0.7045,0.6597,2,0.7142,0.728,0.4003,1,55,0.75,Synthetic Region Group B,1
synthetic-01451,0.4256,0.0685,0.3103,12,0.4797,44,0.0825,0.4755,0.3439,0.4711,0.1136,0.465,0.4693,6,0.4363,0.4992,0.3548,2,43,1,Synthetic Region Group C,0
synthetic-01452,0.6244,0.1214,0.3938,7,0.6606,52,0.0597,,0.4323,0.6342,,0.5966,0.5755,5,0.5169,0.5842,0.3753,3,50,0.9,Synthetic Region Group D,1
synthetic-01453,0.8508,0.0603,0.2119,12,0.8912,67,0.0453,,0.2337,0.9003,,0.8012,0.741,0,0.8058,0.8444,0.2485,0,62,0.9,Synthetic Region Group A,1
synthetic-01454,0.6282,0.0742,0.3952,12,0.6649,53,0.1096,0.6622,0.3742,0.6601,0.0257,0.6341,,,0.7109,0.6629,0.3677,0,58,0.9,Synthetic Region Group B,1
synthetic-01455,0.5301,0.1068,0.2976,12,0.4762,42,0.1423,0.4572,0.3237,0.5678,0.1309,0.548,,,0.579,0.4986,0.3777,4,45,0.9,Synthetic Region Group C,0
synthetic-01456,0.6435,0.0719,0.3212,7,0.6136,46,0.0875,,0.3208,0.5791,,0.532,,,0.5894,0.6014,0.4296,0,53,0.8,Synthetic Region Group D,1
synthetic-01457,0.8026,0.1122,0.3069,12,0.8262,58,0.0194,0.741,0.3469,0.8505,0.0149,0.891,0.7802,0,0.8797,0.7451,0.3477,0,63,1,Synthetic Region Group A,1
synthetic-01458,0.7254,0.0407,0.2516,12,0.7065,50,0.1134,0.7171,0.3145,0.6486,0.0961,0.7041,0.6302,2,0.7374,0.598,0.3027,1,60,1,Synthetic Region Group B,1
synthetic-01459,0.5608,0.137,0.3759,12,0.5505,48,0.0817,0.496,0.3363,0.5363,0.1174,,,,,,,,43,0.65,Synthetic Region Group C,0
synthetic-01460,,,,,0.6281,49,0.1005,,0.2931,0.5842,,0.5774,0.5821,4,0.6005,0.6222,0.3875,2,53,0.7,Synthetic Region Group D,1
synthetic-01461,0.8869,0.0364,0.3208,12,0.7913,62,0.0227,0.7959,0.2929,0.8833,0.0919,0.844,0.7583,0,0.7412,0.8052,0.3157,0,64,1,Synthetic Region Group A,1
synthetic-01462,0.6783,0.1354,0.37,12,,,,0.5799,0.2925,0.7389,0.0337,0.7133,0.7242,2,0.6865,0.7154,0.252,3,57,0.85,Synthetic Region Group B,1
synthetic-01463,0.4408,0.1394,0.3167,12,0.5481,52,0.1272,0.434,0.4206,0.526,0.0751,0.5501,,,0.4927,0.4925,0.3354,2,46,0.9,Synthetic Region Group C,0
synthetic-01464,0.6442,0.0968,0.3545,7,0.6396,56,0.086,0.5373,0.3686,0.6247,0.0458,,,,,,,,53,0.65,Synthetic Region Group D,0
synthetic-01465,0.8282,0.0911,0.2936,12,0.8152,59,0.0461,0.8662,0.2357,0.7937,0.0716,0.7551,0.8686,0,0.7612,0.8269,0.3089,0,61,1,Synthetic Region Group A,1
synthetic-01466,0.595,0.0318,0.3008,12,0.6013,54,0.1124,0.6277,0.2495,0.6238,0.046,0.6152,0.726,0,0.6063,0.6119,0.3009,1,56,1,Synthetic Region Group B,1
synthetic-01467,0.5377,0.1353,0.3665,12,0.4331,52,0.1401,0.5557,0.4578,0.4443,0.1233,0.5682,0.46,7,0.494,0.5472,0.3308,5,48,1,Synthetic Region Group C,0
synthetic-01468,0.624,0.139,0.3244,7,0.6311,52,0.1029,,0.341,0.6276,,0.5515,,,0.5677,0.6573,0.3288,0,49,0.8,Synthetic Region Group D,0
synthetic-01469,0.7432,0.0845,0.2629,12,0.8825,61,0.0111,0.7944,0.2381,0.8175,0.055,0.7498,0.7794,0,0.8927,0.8288,0.1997,0,71,1,Synthetic Region Group A,1
synthetic-01470,0.6457,0.1348,0.25,12,0.7119,50,0.0544,0.6409,0.4054,0.7052,0.0473,,0.6675,4,,,,,53,0.75,Synthetic Region Group B,1
synthetic-01471,0.4969,0.1582,0.4011,12,0.5123,44,0.0871,0.5162,0.4399,0.4786,0.0717,0.4395,0.5482,3,0.5012,0.4895,0.3622,4,48,1,Synthetic Region Group C,1
synthetic-01472,0.5891,0.0575,0.2778,7,0.5787,58,0.0434,,,,,0.5265,,,0.6564,0.5168,0.3812,3,50,0.7,Synthetic Region Group D,0
synthetic-01473,0.8429,0.0556,0.3257,12,0.8544,62,0.043,0.7473,,,0,0.7564,,,0.8453,0.8347,0.3044,0,68,0.8,Synthetic Region Group A,1
synthetic-01474,0.5893,0.1084,0.3749,12,0.669,58,0.1145,0.6101,0.3893,0.595,0.0751,0.6043,0.5922,0,0.5937,0.6025,0.3177,0,57,1,Synthetic Region Group B,1
synthetic-01475,0.5229,0.0795,0.4355,12,0.4526,47,0.0554,0.5246,0.3199,0.4837,0.0643,0.5222,0.5144,5,0.4842,0.4481,0.3653,4,45,1,Synthetic Region Group C,0
synthetic-01476,0.6379,0.1034,0.3765,7,0.6112,56,0.0877,,0.3035,0.5702,,0.5041,0.5579,5,0.6251,0.5508,0.3186,0,48,0.9,Synthetic Region Group D,1
synthetic-01477,0.8785,0.0195,0.3107,12,0.7902,58,0.0312,0.8793,0.3436,0.867,0.0926,0.8053,0.7932,0,0.8112,0.8552,0.3272,0,68,1,Synthetic Region Group A,1
synthetic-01478,0.6869,0.0854,0.3882,12,0.6255,60,0.0871,0.6348,0.3273,0.6608,0.0355,0.7072,0.6029,3,0.6073,0.6016,0.3875,3,56,1,Synthetic Region Group B,1
synthetic-01479,0.4984,0.1449,0.3984,12,0.5552,49,0.0773,0.5548,,,0.0331,,0.5152,6,,,,,51,0.65,Synthetic Region Group C,0
synthetic-01480,0.5884,0.1479,0.3898,7,0.6516,48,0.0844,,0.4039,0.64,,0.6609,,,0.5935,0.5359,0.2998,3,52,0.8,Synthetic Region Group D,0
synthetic-01481,0.8169,0.0915,0.2947,12,0.7455,61,0.0914,0.8504,0.2429,0.8304,0.0256,0.7882,0.8551,0,0.7757,0.8449,0.267,0,65,1,Synthetic Region Group A,1
synthetic-01482,0.6223,0.0866,0.2416,12,0.5915,52,0.0575,0.6564,0.3003,0.7193,0.031,0.7318,0.6691,0,0.5857,0.7356,0.3922,0,61,1,Synthetic Region Group B,1
synthetic-01483,0.5741,0.1103,0.4508,12,0.5392,49,0.1424,0.5255,,,0.1308,0.4255,0.5323,6,0.4695,0.4883,0.35,4,44,0.9,Synthetic Region Group C,0
synthetic-01484,0.6379,0.1431,0.3368,7,0.6331,51,0.1058,0.6096,0.3488,0.5462,0.075,,0.62,4,,,,,47,0.75,Synthetic Region Group D,0
synthetic-01485,0.7684,0.0491,0.292,12,0.753,66,0.0773,0.8582,0.2131,0.7837,0.0685,0.8431,0.8712,0,0.7841,0.8749,0.3415,0,71,1,Synthetic Region Group A,1
synthetic-01486,0.7152,0.0785,0.3032,12,0.7333,59,0.0334,0.5843,0.3371,0.706,0.0416,0.673,0.5811,1,0.6874,0.6267,0.2745,0,52,1,Synthetic Region Group B,1
synthetic-01487,0.4505,0.0895,0.3595,12,0.4298,52,0.0876,0.4919,0.3511,0.4497,0.0312,0.4628,0.5516,4,0.4941,0.4406,0.3825,5,49,1,Synthetic Region Group C,0
synthetic-01488,0.5122,0.1279,0.3045,7,,,,,0.3715,0.5904,,0.5632,,,0.623,0.5929,0.3669,2,48,0.65,Synthetic Region Group D,0
synthetic-01489,0.8494,0.108,0.2076,12,0.8268,60,0.034,0.7442,0.2718,0.8303,0.0216,0.8821,0.7908,0,0.7703,0.7836,0.3337,0,64,1,Synthetic Region Group A,1
synthetic-01490,0.6032,0.1291,0.3234,12,,,,0.7134,0.2563,0.6654,0.12,0.6184,0.673,4,0.6556,0.6045,0.3117,1,57,0.85,Synthetic Region Group B,1
synthetic-01491,0.5364,0.0877,0.4543,12,,,,0.5793,0.443,0.5251,0.1124,0.5096,0.4671,2,0.5429,0.5053,0.4062,2,51,0.85,Synthetic Region Group C,1
synthetic-01492,0.59,0.0569,0.3814,7,0.6395,55,0.0423,,0.3489,0.6123,,0.5742,,,0.5632,0.5434,0.3498,4,54,0.8,Synthetic Region Group D,0
synthetic-01493,0.7656,0.045,0.3247,12,0.747,66,0.0225,,0.3056,0.8101,,0.8079,0.8748,0,0.8734,0.8117,0.2101,0,61,0.9,Synthetic Region Group A,1
synthetic-01494,0.7297,0.0338,0.3364,12,0.7034,54,0.0378,0.5891,0.2872,0.6003,0.0406,0.6125,0.7131,3,0.5938,0.7223,0.371,2,59,1,Synthetic Region Group B,1
synthetic-01495,0.5616,0.0649,0.3973,12,0.442,46,0.1067,0.4713,,,0.0518,0.483,0.5498,7,0.4445,0.4737,0.4291,4,51,0.9,Synthetic Region Group C,0
synthetic-01496,0.6125,0.0596,0.3055,7,0.6442,57,0.066,0.6058,0.4119,0.5114,0.1035,0.6278,0.6577,1,0.5946,0.633,0.3267,3,54,1,Synthetic Region Group D,1
synthetic-01497,0.8566,0.0418,0.2962,12,0.8118,62,0.0308,0.8001,0.2542,0.8034,0.0251,0.7907,,,0.7929,0.7736,0.3382,0,64,0.9,Synthetic Region Group A,1
synthetic-01498,0.6565,0.13,0.3551,12,0.6441,50,0.0477,,0.3272,0.6164,,0.5835,0.6044,0,0.6188,0.699,0.2868,0,61,0.9,Synthetic Region Group B,1
synthetic-01499,0.4726,0.1343,0.3706,12,,,,0.5622,0.4442,0.5213,0.0362,0.4646,0.4276,3,0.4957,0.48,0.4331,5,43,0.85,Synthetic Region Group C,0
synthetic-01500,0.5441,0.0901,0.3342,7,0.5743,49,0.0737,0.5505,,,0.115,0.6054,0.5169,2,0.5787,0.5354,0.3186,2,54,0.9,Synthetic Region Group D,1
synthetic-01501,0.7453,0.1036,0.2453,12,0.7683,60,0.017,0.7709,0.3566,0.7794,0.0224,0.859,0.8197,1,0.8944,0.815,0.2851,0,67,1,Synthetic Region Group A,1
synthetic-01502,0.6337,0.106,0.29,12,0.598,52,0.0303,0.6589,0.3177,0.6947,0.021,0.6873,0.6,4,0.6226,0.6986,0.269,1,53,1,Synthetic Region Group B,1
synthetic-01503,0.5102,0.0718,0.4132,12,0.5438,47,0.118,0.543,0.403,0.5309,0.0531,0.5463,0.4663,5,0.5102,0.58,0.3803,3,50,1,Synthetic Region Group C,0
synthetic-01504,0.5312,0.0464,0.373,7,0.5801,48,0.101,,0.3978,0.6169,,0.5329,,,0.5631,0.5468,0.3896,3,53,0.8,Synthetic Region Group D,0
synthetic-01505,0.8529,0.0587,0.3171,12,0.8302,63,0.0207,0.8249,0.2174,0.7436,0.0578,0.8994,,,0.8686,0.8639,0.3212,0,66,0.9,Synthetic Region Group A,1
synthetic-01506,0.5964,0.0414,0.2852,12,0.7366,59,0.0738,0.6633,0.2737,0.6976,0.0791,0.6993,0.6555,4,0.7213,0.6115,0.3009,1,52,1,Synthetic Region Group B,1
synthetic-01507,0.4894,0.0988,0.3955,12,0.4964,52,0.0926,,0.411,0.5579,,0.4727,,,0.4259,0.5167,0.453,2,45,0.8,Synthetic Region Group C,0
synthetic-01508,0.5092,0.1023,0.3477,7,0.5173,48,0.1127,,0.3739,0.5472,,,,,,,,,50,0.55,Synthetic Region Group D,0
synthetic-01509,0.8156,0.0989,0.2743,12,0.843,65,0.0389,0.7437,0.2819,0.8342,0.0507,0.8383,,,0.7592,0.7529,0.2518,0,70,0.9,Synthetic Region Group A,1
synthetic-01510,0.6156,0.0408,0.3361,12,0.6418,59,0.09,0.7127,0.3045,0.6014,0.0269,0.6696,0.7373,2,0.5904,0.6007,0.2733,2,60,1,Synthetic Region Group B,1
synthetic-01511,0.5758,0.0715,0.3307,12,0.5803,50,0.0814,0.4725,0.3254,0.5059,0.099,,0.4717,4,,,,,49,0.75,Synthetic Region Group C,0
synthetic-01512,0.6257,0.1023,0.4004,7,0.5754,51,0.1033,0.5393,,,0.0934,0.5306,,,0.5781,0.6146,0.281,2,47,0.8,Synthetic Region Group D,1
synthetic-01513,0.8406,0.0849,0.2499,12,0.8544,59,0.0405,0.7722,0.2575,0.8966,0.086,0.8014,0.8197,0,0.7431,0.8471,0.3127,0,66,1,Synthetic Region Group A,1
synthetic-01514,0.7328,0.0555,0.3781,12,0.6524,57,0.0403,,0.3427,0.6347,,0.6588,0.6744,0,0.6072,0.612,0.2848,2,58,0.9,Synthetic Region Group B,1
synthetic-01515,0.5114,0.0811,0.4007,12,0.4957,51,0.1296,,0.4181,0.4496,,0.5498,0.4923,6,0.5546,0.5152,0.4313,3,49,0.9,Synthetic Region Group C,0
synthetic-01516,0.5544,0.091,0.3079,7,0.5951,48,0.1248,,0.404,0.6337,,0.6061,,,0.5357,0.6447,0.4329,2,53,0.8,Synthetic Region Group D,0
synthetic-01517,0.8374,0.0482,0.3252,12,0.8327,62,0.0647,0.8082,0.3293,0.7517,0.0099,0.896,0.7585,0,0.8982,0.7713,0.2229,0,65,1,Synthetic Region Group A,1
synthetic-01518,0.6009,0.0932,0.3327,12,0.6875,53,0.1185,0.6463,0.2955,0.6187,0.1083,0.5986,0.6194,0,0.6952,0.7409,0.3823,0,55,1,Synthetic Region Group B,1
synthetic-01519,0.446,0.121,0.302,12,0.4885,51,0.0907,0.5266,0.3033,0.5694,0.1113,0.4715,0.4226,5,0.4832,0.5168,0.3749,3,45,1,Synthetic Region Group C,0
synthetic-01520,0.6435,0.1205,0.2782,7,0.6278,54,0.1171,,0.4,0.5081,,0.547,,,0.6143,0.5293,0.3238,2,48,0.8,Synthetic Region Group D,0
synthetic-01521,0.7801,0.1147,0.2046,12,0.831,65,0.0693,0.8789,0.2779,0.776,0.0567,0.7689,0.821,0,0.8432,0.8685,0.3216,0,64,1,Synthetic Region Group A,1
synthetic-01522,0.6942,0.0409,0.2798,12,0.6987,54,0.0517,0.7342,0.3934,0.637,0.0527,0.6748,0.6063,0,0.695,0.5893,0.2747,1,53,1,Synthetic Region Group B,1
synthetic-01523,0.5454,0.1189,0.3711,12,0.5415,47,0.1195,0.4596,0.3155,0.5394,0.1368,0.4216,0.4749,3,0.5403,0.4209,0.3609,4,45,1,Synthetic Region Group C,1
synthetic-01524,,,,,0.5971,56,0.1299,,,,,0.5288,0.5925,6,0.6309,0.5483,0.3734,3,50,0.6,Synthetic Region Group D,1
synthetic-01525,0.767,0.0266,0.2626,12,0.8997,68,0.0293,0.7662,0.3329,0.7947,0.0074,0.8916,0.7449,0,0.9003,0.8666,0.2892,0,63,1,Synthetic Region Group A,1
synthetic-01526,0.6074,0.1048,0.2846,12,0.6193,53,0.0462,0.7042,0.2946,0.5924,0.0625,0.602,0.6046,0,0.6145,0.6701,0.3897,0,59,1,Synthetic Region Group B,1
synthetic-01527,0.5562,0.0706,0.4238,12,0.5389,51,0.0917,0.5074,0.3098,0.4534,0.0854,0.5788,0.4397,6,0.5548,0.4215,0.3073,2,51,1,Synthetic Region Group C,1
synthetic-01528,0.6157,0.0465,0.2989,7,0.6071,56,0.0952,,0.3235,0.521,,0.6369,,,0.6405,0.5372,0.4029,2,53,0.8,Synthetic Region Group D,0
synthetic-01529,0.7949,0.0137,0.2295,12,0.8422,64,0.0173,0.7837,0.3379,0.899,0.0872,0.8203,0.7552,0,0.866,0.7465,0.2831,0,71,1,Synthetic Region Group A,1
synthetic-01530,0.6771,0.0866,0.2931,12,0.684,57,0.0539,0.7215,0.3686,0.677,0.0574,0.6027,0.5829,4,0.7033,0.7063,0.3048,0,61,1,Synthetic Region Group B,1
synthetic-01531,0.477,0.0611,0.2929,12,0.4314,54,0.075,0.4305,0.314,0.5069,0.0923,0.5294,0.5673,6,0.4899,0.4932,0.3731,2,43,1,Synthetic Region Group C,1
synthetic-01532,0.5009,0.1068,0.3476,7,0.5892,57,0.1002,,0.3504,0.6137,,0.5295,0.6117,6,0.586,0.5647,0.4224,2,50,0.9,Synthetic Region Group D,1
synthetic-01533,0.7797,0.0399,0.3209,12,0.8144,63,0.0319,0.8441,0.2821,0.7517,0.0211,0.7864,0.7854,0,0.8344,0.7444,0.3514,0,62,1,Synthetic Region Group A,1
synthetic-01534,0.6225,0.0915,0.3421,12,0.6192,51,0.0338,0.7159,,,0.017,0.6646,0.7266,2,0.7168,0.6779,0.3888,0,58,0.9,Synthetic Region Group B,1
synthetic-01535,0.463,0.1604,0.3417,12,,,,0.4236,0.3733,0.4722,0.0896,0.5155,0.5802,4,0.5744,0.4559,0.463,5,46,0.85,Synthetic Region Group C,0
synthetic-01536,0.6512,0.1379,0.2824,7,0.6029,49,0.1057,,0.3117,0.5396,,,,,,,,,47,0.55,Synthetic Region Group D,0
synthetic-01537,0.7524,0.0336,0.2759,12,0.828,69,0.0733,0.8713,0.2135,0.7663,0.0057,0.7425,0.7492,0,0.8008,0.8717,0.2008,0,69,1,Synthetic Region Group A,1
synthetic-01538,0.6516,0.0525,0.2855,12,0.719,58,0.0339,0.7297,,,0.0578,0.6561,0.5832,0,0.7133,0.6097,0.2734,0,56,0.9,Synthetic Region Group B,1
synthetic-01539,0.545,0.1049,0.3312,12,0.4237,45,0.0546,0.5723,0.3904,0.4526,0.085,0.511,0.5571,7,0.4384,0.5406,0.4363,5,52,1,Synthetic Region Group C,0
synthetic-01540,,,,,0.6546,49,0.1081,,0.3294,0.6419,,0.531,,,0.6094,0.6591,0.4218,2,57,0.6,Synthetic Region Group D,0
synthetic-01541,0.7943,0.0276,0.2899,12,0.87,67,0.0819,0.7933,0.2277,0.7953,0.0985,0.7869,0.8727,0,0.8822,0.8257,0.232,0,71,1,Synthetic Region Group A,1
synthetic-01542,0.7092,0.0944,0.3861,12,0.62,50,0.0677,0.6443,0.3191,0.64,0.0751,0.7257,0.709,0,0.5823,0.6004,0.3946,1,55,1,Synthetic Region Group B,1
synthetic-01543,0.4948,0.1605,0.3656,12,0.4472,52,0.068,0.4885,0.3175,0.5226,0.0378,0.4932,0.5043,4,0.4959,0.5129,0.3588,2,44,1,Synthetic Region Group C,1
synthetic-01544,0.5076,0.0585,0.2662,7,0.6581,52,0.0728,0.5184,,,0.1163,0.501,0.5595,2,0.6511,0.6061,0.2873,1,50,0.9,Synthetic Region Group D,1
synthetic-01545,0.8816,0.0358,0.3059,12,0.8887,60,0.0997,0.7513,0.3166,0.7574,0,,,,,,,,64,0.65,Synthetic Region Group A,1
synthetic-01546,0.6271,0.0576,0.2434,12,0.6495,60,0.1221,,0.3875,0.6169,,0.58,0.6725,2,0.6059,0.591,0.339,2,57,0.9,Synthetic Region Group B,1
synthetic-01547,0.5159,0.1122,0.3667,12,0.5576,47,0.0753,0.5528,0.4181,0.5722,0.0725,0.544,0.5484,4,0.4633,0.5781,0.3639,2,51,1,Synthetic Region Group C,1
synthetic-01548,0.6451,0.092,0.2864,7,0.6121,51,0.0897,0.6207,0.4276,0.6076,0.0898,0.535,,,0.5124,0.5613,0.3355,1,52,0.9,Synthetic Region Group D,1
synthetic-01549,0.8473,0.0947,0.2942,12,0.7442,64,0.0466,0.9001,0.2655,0.8339,0.0435,0.8288,0.7816,1,0.7543,0.8997,0.2122,0,64,1,Synthetic Region Group A,1
synthetic-01550,0.5996,0.0349,0.3163,12,0.6112,50,0.0457,0.6812,,,0.0798,0.6134,0.6216,2,0.6958,0.7019,0.4044,2,61,0.9,Synthetic Region Group B,1
synthetic-01551,0.4611,0.162,0.4084,12,0.5331,46,0.1226,0.4948,0.3128,0.4859,0.0953,0.4358,0.4551,3,0.4437,0.5087,0.3924,3,49,1,Synthetic Region Group C,1
synthetic-01552,0.5173,0.1272,0.2678,7,0.5403,46,0.0509,,0.2843,0.6164,,0.5664,,,0.5839,0.6006,0.3073,4,55,0.8,Synthetic Region Group D,0
synthetic-01553,0.7912,0.0136,0.3226,12,0.7541,60,0.0862,0.8357,0.2106,0.7627,0.0093,0.7801,0.8729,0,0.84,0.762,0.3113,0,71,1,Synthetic Region Group A,1
synthetic-01554,0.6489,0.0551,0.3204,12,0.6595,57,0.1011,0.7381,0.4026,0.7395,0.1036,0.5824,,,0.6629,0.7042,0.3241,1,56,0.9,Synthetic Region Group B,1
synthetic-01555,0.5,0.1388,0.4302,12,0.5326,50,0.1215,0.5392,0.4515,0.5369,0.1201,0.4356,0.4343,7,0.5499,0.472,0.4224,6,45,1,Synthetic Region Group C,0
synthetic-01556,0.5373,0.1298,0.3489,7,0.6097,54,0.0545,,,,,,,,,,,,54,0.45,Synthetic Region Group D,0
synthetic-01557,0.8033,0.1136,0.343,12,0.8875,60,0.0155,0.8864,0.2978,0.8476,0.0553,0.7453,,,0.796,0.8993,0.2471,0,63,0.9,Synthetic Region Group A,1
synthetic-01558,0.5838,0.0565,0.283,12,0.596,54,0.0484,0.6703,0.2601,0.5956,0.0908,0.6344,0.703,2,0.7348,0.6569,0.3128,0,58,1,Synthetic Region Group B,1
synthetic-01559,0.5783,0.1073,0.3109,12,0.4834,45,0.1168,0.5303,0.312,0.4816,0.0616,0.5292,0.5124,4,0.5664,0.5043,0.3063,2,51,1,Synthetic Region Group C,1
synthetic-01560,0.6564,0.0618,0.3702,7,0.5822,47,0.0696,0.634,0.3127,0.5628,0.0276,0.6176,0.5461,1,0.586,0.6456,0.3285,2,50,1,Synthetic Region Group D,1
synthetic-01561,0.7882,0.1035,0.2962,12,0.8697,59,0.0681,,0.2327,0.7834,,0.7637,0.7467,1,0.8875,0.8564,0.2104,0,63,0.9,Synthetic Region Group A,1
synthetic-01562,0.5811,0.1073,0.2948,12,0.5875,57,0.0705,0.6195,0.4045,0.7106,0.0492,0.6987,0.6561,3,0.6229,0.6617,0.3727,0,52,1,Synthetic Region Group B,1
synthetic-01563,0.5206,0.1467,0.4391,12,0.4814,43,0.1354,0.5326,0.4621,0.4643,0.06,0.5143,0.4969,4,0.4852,0.4553,0.4417,4,48,1,Synthetic Region Group C,0
synthetic-01564,0.584,0.1468,0.3859,7,0.5723,54,0.0931,,,,,0.5923,,,0.6272,0.6344,0.3668,1,49,0.7,Synthetic Region Group D,0
synthetic-01565,0.8044,0.0288,0.2739,12,0.8698,66,0.0446,0.8483,0.3192,0.8133,0.0652,0.8422,0.8588,0,0.8942,0.7958,0.271,0,67,1,Synthetic Region Group A,1
synthetic-01566,0.6789,0.072,0.3429,12,0.6226,50,0.0327,0.6288,0.3463,0.6362,0.0176,0.7226,0.6536,1,0.6122,0.5812,0.3808,3,55,1,Synthetic Region Group B,1
synthetic-01567,0.4234,0.1436,0.4025,12,0.4976,52,0.0527,0.5649,0.376,0.4488,0.0608,0.512,0.508,6,0.4471,0.5229,0.3127,2,52,1,Synthetic Region Group C,0
synthetic-01568,0.5643,0.1024,0.3252,7,0.6254,54,0.0591,,,,,0.6009,0.5374,1,0.5914,0.571,0.3811,3,50,0.8,Synthetic Region Group D,1
synthetic-01569,0.7773,0.0273,0.203,12,0.7868,59,0.0219,,0.2789,0.8663,,0.7784,,,0.8553,0.7974,0.2761,0,61,0.8,Synthetic Region Group A,1
synthetic-01570,0.6343,0.1024,0.3293,12,0.6405,57,0.0441,0.6038,,,0.085,0.6245,0.5824,4,0.707,0.5831,0.3606,2,53,0.9,Synthetic Region Group B,1
synthetic-01571,0.4508,0.0751,0.3807,12,0.5327,50,0.0634,0.5352,,,0.0485,0.4896,0.4477,4,0.5391,0.4562,0.4369,3,44,0.9,Synthetic Region Group C,0
synthetic-01572,0.5914,0.0461,0.2699,7,0.5491,56,0.1057,,0.434,0.5533,,0.6265,,,0.6079,0.5292,0.3739,1,56,0.8,Synthetic Region Group D,0
synthetic-01573,0.9007,0.0568,0.2437,12,0.8653,62,0.0752,0.7916,0.2595,0.8847,0.0353,0.8022,0.7655,1,0.8056,0.8723,0.2587,0,68,1,Synthetic Region Group A,1
synthetic-01574,0.6506,0.0724,0.3512,12,0.6442,50,0.0403,0.7268,0.3822,0.6486,0.0707,0.6723,0.6544,4,0.614,0.6913,0.385,2,59,1,Synthetic Region Group B,1
synthetic-01575,0.4512,0.1196,0.3403,12,0.5243,45,0.1388,,0.3341,0.4291,,0.4566,0.5627,3,0.5138,0.4758,0.4512,3,48,0.9,Synthetic Region Group C,0
synthetic-01576,0.609,0.1188,0.4146,7,0.4995,47,0.0632,0.6082,,,0.1208,0.6491,,,0.5267,0.5878,0.396,3,52,0.8,Synthetic Region Group D,0
synthetic-01577,0.7666,0.0789,0.3002,12,,,,0.8924,0.3488,0.8575,0.0204,0.8662,0.8401,0,0.8504,0.8648,0.1969,0,65,0.85,Synthetic Region Group A,1
synthetic-01578,0.6721,0.0604,0.2544,12,0.7397,60,0.0384,0.6131,,,0.1117,0.7315,0.6469,1,0.7347,0.7053,0.3694,3,58,0.9,Synthetic Region Group B,1
synthetic-01579,0.5525,0.1183,0.4522,12,0.4852,45,0.1187,0.4381,0.3454,0.4363,0.0761,0.5388,0.5027,6,0.5006,0.4838,0.3175,5,45,1,Synthetic Region Group C,0
synthetic-01580,0.6351,0.0443,0.4213,7,0.4999,47,0.055,0.6172,,,0.1019,0.5504,,,0.6129,0.6424,0.3325,1,52,0.8,Synthetic Region Group D,0
synthetic-01581,0.8774,0.0896,0.2939,12,0.8125,61,0.0119,0.7452,0.3059,0.8571,0.1026,0.7757,0.7853,0,0.8025,0.894,0.3253,0,71,1,Synthetic Region Group A,1
synthetic-01582,0.5946,0.0343,0.2528,12,0.6886,54,0.1228,0.6169,0.3109,0.609,0.0532,0.7273,0.6531,0,0.6693,0.6582,0.3912,2,55,1,Synthetic Region Group B,1
synthetic-01583,0.5042,0.1001,0.424,12,0.4318,47,0.1303,0.555,0.4297,0.4481,0.0739,0.5036,0.5785,4,0.51,0.5,0.3673,2,43,1,Synthetic Region Group C,0
synthetic-01584,0.6488,0.0602,0.3457,7,0.517,46,0.0554,,0.3667,0.5867,,0.6388,0.5294,3,0.5596,0.5347,0.3807,3,52,0.9,Synthetic Region Group D,1
synthetic-01585,0.7449,0.0511,0.3338,12,0.8929,59,0.0924,0.8961,0.3307,0.7605,0.1021,0.7752,0.8,1,0.8963,0.8148,0.2882,0,66,1,Synthetic Region Group A,1
synthetic-01586,0.693,0.0771,0.3151,12,0.7258,56,0.0885,0.6059,0.2578,0.7016,0.0713,0.6005,0.6607,2,0.7361,0.692,0.2794,2,52,1,Synthetic Region Group B,1
synthetic-01587,0.5571,0.1441,0.3584,12,0.5491,53,0.0782,0.5286,0.4641,0.4616,0.0674,0.5348,0.4235,4,0.5123,0.4458,0.4051,4,50,1,Synthetic Region Group C,1
synthetic-01588,0.6593,0.0945,0.3862,7,0.5362,51,0.0429,,0.3713,0.649,,0.582,0.604,3,0.6419,0.5107,0.292,0,52,0.9,Synthetic Region Group D,1
synthetic-01589,0.8015,0.0875,0.2492,12,0.8436,64,0.0498,0.8407,0.2788,0.8022,0.0237,0.7796,0.814,0,0.8745,0.8372,0.2555,0,62,1,Synthetic Region Group A,1
synthetic-01590,0.6068,0.0831,0.2845,12,0.7168,51,0.0896,0.6168,0.2704,0.6377,0.0582,0.6857,0.6282,2,0.5987,0.7216,0.3702,3,61,1,Synthetic Region Group B,1
synthetic-01591,0.5206,0.114,0.4024,12,0.5688,52,0.1196,0.4962,,,0.0659,0.4436,0.4638,2,0.5613,0.4708,0.3213,5,48,0.9,Synthetic Region Group C,0
synthetic-01592,0.5683,0.0976,0.3805,7,0.526,51,0.0511,,,,,0.5957,0.5344,1,0.6253,0.567,0.3774,4,49,0.8,Synthetic Region Group D,1
synthetic-01593,0.8948,0.115,0.2034,12,0.8608,67,0.0596,0.7836,0.317,0.8382,0.0993,0.8577,,,0.8249,0.8317,0.2912,0,71,0.9,Synthetic Region Group A,1
synthetic-01594,0.716,0.0895,0.2719,12,0.6143,59,0.0899,0.6251,0.3534,0.6849,0.1145,0.6912,0.6919,3,0.6518,0.5854,0.3555,1,53,1,Synthetic Region Group B,1
synthetic-01595,0.5079,0.0794,0.4154,12,0.559,53,0.0789,,0.414,0.4818,,0.5453,0.4243,5,0.4568,0.581,0.3109,4,44,0.9,Synthetic Region Group C,0
synthetic-01596,0.5646,0.094,0.3585,7,0.6595,56,0.0671,,0.3477,0.6317,,0.6226,,,0.6019,0.6111,0.3027,4,57,0.8,Synthetic Region Group D,0
synthetic-01597,0.8369,0.0163,0.193,12,0.8593,65,0.039,0.8851,0.2118,0.8974,0.0582,0.8222,0.8287,0,0.8892,0.8881,0.3144,0,64,1,Synthetic Region Group A,1
synthetic-01598,0.6764,0.0367,0.271,12,0.6084,54,0.1159,0.7294,0.2512,0.6287,0.0488,0.6681,0.6788,4,0.5935,0.6165,0.3303,2,59,1,Synthetic Region Group B,1
synthetic-01599,0.4634,0.0821,0.3269,12,0.4392,42,0.1203,0.5065,0.3551,0.5322,0.0393,0.4902,0.4526,6,0.4396,0.5466,0.3702,4,48,1,Synthetic Region Group C,0
synthetic-01600,0.5005,0.1098,0.405,7,0.5685,50,0.0969,,0.4153,0.6358,,,,,,,,,50,0.55,Synthetic Region Group D,0
synthetic-01601,0.8661,0.079,0.3175,12,0.8898,61,0.098,0.8935,0.3464,0.8446,0.0689,0.8219,,,0.7936,0.8123,0.2719,0,63,0.9,Synthetic Region Group A,1
synthetic-01602,0.5995,0.0983,0.365,12,0.6611,57,0.1212,0.6636,0.3879,0.6702,0.0497,0.7346,0.7308,1,0.6122,0.6409,0.398,1,59,1,Synthetic Region Group B,1
synthetic-01603,0.5752,0.1442,0.4395,12,0.4672,46,0.1099,0.5563,0.311,0.4288,0.0873,0.5009,0.4401,4,0.4671,0.447,0.4565,5,51,1,Synthetic Region Group C,0
synthetic-01604,0.6192,0.1349,0.3381,7,0.5777,52,0.1336,,0.2862,0.5678,,0.5295,,,0.5764,0.568,0.3178,4,50,0.8,Synthetic Region Group D,0
synthetic-01605,0.8918,0.0373,0.2532,12,0.7718,66,0.029,,0.3468,0.7441,,0.8766,0.7806,1,0.8983,0.86,0.2673,0,64,0.9,Synthetic Region Group A,1
synthetic-01606,0.6667,0.096,0.3027,12,0.7375,54,0.0481,0.597,0.4105,0.685,0.0817,0.5983,0.6078,0,0.6498,0.7359,0.3871,2,58,1,Synthetic Region Group B,1
synthetic-01607,0.5096,0.1096,0.2942,12,0.5227,50,0.0952,0.4806,,,0.0706,0.5529,0.4488,3,0.4727,0.5346,0.4294,3,48,0.9,Synthetic Region Group C,1
synthetic-01608,0.4992,0.0442,0.342,7,0.6214,46,0.0882,0.6088,,,0.1112,0.515,,,0.6081,0.6155,0.2948,3,57,0.8,Synthetic Region Group D,0
synthetic-01609,0.7856,0.1057,0.1884,12,0.7849,62,0.045,0.8746,0.3399,0.89,0.0027,0.8333,0.7733,0,0.8263,0.8911,0.2083,0,65,1,Synthetic Region Group A,1
synthetic-01610,0.6772,0.1288,0.2646,12,0.6614,59,0.0371,0.716,0.3386,0.662,0.0868,0.7122,0.6289,4,0.5963,0.6867,0.3373,0,55,1,Synthetic Region Group B,1
synthetic-01611,0.58,0.1051,0.3723,12,0.4695,53,0.1414,0.511,0.3631,0.5246,0.1061,0.5259,0.5686,7,0.535,0.4802,0.3184,5,44,1,Synthetic Region Group C,1
synthetic-01612,0.5253,0.1495,0.2954,7,0.6282,46,0.0533,0.5565,,,0.0419,0.5446,0.5933,4,0.6066,0.5193,0.3172,3,53,0.9,Synthetic Region Group D,1
synthetic-01613,0.8719,0.0984,0.2578,12,0.8877,64,0.096,0.8615,0.2328,0.8358,0.0065,0.7796,0.8741,0,0.8052,0.8338,0.2013,0,64,1,Synthetic Region Group A,1
synthetic-01614,0.5841,0.0673,0.2545,12,0.7086,55,0.1163,0.6764,0.4007,0.6871,0.112,0.6963,,,0.6234,0.7149,0.3617,1,58,0.9,Synthetic Region Group B,1
synthetic-01615,0.5131,0.1313,0.4436,12,0.5471,47,0.1135,0.5772,0.3786,0.5029,0.0493,0.5398,0.4538,7,0.45,0.5354,0.437,4,42,1,Synthetic Region Group C,0
synthetic-01616,0.629,0.0693,0.3006,7,0.5855,56,0.042,,0.3898,0.5301,,0.5415,,,0.5575,0.6438,0.3531,2,54,0.8,Synthetic Region Group D,1
synthetic-01617,0.868,0.0462,0.2107,12,0.8104,69,0.0406,0.898,0.2708,0.826,0.0295,0.7805,0.7502,0,0.8302,0.7582,0.3208,0,64,1,Synthetic Region Group A,1
synthetic-01618,0.7273,0.1155,0.2763,12,0.6932,60,0.1219,,0.2533,0.594,,0.7409,0.7321,1,0.6953,0.5907,0.347,0,56,0.9,Synthetic Region Group B,1
synthetic-01619,0.4795,0.1503,0.3716,12,0.4198,44,0.0537,0.4201,0.3292,0.551,0.125,0.4507,0.5357,7,0.5735,0.4321,0.4342,3,48,1,Synthetic Region Group C,0
synthetic-01620,,,,,0.5156,57,0.065,,0.318,0.5513,,0.6111,0.5412,2,0.5971,0.5014,0.4192,1,51,0.7,Synthetic Region Group D,1
synthetic-01621,0.7813,0.0496,0.2152,12,0.8611,63,0.0393,0.886,0.2444,0.8182,0.0245,0.8736,0.7695,0,0.8348,0.756,0.2907,0,67,1,Synthetic Region Group A,1
synthetic-01622,0.6476,0.1162,0.3874,12,0.6775,56,0.1041,0.6445,0.3479,0.6066,0.0473,0.6217,0.6349,1,0.6676,0.7047,0.2942,1,53,1,Synthetic Region Group B,1
synthetic-01623,0.5381,0.062,0.4346,12,0.4473,48,0.0585,0.4441,0.4464,0.5603,0.0791,0.4771,0.4588,3,0.4714,0.4377,0.3423,5,46,1,Synthetic Region Group C,0
synthetic-01624,0.5742,0.0458,0.2898,7,0.6558,48,0.123,,0.3419,0.6231,,,0.5465,4,,,,,55,0.65,Synthetic Region Group D,0
synthetic-01625,0.7943,0.093,0.3188,12,0.8632,67,0.0277,0.7697,0.3384,0.7681,0.0608,0.8956,0.7585,0,0.7939,0.837,0.2664,0,70,1,Synthetic Region Group A,1
synthetic-01626,0.7118,0.1146,0.356,12,0.6028,59,0.0502,0.6812,0.2935,0.6997,0.106,0.6483,0.6093,1,0.6685,0.6976,0.4009,0,55,1,Synthetic Region Group B,1
synthetic-01627,0.4502,0.1551,0.3647,12,0.4317,49,0.117,0.5317,0.4523,0.477,0.0589,0.4261,0.4256,8,0.4854,0.4829,0.4113,2,47,1,Synthetic Region Group C,0
synthetic-01628,,,,,0.5084,50,0.0758,,0.2852,0.5894,,0.6448,,,0.6594,0.6606,0.4305,0,57,0.6,Synthetic Region Group D,0
synthetic-01629,0.8515,0.0588,0.3033,12,0.7768,63,0.0959,0.8463,0.249,0.8348,0.0607,0.8517,0.8565,0,0.8817,0.7406,0.2371,0,71,1,Synthetic Region Group A,1
synthetic-01630,0.6215,0.0817,0.2455,12,0.6294,55,0.1125,0.6021,0.4103,0.6897,0.1199,0.7048,0.7203,2,0.6729,0.6271,0.3371,0,55,1,Synthetic Region Group B,1
synthetic-01631,0.4191,0.0659,0.4338,12,0.4543,48,0.0561,0.529,,,0.0796,0.5504,,,0.5767,0.501,0.3928,3,49,0.8,Synthetic Region Group C,0
synthetic-01632,0.551,0.1423,0.3053,7,0.634,51,0.0548,,0.3125,0.5245,,,0.6474,3,,,,,52,0.65,Synthetic Region Group D,0
synthetic-01633,0.7429,0.0411,0.2321,12,0.7637,67,0.0315,0.7418,0.2397,0.8799,0.0979,0.7604,,,0.7515,0.7588,0.222,0,66,0.9,Synthetic Region Group A,1
synthetic-01634,0.6969,0.0322,0.3986,12,0.6427,54,0.0904,0.6417,0.311,0.7084,0.1,0.639,0.5963,0,0.6992,0.6111,0.2728,0,54,1,Synthetic Region Group B,1
synthetic-01635,0.5366,0.1287,0.2924,12,0.5498,43,0.0707,0.4276,0.4201,0.4531,0.0767,0.5368,0.4855,8,0.5204,0.4754,0.3758,4,43,1,Synthetic Region Group C,0
synthetic-01636,0.5013,0.089,0.4155,7,0.5933,57,0.1177,,0.3388,0.6256,,0.5266,0.5477,4,0.5959,0.6234,0.4051,1,53,0.9,Synthetic Region Group D,1
synthetic-01637,0.8582,0.0572,0.274,12,0.8453,60,0.0286,0.8159,0.2263,0.8998,0.0044,0.8494,0.8329,0,0.8833,0.8086,0.2122,0,62,1,Synthetic Region Group A,1
synthetic-01638,0.6387,0.0854,0.3198,12,0.7213,57,0.0446,,0.2936,0.7289,,0.6176,0.6665,0,0.665,0.6051,0.3359,1,53,0.9,Synthetic Region Group B,1
synthetic-01639,0.5089,0.082,0.3315,12,0.4234,52,0.0807,0.42,0.3971,0.4368,0.1076,0.4292,0.4271,3,0.4718,0.4403,0.3135,2,46,1,Synthetic Region Group C,0
synthetic-01640,,,,,0.5167,47,0.129,,0.2887,0.5302,,0.6285,0.5731,4,0.5772,0.5647,0.3634,2,56,0.7,Synthetic Region Group D,1
synthetic-01641,0.7993,0.0255,0.2836,12,0.879,63,0.0901,0.8824,0.3531,0.878,0.0942,0.7815,0.8874,0,0.8349,0.7614,0.3012,0,69,1,Synthetic Region Group A,1
synthetic-01642,0.6484,0.0637,0.2602,12,0.6243,59,0.0447,0.6716,,,0.1161,0.6285,0.6546,4,0.7312,0.5943,0.2701,0,59,0.9,Synthetic Region Group B,1
synthetic-01643,0.4856,0.06,0.4469,12,0.527,46,0.115,0.4505,0.406,0.5356,0.1274,0.4327,0.5767,3,0.5343,0.5636,0.3375,3,47,1,Synthetic Region Group C,1
synthetic-01644,0.5529,0.129,0.4143,7,0.532,55,0.0658,,0.2863,0.6028,,0.6225,,,0.6009,0.5156,0.3883,4,48,0.8,Synthetic Region Group D,0
synthetic-01645,0.8089,0.0696,0.2507,12,,,,0.848,0.3354,0.7552,0.0252,0.8257,,,0.8144,0.8525,0.2688,0,67,0.75,Synthetic Region Group A,1
synthetic-01646,0.6675,0.069,0.3578,12,0.6885,50,0.1093,0.7007,0.3829,0.613,0.1102,0.7326,0.7074,3,0.6502,0.6805,0.4048,2,57,1,Synthetic Region Group B,1
synthetic-01647,0.5216,0.1266,0.4031,12,0.4768,49,0.1387,,0.3293,0.4901,,0.4291,0.5347,3,0.5216,0.4561,0.3797,6,47,0.9,Synthetic Region Group C,0
synthetic-01648,0.644,0.0657,0.3169,7,0.567,47,0.1198,,0.4313,0.5135,,0.6451,,,0.642,0.5117,0.3503,1,49,0.8,Synthetic Region Group D,1
synthetic-01649,0.8149,0.0111,0.1982,12,,,,0.7957,0.3459,0.8839,0.0095,0.8215,,,0.7397,0.7683,0.2659,0,66,0.75,Synthetic Region Group A,1
synthetic-01650,0.6612,0.1369,0.341,12,,,,0.6086,0.2779,0.7041,0.0547,,0.6841,3,,,,,60,0.6,Synthetic Region Group B,1
synthetic-01651,0.4618,0.1291,0.4149,12,0.5768,47,0.0632,0.4191,,,0.0703,0.4374,0.465,3,0.5676,0.5723,0.3095,3,46,0.9,Synthetic Region Group C,0
synthetic-01652,0.5064,0.1281,0.2683,7,0.6404,55,0.1205,0.5809,0.3862,0.4995,0.0347,,,,,,,,49,0.65,Synthetic Region Group D,0
synthetic-01653,0.8723,0.0877,0.3245,12,0.8416,64,0.049,0.872,0.2767,0.7984,0.0567,0.8158,0.7828,0,0.7832,0.8469,0.3507,0,66,1,Synthetic Region Group A,1
synthetic-01654,0.6865,0.0326,0.2491,12,0.7321,59,0.0494,0.6958,0.3681,0.724,0.0677,0.587,0.6966,1,0.6765,0.6141,0.3322,0,55,1,Synthetic Region Group B,1
synthetic-01655,0.4332,0.1513,0.4424,12,0.4657,42,0.0951,0.4866,0.4493,0.4357,0.08,0.4899,0.5751,3,0.5412,0.4453,0.4277,5,44,1,Synthetic Region Group C,1
synthetic-01656,0.5375,0.0861,0.2814,7,0.5237,56,0.0487,,0.3223,0.564,,0.6444,0.6303,5,0.6187,0.6423,0.3394,2,57,0.9,Synthetic Region Group D,1
synthetic-01657,0.7469,0.0755,0.3136,12,0.8332,61,0.0832,0.8463,0.3496,0.854,0.087,0.7644,0.7412,0,0.8766,0.7612,0.2509,0,68,1,Synthetic Region Group A,1
synthetic-01658,0.7051,0.0576,0.3146,12,,,,0.7402,0.3293,0.6057,0.0519,0.6768,0.6479,2,0.644,0.6251,0.2718,2,52,0.85,Synthetic Region Group B,1
synthetic-01659,0.5651,0.1436,0.4401,12,0.4985,52,0.0918,0.4766,0.3058,0.4879,0.1025,0.4551,0.5384,8,0.5177,0.5671,0.3764,5,47,1,Synthetic Region Group C,0
synthetic-01660,0.5533,0.0787,0.372,7,0.5255,58,0.085,,0.3641,0.524,,0.5565,,,0.6155,0.5387,0.4019,1,55,0.8,Synthetic Region Group D,0
synthetic-01661,0.8955,0.0692,0.1868,12,,,,0.8452,,,0.0025,0.839,0.7547,0,0.7549,0.8233,0.2217,0,63,0.75,Synthetic Region Group A,1
synthetic-01662,0.6622,0.094,0.2542,12,0.6012,55,0.1079,0.581,0.4105,0.6488,0.0376,0.6178,0.6831,3,0.7398,0.6111,0.3714,0,60,1,Synthetic Region Group B,1
synthetic-01663,0.4896,0.0881,0.4425,12,0.4699,48,0.0675,0.4265,0.4476,0.5053,0.039,0.5011,0.5171,5,0.4346,0.469,0.3349,5,47,1,Synthetic Region Group C,0
synthetic-01664,0.5379,0.1136,0.3533,7,0.6526,49,0.1232,,,,,0.551,0.5326,1,0.6311,0.5243,0.4006,2,53,0.8,Synthetic Region Group D,1
synthetic-01665,0.7494,0.0837,0.2529,12,0.7721,64,0.0928,0.7694,0.3168,0.8869,0.0405,0.8182,0.7844,0,0.8093,0.8719,0.2331,0,62,1,Synthetic Region Group A,1
synthetic-01666,0.6375,0.0449,0.2741,12,0.5856,59,0.0511,0.6552,0.4008,0.6652,0.0854,0.7045,0.5992,4,0.6707,0.7049,0.2969,2,54,1,Synthetic Region Group B,1
synthetic-01667,0.5358,0.1512,0.4,12,0.5404,50,0.1147,0.5736,0.3027,0.5375,0.099,0.5301,0.5597,3,0.5762,0.5575,0.4524,2,50,1,Synthetic Region Group C,1
synthetic-01668,0.6028,0.066,0.3153,7,0.5857,49,0.1341,,0.374,0.6254,,0.5882,0.6023,1,0.5095,0.5189,0.3994,3,48,0.9,Synthetic Region Group D,1
synthetic-01669,0.7769,0.1151,0.224,12,0.8828,60,0.0458,0.7908,0.2098,0.8739,0.1023,0.836,0.8471,0,0.7452,0.8491,0.3049,0,68,1,Synthetic Region Group A,1
synthetic-01670,0.7022,0.0728,0.296,12,0.591,51,0.062,0.7375,0.3375,0.7221,0.0529,0.6692,0.7028,3,0.6303,0.6985,0.2955,0,56,1,Synthetic Region Group B,1
synthetic-01671,0.4452,0.1574,0.3738,12,0.5197,47,0.1403,0.5194,0.3442,0.5425,0.132,0.4846,0.5234,4,0.4954,0.4591,0.3057,2,49,1,Synthetic Region Group C,1
synthetic-01672,0.601,0.127,0.3674,7,0.5582,48,0.0538,,,,,0.5389,,,0.5721,0.6394,0.3173,1,48,0.7,Synthetic Region Group D,0
synthetic-01673,0.8793,0.0525,0.23,12,0.8999,65,0.0707,0.8447,0.3121,0.8595,0.0862,0.771,0.7483,0,0.7569,0.7517,0.3342,0,64,1,Synthetic Region Group A,1
synthetic-01674,0.7103,0.0785,0.3114,12,0.632,59,0.0516,0.7026,0.2827,0.6252,0.1082,,0.7107,0,,,,,57,0.75,Synthetic Region Group B,1
synthetic-01675,0.5389,0.1355,0.3769,12,0.4217,45,0.0507,0.4817,0.3683,0.4537,0.0686,0.5022,0.5365,5,0.5231,0.5695,0.4613,5,49,1,Synthetic Region Group C,0
synthetic-01676,,,,,0.5834,47,0.0577,0.6534,0.399,0.5215,0.0269,0.6333,,,0.6257,0.6193,0.4054,4,48,0.7,Synthetic Region Group D,0
synthetic-01677,0.8057,0.0619,0.3142,12,0.7965,68,0.0108,0.8688,0.3113,0.8247,0.0322,0.8511,0.7792,0,0.8165,0.7968,0.2766,0,62,1,Synthetic Region Group A,1
synthetic-01678,0.681,0.0623,0.2447,12,0.6678,61,0.0984,0.594,0.3414,0.6157,0.0221,0.7361,0.6061,2,0.6773,0.6677,0.3433,1,58,1,Synthetic Region Group B,1
synthetic-01679,0.4535,0.1532,0.4411,12,0.5181,42,0.0799,0.5478,0.3097,0.4772,0.0673,0.4705,0.5077,3,0.4528,0.5331,0.3416,3,50,1,Synthetic Region Group C,0
synthetic-01680,,,,,0.6479,54,0.0459,0.6485,0.3495,0.5849,0.0655,0.5712,0.5918,1,0.5832,0.5624,0.3057,3,56,0.8,Synthetic Region Group D,1
synthetic-01681,0.7781,0.0728,0.3323,12,0.7959,58,0.1037,0.7645,0.3555,0.7701,0.0858,0.8378,0.8079,0,0.7827,0.886,0.2604,0,67,1,Synthetic Region Group A,1
synthetic-01682,0.6667,0.0412,0.3725,12,0.5792,51,0.0586,0.5882,0.3858,0.6445,0.0613,0.7045,0.6943,2,0.6052,0.6328,0.3954,1,58,1,Synthetic Region Group B,1
synthetic-01683,0.4342,0.0738,0.4282,12,0.5309,48,0.0626,0.4213,0.3127,0.461,0.0972,0.5567,0.4706,6,0.4825,0.4808,0.3711,4,43,1,Synthetic Region Group C,0
synthetic-01684,0.6103,0.1138,0.2905,7,0.6522,54,0.1186,,0.3692,0.5196,,0.5189,,,0.5484,0.6472,0.2965,4,53,0.8,Synthetic Region Group D,0
synthetic-01685,0.8119,0.055,0.3187,12,,,,0.7651,0.2907,0.8055,0.0755,0.8397,0.8115,1,0.8031,0.8454,0.3225,0,64,0.85,Synthetic Region Group A,1
synthetic-01686,0.7065,0.1185,0.3245,12,,,,0.6497,0.3065,0.5982,0.1126,0.644,0.5864,4,0.6336,0.6282,0.3655,0,58,0.85,Synthetic Region Group B,1
synthetic-01687,0.5754,0.1251,0.3613,12,0.4677,51,0.0854,0.4237,0.354,0.4305,0.1299,0.4265,0.4721,7,0.5149,0.5303,0.4398,5,46,1,Synthetic Region Group C,0
synthetic-01688,0.5312,0.1022,0.3493,7,0.5482,47,0.0718,0.6586,0.3619,0.6449,0.0431,0.5484,0.5109,4,0.6217,0.52,0.3375,4,52,1,Synthetic Region Group D,1
synthetic-01689,0.8129,0.0708,0.3467,12,0.7916,58,0.0593,0.8656,0.2113,0.8001,0,0.8275,0.7958,0,0.7669,0.7392,0.2877,0,63,1,Synthetic Region Group A,1
synthetic-01690,0.7115,0.1067,0.3845,12,0.6671,51,0.0746,0.6931,0.3433,0.6219,0.052,0.625,,,0.7072,0.7315,0.3377,1,60,0.9,Synthetic Region Group B,1
synthetic-01691,0.541,0.0733,0.3157,12,0.4598,44,0.1407,0.5566,0.3025,0.4972,0.0922,0.4889,0.4696,4,0.5135,0.5134,0.3436,5,52,1,Synthetic Region Group C,0
synthetic-01692,0.6099,0.0806,0.388,7,0.6543,49,0.0861,,0.3054,0.6274,,,,,,,,,52,0.55,Synthetic Region Group D,0
synthetic-01693,0.7878,0.0335,0.3367,12,0.8021,68,0.0411,,0.357,0.7397,,0.8229,0.8501,0,0.8404,0.773,0.2588,0,65,0.9,Synthetic Region Group A,1
synthetic-01694,0.615,0.1202,0.2624,12,0.6928,53,0.04,0.6592,0.4087,0.6206,0.0195,0.6404,0.602,1,0.6043,0.603,0.3257,1,56,1,Synthetic Region Group B,1
synthetic-01695,0.4635,0.1351,0.3587,12,0.4804,45,0.0951,0.5401,0.3626,0.5334,0.1203,0.4401,0.525,2,0.5065,0.5754,0.4119,4,52,1,Synthetic Region Group C,1
synthetic-01696,0.5931,0.1209,0.3548,7,0.5938,56,0.0467,,,,,0.5668,,,0.5264,0.5059,0.3438,3,55,0.7,Synthetic Region Group D,0
synthetic-01697,0.8668,0.0228,0.292,12,0.7394,66,0.0835,0.7878,0.3138,0.8721,0.0556,0.872,0.745,1,0.8521,0.8505,0.3416,0,71,1,Synthetic Region Group A,1
synthetic-01698,0.595,0.1286,0.2746,12,0.6111,58,0.0453,0.6133,0.2604,0.6961,0.0151,0.5802,0.6036,4,0.6493,0.6271,0.3664,0,52,1,Synthetic Region Group B,1
synthetic-01699,0.5521,0.085,0.3007,12,0.4725,45,0.1343,0.556,0.4622,0.5319,0.0579,0.5287,0.5252,6,0.4679,0.4357,0.3739,2,46,1,Synthetic Region Group C,1
synthetic-01700,0.6085,0.0595,0.3427,7,0.6471,51,0.0755,,0.3955,0.6231,,0.6437,0.5804,4,0.6448,0.6199,0.3914,1,53,0.9,Synthetic Region Group D,1
synthetic-01701,0.8142,0.054,0.2076,12,0.8011,61,0.0287,0.7452,0.3572,0.8774,0.0367,0.8101,0.7505,0,0.7466,0.7916,0.2529,0,66,1,Synthetic Region Group A,1
synthetic-01702,0.7069,0.132,0.3979,12,0.5876,59,0.1074,0.741,0.3253,0.6075,0.1174,0.6402,0.582,0,0.7225,0.5986,0.3601,0,55,1,Synthetic Region Group B,1
synthetic-01703,0.4524,0.1099,0.404,12,0.5748,52,0.0671,0.4536,0.3846,0.5738,0.0441,0.443,0.43,7,0.4382,0.4724,0.3643,2,43,1,Synthetic Region Group C,0
synthetic-01704,0.6261,0.0646,0.3981,7,0.5988,57,0.0564,0.6545,0.4355,0.5325,0.0572,,,,,,,,55,0.65,Synthetic Region Group D,0
synthetic-01705,0.7601,0.0286,0.188,12,0.8686,62,0.0689,0.7997,0.2295,0.8661,0.0942,0.8736,0.831,1,0.8339,0.7689,0.3192,0,69,1,Synthetic Region Group A,1
synthetic-01706,0.5838,0.0365,0.3993,12,0.7071,55,0.1075,0.6675,0.271,0.6269,0.0457,0.6156,0.7156,3,0.5825,0.5861,0.3669,0,56,1,Synthetic Region Group B,1
synthetic-01707,0.4473,0.0635,0.452,12,0.4458,45,0.117,0.4902,0.3765,0.558,0.1065,0.4615,0.4919,6,0.5023,0.5659,0.3451,2,47,1,Synthetic Region Group C,1
synthetic-01708,,,,,0.6383,56,0.0898,,,,,0.6234,,,0.6229,0.5809,0.4024,1,51,0.5,Synthetic Region Group D,0
synthetic-01709,0.8074,0.0362,0.1995,12,0.7957,60,0.0387,0.8352,,,0.0651,0.8058,0.7621,0,0.7969,0.8384,0.3481,0,65,0.9,Synthetic Region Group A,1
synthetic-01710,0.675,0.0578,0.2611,12,0.6421,51,0.0354,0.6522,,,0.0867,0.6619,,,0.6546,0.7286,0.2991,0,55,0.8,Synthetic Region Group B,1
synthetic-01711,0.4927,0.0722,0.3313,12,0.4214,44,0.0834,0.5723,0.3239,0.4948,0.075,0.4664,0.4552,4,0.5416,0.5565,0.3619,4,45,1,Synthetic Region Group C,0
synthetic-01712,0.5426,0.0906,0.3234,7,0.5831,57,0.0621,0.5016,0.3426,0.6317,0.048,0.5659,0.5838,4,0.573,0.5822,0.4364,2,49,1,Synthetic Region Group D,1
synthetic-01713,0.7639,0.0899,0.1932,12,0.8475,63,0.1023,0.7972,0.2543,0.8751,0.024,0.8353,0.7585,1,0.7909,0.7779,0.2124,0,62,1,Synthetic Region Group A,1
synthetic-01714,0.7009,0.0914,0.2885,12,0.7315,60,0.0803,0.5909,,,0.0528,0.6407,0.6151,3,0.7017,0.6149,0.3439,0,57,0.9,Synthetic Region Group B,1
synthetic-01715,0.4297,0.1377,0.3457,12,0.5804,43,0.1182,0.5579,0.451,0.498,0.0922,0.4927,0.4298,4,0.5128,0.486,0.4316,3,50,1,Synthetic Region Group C,0
synthetic-01716,0.6167,0.1456,0.2705,7,0.6053,49,0.0606,,0.2824,0.512,,,,,,,,,55,0.55,Synthetic Region Group D,0
synthetic-01717,0.7913,0.0125,0.1891,12,0.7662,63,0.0857,0.7484,0.226,0.8652,0.0404,0.7818,0.8395,0,0.8379,0.8859,0.2481,0,69,1,Synthetic Region Group A,1
synthetic-01718,0.7228,0.1264,0.3804,12,0.6548,60,0.1011,0.5935,0.3109,0.7224,0.0367,0.7264,0.6741,4,0.607,0.6078,0.3408,2,58,1,Synthetic Region Group B,1
synthetic-01719,0.4242,0.1605,0.3389,12,0.5051,44,0.1008,,0.425,0.5112,,0.4955,0.5119,5,0.5289,0.5115,0.445,4,46,0.9,Synthetic Region Group C,0
synthetic-01720,0.5388,0.1233,0.3998,7,0.6237,52,0.0595,0.6588,0.4237,0.5927,0.1026,,,,,,,,48,0.65,Synthetic Region Group D,0
synthetic-01721,0.8818,0.0376,0.3458,12,0.7402,61,0.0513,0.8777,0.2056,0.8085,0.0673,0.7675,,,0.8117,0.8794,0.3225,0,71,0.9,Synthetic Region Group A,1
synthetic-01722,0.608,0.091,0.26,12,0.6716,57,0.0689,0.7168,0.371,0.6642,0.0442,0.6582,0.655,0,0.7203,0.646,0.3067,2,53,1,Synthetic Region Group B,1
synthetic-01723,0.4692,0.0562,0.3941,12,0.4355,51,0.1013,,0.346,0.4364,,0.5303,0.5563,6,0.5528,0.4358,0.4568,4,48,0.9,Synthetic Region Group C,0
synthetic-01724,0.6115,0.0793,0.3132,7,0.6487,53,0.1041,,0.3306,0.5719,,0.5037,,,0.5721,0.5459,0.323,1,47,0.8,Synthetic Region Group D,1
synthetic-01725,0.742,0.0581,0.3139,12,0.8555,63,0.0691,0.8285,0.2996,0.7744,0.0386,0.8087,0.82,0,0.8062,0.7849,0.2558,0,69,1,Synthetic Region Group A,1
synthetic-01726,0.5802,0.1334,0.3043,12,0.6595,52,0.0318,0.7171,0.2615,0.6933,0.1125,0.6532,0.7259,3,0.6251,0.6558,0.376,2,58,1,Synthetic Region Group B,1
synthetic-01727,0.5559,0.0575,0.4154,12,0.4465,44,0.1183,0.4999,0.4404,0.5069,0.0704,0.4993,0.5566,6,0.4473,0.4453,0.4045,2,42,1,Synthetic Region Group C,1
synthetic-01728,0.5304,0.058,0.3283,7,0.5466,47,0.113,,,,,0.6565,0.5456,6,0.6216,0.6091,0.3925,4,53,0.8,Synthetic Region Group D,0
synthetic-01729,0.8881,0.0963,0.2084,12,0.8647,66,0.035,0.7868,0.3186,0.8828,0.0025,0.786,0.7781,0,0.8032,0.7514,0.3354,0,64,1,Synthetic Region Group A,1
synthetic-01730,0.6939,0.0883,0.2636,12,0.6463,52,0.0353,0.7279,0.258,0.5821,0.0137,0.6898,0.6273,3,0.7046,0.7279,0.314,0,56,1,Synthetic Region Group B,1
synthetic-01731,0.5297,0.1264,0.3212,12,0.447,53,0.0774,,0.3425,0.5809,,0.4827,0.4943,7,0.5249,0.4838,0.3471,5,51,0.9,Synthetic Region Group C,0
synthetic-01732,0.658,0.116,0.2853,7,0.5555,50,0.1012,,0.356,0.5701,,0.5751,,,0.5892,0.6524,0.3027,2,48,0.8,Synthetic Region Group D,0
synthetic-01733,0.7601,0.0312,0.254,12,0.8561,64,0.0905,0.8131,0.3391,0.8957,0.095,0.847,0.8318,0,0.7464,0.8812,0.2643,0,65,1,Synthetic Region Group A,1
synthetic-01734,0.6762,0.0552,0.3941,12,0.6638,58,0.114,0.6859,0.3595,0.659,0.0486,0.6134,0.6269,1,0.5995,0.668,0.3414,0,60,1,Synthetic Region Group B,1
synthetic-01735,0.4218,0.0965,0.3645,12,0.4743,46,0.117,,0.3034,0.5098,,0.5264,0.4577,5,0.4897,0.5257,0.3311,2,51,0.9,Synthetic Region Group C,0
synthetic-01736,,,,,0.522,54,0.128,0.5473,0.2982,0.5082,0.0907,0.562,0.5597,6,0.5763,0.6172,0.3266,3,49,0.8,Synthetic Region Group D,0
synthetic-01737,0.8032,0.038,0.3425,12,0.759,69,0.0311,0.8531,0.2023,0.782,0.1028,0.7455,0.8714,0,0.8599,0.7861,0.2193,0,66,1,Synthetic Region Group A,1
synthetic-01738,0.6804,0.0606,0.317,12,0.7224,54,0.0589,0.6056,0.3149,0.6165,0.1,0.6187,0.6827,4,0.5845,0.7242,0.3863,3,59,1,Synthetic Region Group B,1
synthetic-01739,0.551,0.1328,0.3576,12,0.431,47,0.1258,0.5178,0.4176,0.5272,0.0888,0.5311,0.4262,4,0.5757,0.4883,0.4636,2,43,1,Synthetic Region Group C,1
synthetic-01740,0.6013,0.1479,0.3813,7,0.6445,54,0.0533,0.5854,0.3647,0.5808,0.1259,0.5309,0.6367,6,0.5997,0.5259,0.3567,1,52,1,Synthetic Region Group D,1
synthetic-01741,0.7814,0.0096,0.32,12,0.7567,64,0.0331,0.7541,0.2929,0.7966,0.1006,0.8952,0.7818,0,0.8413,0.7978,0.268,0,69,1,Synthetic Region Group A,1
synthetic-01742,0.6897,0.1175,0.3872,12,0.6617,56,0.0761,0.6754,0.2641,0.709,0.051,0.6449,0.6143,2,0.7304,0.7202,0.2985,0,54,1,Synthetic Region Group B,1
synthetic-01743,0.5692,0.1203,0.4267,12,0.4775,53,0.0729,0.5212,0.3566,0.5635,0.0747,0.4872,0.4341,7,0.4551,0.4681,0.4406,3,48,1,Synthetic Region Group C,0
synthetic-01744,,,,,0.5293,47,0.0531,,0.4083,0.5819,,0.528,0.585,1,0.5823,0.5696,0.2882,4,56,0.7,Synthetic Region Group D,1
synthetic-01745,0.8661,0.042,0.2706,12,0.837,58,0.0832,,0.2255,0.8748,,0.7627,0.8416,1,0.8367,0.802,0.3277,0,63,0.9,Synthetic Region Group A,1
synthetic-01746,0.5991,0.1061,0.357,12,0.6791,51,0.0756,0.6676,0.2508,0.591,0.0695,0.5985,0.6765,1,0.6741,0.6884,0.292,0,60,1,Synthetic Region Group B,1
synthetic-01747,0.5311,0.0946,0.4442,12,0.5726,43,0.0562,0.4441,0.3791,0.4552,0.0412,0.4386,0.422,5,0.534,0.4204,0.4605,2,50,1,Synthetic Region Group C,0
synthetic-01748,0.5915,0.1147,0.2916,7,0.5704,50,0.0963,0.5761,0.3606,0.5535,0.0295,0.5214,,,0.5785,0.5665,0.3352,2,51,0.9,Synthetic Region Group D,1
synthetic-01749,0.8298,0.057,0.1865,12,0.7511,65,0.0703,0.7477,0.3354,0.7993,0.0973,0.7571,,,0.7458,0.8588,0.2072,0,68,0.9,Synthetic Region Group A,1
synthetic-01750,0.7181,0.139,0.2773,12,0.6256,55,0.0858,0.6608,0.3404,0.6319,0.1156,0.5921,0.6308,4,0.6075,0.6886,0.3714,2,58,1,Synthetic Region Group B,1
synthetic-01751,0.5567,0.1471,0.434,12,0.5409,47,0.129,0.4781,0.3616,0.4912,0.0666,0.5687,0.5281,4,0.5486,0.4967,0.3268,3,48,1,Synthetic Region Group C,1
synthetic-01752,0.6342,0.0546,0.2741,7,0.5716,52,0.0589,,0.3709,0.576,,0.5385,0.5162,2,0.5257,0.5706,0.354,3,55,0.9,Synthetic Region Group D,1
synthetic-01753,0.8228,0.0421,0.2959,12,0.81,67,0.0548,0.8509,0.2355,0.8051,0,0.7988,0.78,0,0.7461,0.7512,0.202,0,64,1,Synthetic Region Group A,1
synthetic-01754,0.6793,0.0931,0.3391,12,0.6703,54,0.0315,0.7091,0.3882,0.619,0.0871,0.6355,0.734,4,0.6349,0.7132,0.3922,1,60,1,Synthetic Region Group B,1
synthetic-01755,0.5119,0.0897,0.2977,12,0.5001,45,0.1232,0.4381,0.4269,0.54,0.1087,0.4374,0.4773,3,0.5378,0.4337,0.3302,2,47,1,Synthetic Region Group C,1
synthetic-01756,0.6184,0.1144,0.378,7,0.5648,49,0.1051,,0.2886,0.6455,,0.5329,,,0.6229,0.5083,0.3997,4,55,0.8,Synthetic Region Group D,1
synthetic-01757,0.7737,0.1072,0.209,12,0.833,67,0.0232,0.8922,0.2512,0.8213,0.0861,,0.7391,0,,,,,62,0.75,Synthetic Region Group A,1
synthetic-01758,0.6392,0.1389,0.3673,12,0.6635,59,0.1032,0.6069,0.3802,0.6813,0.0946,0.584,0.7027,3,0.7109,0.735,0.4017,0,56,1,Synthetic Region Group B,1
synthetic-01759,0.5149,0.0866,0.3424,12,0.4322,52,0.0974,0.4647,0.3248,0.4724,0.1032,0.506,0.5453,7,0.4568,0.4242,0.343,5,51,1,Synthetic Region Group C,0
synthetic-01760,,,,,0.6551,54,0.0829,,0.2933,0.6231,,0.6345,,,0.5715,0.536,0.4323,2,48,0.6,Synthetic Region Group D,0
synthetic-01761,0.8652,0.0096,0.3213,12,0.7545,67,0.0934,0.8379,0.3087,0.8208,0.085,0.7464,0.7493,0,0.8695,0.8197,0.3187,0,66,1,Synthetic Region Group A,1
synthetic-01762,0.6872,0.0873,0.3863,12,0.7286,59,0.0354,0.6761,0.3598,0.6434,0.0449,0.7344,0.7183,0,0.6566,0.5797,0.3042,3,59,1,Synthetic Region Group B,1
synthetic-01763,0.452,0.1572,0.4529,12,0.5494,48,0.082,0.4494,0.3168,0.4852,0.0822,0.5599,0.5772,3,0.5346,0.5203,0.4141,5,45,1,Synthetic Region Group C,1
synthetic-01764,0.5987,0.0588,0.3173,7,0.5302,50,0.0555,,0.2934,0.6497,,0.5988,,,0.5749,0.6271,0.3801,1,54,0.8,Synthetic Region Group D,0
synthetic-01765,0.8693,0.0961,0.2881,12,0.7534,58,0.0502,0.8628,0.2586,0.8621,0.043,0.7919,0.8752,0,0.7904,0.7504,0.2283,0,71,1,Synthetic Region Group A,1
synthetic-01766,0.6759,0.11,0.3149,12,0.654,59,0.0367,0.5953,0.3004,0.5951,0.0971,0.5914,,,0.6031,0.7034,0.3218,1,52,0.9,Synthetic Region Group B,1
synthetic-01767,0.4648,0.1482,0.4495,12,0.5798,53,0.0941,0.5079,0.4209,0.4202,0.1336,0.5387,0.4967,4,0.5225,0.5331,0.3758,5,51,1,Synthetic Region Group C,0
synthetic-01768,0.6103,0.1055,0.3545,7,0.6569,56,0.0625,,0.4339,0.5543,,0.5658,0.6066,4,0.6546,0.5707,0.3121,2,53,0.9,Synthetic Region Group D,1
synthetic-01769,0.8655,0.0131,0.3016,12,0.7776,59,0.0791,,0.3473,0.7911,,0.7827,0.8336,0,0.8583,0.887,0.3487,0,62,0.9,Synthetic Region Group A,1
synthetic-01770,0.6666,0.1105,0.3563,12,0.6404,54,0.0513,,0.3066,0.5867,,0.5802,0.6032,4,0.6729,0.58,0.3345,1,58,0.9,Synthetic Region Group B,1
synthetic-01771,0.473,0.1383,0.4466,12,0.5135,53,0.0902,0.4534,0.3609,0.4542,0.0525,0.5057,0.5235,7,0.4452,0.5591,0.4092,2,42,1,Synthetic Region Group C,0
synthetic-01772,0.6577,0.07,0.3992,7,0.6561,52,0.0746,,,,,0.5994,,,0.6341,0.555,0.431,1,56,0.7,Synthetic Region Group D,0
synthetic-01773,0.8024,0.0109,0.2599,12,0.8494,62,0.0755,0.8637,0.2344,0.7583,0.0673,0.761,,,0.7861,0.843,0.2679,0,65,0.9,Synthetic Region Group A,1
synthetic-01774,0.6699,0.0507,0.3476,12,0.5949,61,0.0525,0.6091,0.3876,0.7359,0.0324,0.5949,0.591,1,0.6908,0.6206,0.3978,1,60,1,Synthetic Region Group B,1
synthetic-01775,0.5781,0.083,0.42,12,0.5099,50,0.0866,0.5315,0.38,0.5119,0.092,0.5057,0.476,2,0.4363,0.5206,0.372,4,49,1,Synthetic Region Group C,1
synthetic-01776,0.531,0.1359,0.2834,7,0.5792,49,0.0542,,,,,0.5327,,,0.5667,0.5328,0.3329,1,56,0.7,Synthetic Region Group D,0
synthetic-01777,0.7614,0.0454,0.2592,12,0.8639,59,0.1006,0.7918,0.2018,0.8527,0.0909,0.8868,0.8116,0,0.8178,0.8222,0.2115,0,69,1,Synthetic Region Group A,1
synthetic-01778,0.6501,0.0807,0.3689,12,0.5844,51,0.0574,0.5966,0.2655,0.7083,0.0198,0.6195,0.6856,2,0.7153,0.6592,0.3695,3,60,1,Synthetic Region Group B,1
synthetic-01779,0.5488,0.0759,0.4397,12,0.5747,51,0.1155,0.5366,0.3411,0.5469,0.1245,0.5089,0.4377,4,0.456,0.5439,0.339,6,49,1,Synthetic Region Group C,0
synthetic-01780,0.6291,0.1259,0.2804,7,0.6254,47,0.0967,0.6362,0.381,0.6386,0.0768,0.5826,0.619,5,0.5901,0.5252,0.3787,4,48,1,Synthetic Region Group D,1
synthetic-01781,0.847,0.1079,0.2032,12,0.8822,67,0.0843,0.8546,0.2384,0.8861,0.0156,0.8015,0.814,0,0.8563,0.8018,0.3001,0,62,1,Synthetic Region Group A,1
synthetic-01782,0.7355,0.0805,0.247,12,0.648,60,0.076,0.6961,0.3802,0.6139,0.1159,0.6348,0.6119,0,0.5948,0.5918,0.2643,2,52,1,Synthetic Region Group B,1
synthetic-01783,0.5035,0.0588,0.3051,12,0.4538,49,0.1263,,0.3142,0.5745,,0.5613,0.4646,7,0.4216,0.4733,0.4147,3,50,0.9,Synthetic Region Group C,0
synthetic-01784,0.5129,0.0674,0.4048,7,0.5927,56,0.0652,,0.3858,0.5613,,0.5531,,,0.613,0.5188,0.3215,3,51,0.8,Synthetic Region Group D,0
synthetic-01785,0.8185,0.0337,0.2032,12,0.8691,64,0.0673,0.8463,0.2028,0.8091,0.0046,0.7584,0.8304,0,0.8249,0.8554,0.2674,0,62,1,Synthetic Region Group A,1
synthetic-01786,0.6057,0.1224,0.3988,12,0.6991,51,0.1236,,0.2822,0.6716,,0.7039,0.6173,3,0.6587,0.6337,0.2943,0,54,0.9,Synthetic Region Group B,1
synthetic-01787,0.5272,0.0712,0.3177,12,0.4654,48,0.0758,0.5185,0.4473,0.536,0.0469,0.5231,0.5141,6,0.5291,0.5425,0.3295,4,44,1,Synthetic Region Group C,0
synthetic-01788,0.5778,0.1019,0.2687,7,0.6196,50,0.1174,0.6236,0.3532,0.6167,0.1091,,,,,,,,56,0.65,Synthetic Region Group D,0
synthetic-01789,0.7644,0.0737,0.2334,12,0.8524,60,0.0385,0.8476,0.325,0.7497,0.0331,0.7731,0.8826,0,0.8736,0.8216,0.2949,0,68,1,Synthetic Region Group A,1
synthetic-01790,0.6117,0.0925,0.2701,12,0.583,61,0.0407,0.6507,0.3267,0.6001,0.0505,0.7244,0.639,1,0.7209,0.7173,0.2855,0,60,1,Synthetic Region Group B,1
synthetic-01791,0.5484,0.1263,0.372,12,0.5187,47,0.0946,0.5551,0.4129,0.457,0.038,0.52,0.4899,6,0.5738,0.4567,0.436,2,50,1,Synthetic Region Group C,1
synthetic-01792,0.6068,0.0956,0.4052,7,0.5801,48,0.1342,,0.299,0.5732,,0.6174,0.5961,4,0.4993,0.617,0.4138,4,51,0.9,Synthetic Region Group D,1
synthetic-01793,0.8207,0.1092,0.2272,12,0.8352,59,0.0341,0.865,0.2216,0.8869,0.0716,0.8344,0.8425,0,0.8769,0.8481,0.3202,0,61,1,Synthetic Region Group A,1
synthetic-01794,0.6211,0.1293,0.3097,12,0.6468,50,0.1241,0.6792,0.3141,0.7188,0.0386,0.7277,0.7247,2,0.7114,0.7315,0.38,2,57,1,Synthetic Region Group B,1
synthetic-01795,0.4953,0.108,0.4509,12,,,,0.5335,0.3667,0.4945,0.0405,0.4373,0.573,5,0.5613,0.5744,0.4271,4,44,0.85,Synthetic Region Group C,0
synthetic-01796,0.5277,0.1473,0.33,7,0.6243,55,0.0625,,0.427,0.6132,,0.6138,,,0.6502,0.504,0.3957,2,52,0.8,Synthetic Region Group D,0
synthetic-01797,0.8234,0.0623,0.3329,12,0.8136,66,0.0545,0.8017,0.3211,0.8288,0.0727,0.7695,0.7986,0,0.8686,0.8958,0.2559,0,69,1,Synthetic Region Group A,1
synthetic-01798,0.6259,0.0745,0.3949,12,0.623,59,0.1122,0.7316,0.4049,0.714,0.095,0.6185,0.6301,1,0.6006,0.5832,0.3023,0,59,1,Synthetic Region Group B,1
synthetic-01799,0.5303,0.0932,0.3788,12,0.4475,49,0.0724,0.5365,0.3997,0.5428,0.1309,0.4665,0.4767,7,0.5164,0.58,0.3604,5,49,1,Synthetic Region Group C,0
synthetic-01800,0.5271,0.0551,0.3812,7,0.6533,53,0.0763,,,,,0.5261,0.642,2,0.5745,0.5151,0.3046,1,48,0.8,Synthetic Region Group D,1
synthetic-01801,0.8579,0.111,0.2091,12,0.7716,59,0.0571,0.8069,0.2255,0.7698,0.0793,0.7538,0.8871,0,0.797,0.8804,0.2337,0,67,1,Synthetic Region Group A,1
synthetic-01802,0.7404,0.0804,0.3336,12,0.6245,61,0.0591,0.5959,0.3124,0.6563,0.0132,0.5916,,,0.6716,0.73,0.3037,0,54,0.9,Synthetic Region Group B,1
synthetic-01803,0.4654,0.1393,0.3695,12,0.4732,48,0.1097,0.5317,0.3054,0.4905,0.1237,0.4446,0.4731,3,0.4441,0.5412,0.3118,4,45,1,Synthetic Region Group C,0
synthetic-01804,0.5482,0.0679,0.391,7,0.5933,48,0.0476,,,,,0.6119,0.5489,5,0.5171,0.5571,0.3558,1,47,0.8,Synthetic Region Group D,1
synthetic-01805,0.8549,0.0938,0.2867,12,0.8419,69,0.0664,,0.2361,0.8089,,0.821,0.7684,0,0.8948,0.8189,0.1981,0,68,0.9,Synthetic Region Group A,1
synthetic-01806,0.6872,0.1034,0.3571,12,0.5908,54,0.1009,0.7364,0.4076,0.6378,0.0493,0.6236,0.7022,3,0.6178,0.689,0.3266,0,57,1,Synthetic Region Group B,1
synthetic-01807,0.4896,0.0715,0.375,12,0.5719,52,0.1056,0.4348,0.4375,0.5405,0.037,0.5379,0.5621,5,0.4303,0.511,0.3987,4,45,1,Synthetic Region Group C,1
synthetic-01808,0.6559,0.0929,0.2969,7,0.5883,51,0.1188,0.6489,,,0.1293,0.6429,0.6553,4,0.5059,0.5332,0.4147,4,47,0.9,Synthetic Region Group D,1
synthetic-01809,0.8267,0.0133,0.2145,12,0.8256,67,0.0537,0.8215,0.3273,0.8153,0.0677,0.8041,0.8618,0,0.7537,0.8075,0.2111,0,70,1,Synthetic Region Group A,1
synthetic-01810,0.6277,0.0713,0.3572,12,0.6925,60,0.07,0.6082,0.3556,0.6533,0.0559,0.6984,0.5821,4,0.6409,0.6409,0.3368,0,53,1,Synthetic Region Group B,1
synthetic-01811,0.4347,0.0901,0.3387,12,0.4422,51,0.1183,0.5624,0.4503,0.5615,0.0667,0.4511,0.5607,7,0.5132,0.5544,0.3169,3,47,1,Synthetic Region Group C,0
synthetic-01812,0.5121,0.1234,0.3544,7,0.5508,55,0.1184,0.5385,,,0.0948,0.5218,0.521,5,0.5333,0.5083,0.4081,3,52,0.9,Synthetic Region Group D,0
synthetic-01813,0.8857,0.0639,0.2312,12,0.8367,59,0.0716,0.7842,0.2661,0.8654,0.0693,0.8775,0.8559,0,0.8162,0.7911,0.327,0,63,1,Synthetic Region Group A,1
synthetic-01814,0.6571,0.1068,0.3558,12,0.6603,52,0.0515,0.5975,0.3707,0.6528,0.0205,0.6982,0.5901,0,0.7082,0.593,0.3693,0,57,1,Synthetic Region Group B,1
synthetic-01815,0.4604,0.14,0.375,12,0.5319,48,0.0562,0.5573,0.4313,0.5517,0.0386,0.4342,0.4914,5,0.5527,0.5096,0.3654,5,49,1,Synthetic Region Group C,0
synthetic-01816,0.5285,0.1188,0.3476,7,0.5685,52,0.0966,0.6095,0.3442,0.6414,0.0607,0.5891,0.6171,2,0.6386,0.5716,0.356,2,47,1,Synthetic Region Group D,1
synthetic-01817,0.7765,0.0417,0.1874,12,0.8645,62,0.0225,0.8428,0.2027,0.7562,0.0724,0.8492,0.8551,0,0.8603,0.8968,0.3353,0,62,1,Synthetic Region Group A,1
synthetic-01818,0.6715,0.1151,0.397,12,0.5849,53,0.0872,,0.2745,0.687,,0.6897,0.595,2,0.7256,0.7358,0.3854,0,58,0.9,Synthetic Region Group B,1
synthetic-01819,0.4405,0.0655,0.4137,12,0.4595,51,0.086,,0.4641,0.4956,,0.5791,0.4825,5,0.5075,0.543,0.4283,4,46,0.9,Synthetic Region Group C,0
synthetic-01820,0.5883,0.0886,0.3566,7,0.5821,57,0.1004,0.5422,,,0.0261,0.5262,,,0.5558,0.5581,0.3472,3,50,0.8,Synthetic Region Group D,0
synthetic-01821,0.8892,0.0825,0.1956,12,0.8363,68,0.1047,0.8619,0.1988,0.7631,0.0225,0.7623,0.7718,0,0.8569,0.8341,0.2448,0,68,1,Synthetic Region Group A,1
synthetic-01822,0.7332,0.0393,0.3946,12,0.5933,52,0.068,0.701,0.3731,0.6458,0.0329,0.6397,,,0.6607,0.6661,0.3875,2,56,0.9,Synthetic Region Group B,1
synthetic-01823,0.5609,0.0873,0.3002,12,0.4403,47,0.1067,0.4432,0.4334,0.4978,0.0413,0.4827,0.5051,7,0.5766,0.5117,0.3796,6,46,1,Synthetic Region Group C,0
synthetic-01824,,,,,0.5389,46,0.0428,0.6506,0.3438,0.502,0.085,0.5408,,,0.5426,0.6549,0.4109,4,47,0.7,Synthetic Region Group D,0
synthetic-01825,0.8499,0.0352,0.2209,12,0.8405,66,0.0784,0.88,0.3387,0.839,0.0887,0.8909,0.7662,0,0.8934,0.7757,0.1983,0,66,1,Synthetic Region Group A,1
synthetic-01826,0.6758,0.1278,0.3511,12,0.5914,59,0.0381,0.6238,0.2835,0.7208,0.0927,0.6797,0.6574,0,0.6222,0.589,0.2766,1,52,1,Synthetic Region Group B,1
synthetic-01827,0.4886,0.147,0.3394,12,0.456,51,0.0983,0.4657,0.446,0.539,0.0985,0.5285,0.489,6,0.4483,0.4573,0.436,5,44,1,Synthetic Region Group C,0
synthetic-01828,0.504,0.0903,0.3507,7,0.6221,50,0.1065,0.6094,0.3429,0.5699,0.0405,,,,,,,,47,0.65,Synthetic Region Group D,0
synthetic-01829,0.8921,0.0326,0.2937,12,0.8705,59,0.0967,0.8223,0.356,0.7528,0.1024,0.8152,0.7984,1,0.8294,0.7871,0.2614,0,71,1,Synthetic Region Group A,1
synthetic-01830,0.6829,0.0865,0.3433,12,0.7153,56,0.1069,0.659,0.2959,0.5831,0.0682,0.6516,0.7318,1,0.5949,0.672,0.2805,0,61,1,Synthetic Region Group B,1
synthetic-01831,0.5601,0.0834,0.3249,12,0.4605,44,0.0768,0.4259,0.4248,0.528,0.0919,0.4651,0.5235,6,0.4993,0.5139,0.3832,3,51,1,Synthetic Region Group C,1
synthetic-01832,0.643,0.1406,0.3249,7,0.5073,54,0.0939,0.6185,0.3104,0.6186,0.0789,0.5503,0.5906,1,0.6275,0.5235,0.3942,0,55,1,Synthetic Region Group D,1
synthetic-01833,0.7975,0.0132,0.2727,12,0.806,58,0.0158,0.8008,0.2663,0.8858,0.0983,0.8929,,,0.7876,0.8611,0.3,0,67,0.9,Synthetic Region Group A,1
synthetic-01834,0.7239,0.0847,0.3887,12,0.6973,60,0.0579,0.5886,0.2705,0.6426,0.0309,0.6743,0.7104,1,0.5982,0.6857,0.266,0,52,1,Synthetic Region Group B,1
synthetic-01835,0.5031,0.0621,0.3099,12,0.4745,46,0.1316,0.4955,0.4537,0.55,0.0802,0.4196,0.5308,7,0.5169,0.4465,0.3194,1,48,1,Synthetic Region Group C,1
synthetic-01836,0.5408,0.0645,0.342,7,0.5211,51,0.0712,,0.353,0.5586,,0.5847,0.6584,6,0.525,0.562,0.3037,3,56,0.9,Synthetic Region Group D,1
synthetic-01837,0.8376,0.0154,0.2316,12,0.846,61,0.0647,,0.2305,0.8256,,0.8092,0.7969,0,0.8331,0.8403,0.2158,0,63,0.9,Synthetic Region Group A,1
synthetic-01838,0.5881,0.0371,0.2429,12,0.604,52,0.0367,0.6456,0.3548,0.6668,0.0333,0.6607,0.7247,1,0.7261,0.6191,0.3664,2,61,1,Synthetic Region Group B,1
synthetic-01839,0.5437,0.1021,0.4263,12,0.4844,51,0.1055,0.5634,0.4082,0.4573,0.1215,0.4344,0.5237,5,0.4284,0.4898,0.4121,4,49,1,Synthetic Region Group C,0
synthetic-01840,,,,,0.647,47,0.1012,0.5442,0.39,0.5918,0.0453,0.5628,0.6268,2,0.5364,0.5884,0.3597,4,55,0.8,Synthetic Region Group D,1
synthetic-01841,0.7402,0.0764,0.1941,12,0.8413,68,0.0682,0.878,0.2604,0.7713,0.0835,0.8348,0.8495,0,0.7557,0.8652,0.2102,0,67,1,Synthetic Region Group A,1
synthetic-01842,0.7198,0.0392,0.3874,12,0.6228,56,0.0437,0.6635,0.382,0.7234,0.1173,0.7344,,,0.6802,0.665,0.3647,0,53,0.9,Synthetic Region Group B,1
synthetic-01843,0.4579,0.0626,0.3895,12,0.5489,44,0.0704,,0.3825,0.5245,,0.5657,0.431,7,0.491,0.5545,0.4345,6,44,0.9,Synthetic Region Group C,0
synthetic-01844,0.5047,0.1245,0.3893,7,0.5723,56,0.0759,,0.3387,0.6424,,0.6286,,,0.5212,0.6499,0.2995,0,49,0.8,Synthetic Region Group D,0
synthetic-01845,0.8235,0.0539,0.2766,12,0.7454,60,0.0514,0.8833,0.3007,0.8159,0.0579,0.8481,0.8051,0,0.8996,0.7596,0.3496,0,71,1,Synthetic Region Group A,1
synthetic-01846,0.7196,0.0612,0.3205,12,0.6952,57,0.1165,0.7129,,,0.0171,0.701,0.6455,2,0.5992,0.6436,0.3307,1,60,0.9,Synthetic Region Group B,1
synthetic-01847,0.518,0.1039,0.3503,12,0.4598,43,0.109,0.5492,0.3679,0.5229,0.0863,0.5532,0.5568,7,0.4212,0.4792,0.3296,5,45,1,Synthetic Region Group C,0
synthetic-01848,0.5428,0.1499,0.2829,7,0.5953,46,0.0495,,0.3847,0.5962,,0.6359,0.5299,3,0.5385,0.6003,0.3921,1,49,0.9,Synthetic Region Group D,1
synthetic-01849,0.7845,0.0099,0.1884,12,0.7813,66,0.0988,0.8242,0.2084,0.7985,0.0502,0.7983,0.8961,0,0.8631,0.8819,0.3093,0,64,1,Synthetic Region Group A,1
synthetic-01850,0.695,0.13,0.3847,12,0.5867,53,0.0846,0.723,0.3092,0.7098,0.0379,0.734,0.7211,2,0.6659,0.6641,0.269,2,60,1,Synthetic Region Group B,1
synthetic-01851,0.4213,0.0825,0.4097,12,0.4521,49,0.0727,0.5121,0.3885,0.5017,0.1109,0.4223,,,0.455,0.4227,0.3401,3,51,0.9,Synthetic Region Group C,0
synthetic-01852,0.5135,0.0463,0.346,7,0.6477,52,0.0712,0.6313,,,0.0221,0.5676,,,0.5754,0.5046,0.3789,3,55,0.8,Synthetic Region Group D,0
synthetic-01853,0.864,0.0498,0.2587,12,0.8905,69,0.0548,0.8042,0.3114,0.7707,0.0358,,,,,,,,62,0.65,Synthetic Region Group A,1
synthetic-01854,0.6262,0.0612,0.3463,12,0.6258,51,0.0733,0.5892,0.25,0.7326,0.0273,0.711,,,0.6151,0.5868,0.2801,1,56,0.9,Synthetic Region Group B,1
synthetic-01855,0.5673,0.0766,0.3177,12,0.5648,51,0.0927,,0.3817,0.5013,,0.515,0.5528,2,0.5738,0.5008,0.3077,4,43,0.9,Synthetic Region Group C,1
synthetic-01856,0.6576,0.0525,0.3627,7,0.637,57,0.1151,,0.3342,0.6303,,0.5428,0.4996,5,0.6165,0.6193,0.3985,0,47,0.9,Synthetic Region Group D,1
synthetic-01857,0.8278,0.0922,0.244,12,0.8227,63,0.0922,0.7404,0.2449,0.8843,0,0.8868,0.8541,1,0.7503,0.8252,0.2316,0,64,1,Synthetic Region Group A,1
synthetic-01858,0.6808,0.0638,0.3744,12,0.6364,55,0.1107,0.6496,0.3925,0.6084,0.08,0.7119,0.6825,1,0.7388,0.6821,0.3431,1,54,1,Synthetic Region Group B,1
synthetic-01859,0.4695,0.0705,0.3531,12,0.5617,54,0.1362,,,,,0.5606,0.5426,4,0.5351,0.5341,0.3374,2,44,0.8,Synthetic Region Group C,0
synthetic-01860,0.6012,0.0926,0.3733,7,0.5327,52,0.0547,,0.311,0.6054,,,,,,,,,54,0.55,Synthetic Region Group D,0
synthetic-01861,0.7568,0.0512,0.3169,12,0.7777,59,0.0325,0.8971,0.3455,0.8628,0.0186,0.7558,0.7735,0,0.8507,0.7644,0.3154,0,68,1,Synthetic Region Group A,1
synthetic-01862,0.7298,0.0476,0.2788,12,0.6701,51,0.103,0.6983,0.3922,0.6963,0.1091,0.6365,0.6354,3,0.6498,0.6148,0.2721,0,61,1,Synthetic Region Group B,1
synthetic-01863,0.5196,0.1569,0.3845,12,0.461,44,0.0761,0.4616,0.3362,0.4872,0.0572,0.4672,0.5441,3,0.5669,0.4444,0.3973,4,50,1,Synthetic Region Group C,1
synthetic-01864,0.6257,0.1437,0.3315,7,0.5993,52,0.0696,,0.3092,0.5154,,0.528,,,0.5418,0.6589,0.3281,3,48,0.8,Synthetic Region Group D,0
synthetic-01865,0.7462,0.0531,0.2616,12,0.7761,59,0.0688,0.7615,0.3278,0.7952,0.0536,0.8929,0.7905,0,0.784,0.7546,0.3005,0,68,1,Synthetic Region Group A,1
synthetic-01866,0.6579,0.0835,0.2539,12,0.5828,59,0.1165,0.7014,0.3425,0.7155,0.1201,0.6959,,,0.7172,0.6668,0.2726,2,55,0.9,Synthetic Region Group B,1
synthetic-01867,0.478,0.0612,0.3278,12,0.4286,51,0.0815,0.5012,0.3508,0.5282,0.0417,0.5239,0.5784,7,0.4407,0.4793,0.4536,2,50,1,Synthetic Region Group C,0
synthetic-01868,0.5898,0.0617,0.3949,7,0.5548,52,0.0536,,,,,,0.5297,3,,,,,48,0.55,Synthetic Region Group D,0
synthetic-01869,0.77,0.0243,0.3168,12,0.7944,60,0.0598,0.7723,0.2942,0.8135,0.0873,0.866,,,0.7614,0.8844,0.2088,0,69,0.9,Synthetic Region Group A,1
synthetic-01870,0.725,0.0604,0.2592,12,0.6082,59,0.0946,0.5955,0.3071,0.6476,0.0808,0.6375,0.6213,2,0.6691,0.7006,0.3466,3,58,1,Synthetic Region Group B,1
synthetic-01871,0.4194,0.1024,0.3306,12,0.5123,51,0.0521,0.4913,0.308,0.4391,0.0475,0.5117,,,0.5572,0.4216,0.3499,2,51,0.9,Synthetic Region Group C,0
synthetic-01872,0.5929,0.1285,0.2718,7,0.5801,46,0.0947,,0.3966,0.5325,,0.5824,0.6238,6,0.6249,0.5385,0.3445,2,49,0.9,Synthetic Region Group D,1
synthetic-01873,0.8679,0.0635,0.3134,12,0.8986,65,0.0863,0.8946,0.2236,0.7941,0.0002,0.8513,0.8492,0,0.7606,0.7632,0.3392,0,64,1,Synthetic Region Group A,1
synthetic-01874,0.5883,0.0816,0.3963,12,0.6974,58,0.0697,0.6588,0.3735,0.6469,0.0669,0.6596,,,0.6473,0.6934,0.3828,3,61,0.9,Synthetic Region Group B,0
synthetic-01875,0.4881,0.1156,0.3631,12,0.4386,43,0.1237,0.5448,0.3872,0.5147,0.0496,0.4307,0.5245,7,0.543,0.5767,0.4067,2,47,1,Synthetic Region Group C,1
synthetic-01876,0.6379,0.0962,0.2838,7,0.6069,54,0.0571,,0.2769,0.5549,,0.5704,0.6401,3,0.6149,0.515,0.3508,4,52,0.9,Synthetic Region Group D,1
synthetic-01877,0.7961,0.0764,0.3018,12,0.7541,58,0.0272,0.817,0.1996,0.7591,0.0226,0.7652,,,0.7824,0.7736,0.3545,0,63,0.9,Synthetic Region Group A,1
synthetic-01878,0.6307,0.081,0.4007,12,0.63,59,0.1134,0.6037,0.253,0.7081,0.0922,0.7003,0.6268,3,0.7179,0.6394,0.2835,2,56,1,Synthetic Region Group B,1
synthetic-01879,0.453,0.1013,0.3605,12,0.5753,47,0.1066,0.5126,0.407,0.4221,0.1237,0.4213,0.5221,3,0.4887,0.5281,0.3281,2,46,1,Synthetic Region Group C,1
synthetic-01880,0.6155,0.1475,0.2925,7,0.6178,50,0.0981,,,,,0.5941,,,0.6048,0.5854,0.3376,1,49,0.7,Synthetic Region Group D,0
synthetic-01881,0.8788,0.1068,0.1974,12,0.882,59,0.0436,0.8811,0.2811,0.8654,0.0567,0.8754,0.7992,0,0.8507,0.7761,0.2277,0,65,1,Synthetic Region Group A,1
synthetic-01882,0.7025,0.0374,0.3713,12,0.5984,51,0.087,0.5909,0.3688,0.6289,0.0553,0.7075,0.6906,2,0.6769,0.6683,0.2809,0,61,1,Synthetic Region Group B,1
synthetic-01883,0.4367,0.1308,0.3835,12,0.5469,46,0.0884,0.4214,0.3616,0.4976,0.0637,0.5288,0.5183,5,0.5433,0.4474,0.3712,2,42,1,Synthetic Region Group C,0
synthetic-01884,0.6598,0.1057,0.3198,7,0.5387,54,0.0639,,0.3601,0.5924,,0.6046,0.543,1,0.6364,0.6353,0.4367,3,48,0.9,Synthetic Region Group D,1
synthetic-01885,0.7643,0.1067,0.3147,12,0.8546,68,0.05,0.7935,0.1971,0.8513,0,0.844,0.8629,0,0.8896,0.8134,0.224,0,62,1,Synthetic Region Group A,1
synthetic-01886,0.6634,0.0727,0.2765,12,0.6321,58,0.0472,0.6089,,,0.0127,0.707,0.6831,3,0.6597,0.7344,0.2869,3,53,0.9,Synthetic Region Group B,1
synthetic-01887,0.5263,0.0703,0.3529,12,0.5149,49,0.0979,0.5406,0.417,0.4471,0.1019,0.5705,0.5629,6,0.4681,0.5529,0.4626,4,49,1,Synthetic Region Group C,0
synthetic-01888,0.6561,0.0538,0.3601,7,0.5429,56,0.053,,0.3117,0.5765,,0.5534,,,0.5165,0.6014,0.2812,2,49,0.8,Synthetic Region Group D,0
synthetic-01889,0.7622,0.0481,0.2416,12,0.8949,62,0.0582,0.8357,0.3507,0.8896,0.0815,0.8077,0.8925,0,0.7782,0.7637,0.3034,0,62,1,Synthetic Region Group A,1
synthetic-01890,0.6454,0.1163,0.375,12,0.6389,55,0.1175,0.6115,,,0.0158,0.6578,0.6721,1,0.72,0.7349,0.3875,0,56,0.9,Synthetic Region Group B,1
synthetic-01891,0.4362,0.0626,0.3603,12,0.469,49,0.1257,0.4869,0.458,0.4524,0.1366,0.5574,0.5346,7,0.5048,0.4941,0.3907,2,45,1,Synthetic Region Group C,0
synthetic-01892,0.6373,0.141,0.276,7,0.5827,52,0.0894,0.5383,0.3849,0.6224,0.0715,0.66,0.5861,3,0.5688,0.6044,0.2934,4,48,1,Synthetic Region Group D,1
synthetic-01893,0.8024,0.0771,0.2127,12,0.7828,62,0.0558,0.817,0.2476,0.851,0.0211,0.8575,0.8052,1,0.8371,0.787,0.3135,0,63,1,Synthetic Region Group A,1
synthetic-01894,0.6879,0.1033,0.2496,12,0.5888,52,0.0856,0.6895,0.3759,0.6499,0.0844,0.7355,0.7298,0,0.6815,0.6969,0.2867,0,58,1,Synthetic Region Group B,1
synthetic-01895,0.4942,0.1542,0.3631,12,0.4676,47,0.0912,0.546,0.3981,0.5543,0.1302,0.556,0.5115,5,0.5685,0.5442,0.3863,3,47,1,Synthetic Region Group C,1
synthetic-01896,0.6333,0.0561,0.3917,7,0.5283,49,0.0927,0.5373,0.4255,0.502,0.1146,,,,,,,,54,0.65,Synthetic Region Group D,0
synthetic-01897,0.7753,0.0214,0.2812,12,0.7677,59,0.0763,0.8847,0.2132,0.8738,0.0893,0.8186,0.8949,0,0.8022,0.7983,0.2991,0,68,1,Synthetic Region Group A,1
synthetic-01898,0.5947,0.0895,0.2776,12,0.6526,58,0.0965,0.6782,0.2697,0.5855,0.0178,0.6267,0.7238,2,0.6261,0.6648,0.3135,0,52,1,Synthetic Region Group B,1
synthetic-01899,0.5395,0.0781,0.3097,12,0.5255,42,0.1139,0.4799,0.319,0.4947,0.0319,0.4766,0.5786,7,0.4851,0.5748,0.448,2,44,1,Synthetic Region Group C,1
synthetic-01900,0.5376,0.1074,0.3149,7,0.5538,52,0.132,,0.302,0.5773,,0.5192,0.5637,1,0.66,0.6012,0.4186,4,55,0.9,Synthetic Region Group D,1
synthetic-01901,0.8244,0.0996,0.2983,12,,,,0.9007,0.2834,0.8211,0.0217,0.799,0.8715,0,0.7537,0.8739,0.2986,0,67,0.85,Synthetic Region Group A,1
synthetic-01902,0.6615,0.13,0.3456,12,0.5949,57,0.0909,0.7263,0.2778,0.6631,0.0994,0.6047,0.6037,4,0.6778,0.6601,0.3747,0,57,1,Synthetic Region Group B,1
synthetic-01903,0.4895,0.0667,0.312,12,0.5574,43,0.0521,0.5763,0.3855,0.4306,0.0553,0.509,0.5358,6,0.4814,0.5452,0.4101,4,46,1,Synthetic Region Group C,0
synthetic-01904,0.654,0.1013,0.3063,7,0.6065,58,0.1046,0.5458,0.436,0.603,0.0533,,,,,,,,54,0.65,Synthetic Region Group D,0
synthetic-01905,0.852,0.1067,0.2355,12,0.7466,59,0.0488,0.8556,0.2944,0.8736,0.0609,0.7905,0.8878,0,0.8437,0.7865,0.2596,0,71,1,Synthetic Region Group A,1
synthetic-01906,0.6992,0.0973,0.3516,12,0.6941,60,0.0614,0.6132,0.3236,0.6212,0.0498,0.7017,0.7072,0,0.6641,0.7331,0.2842,2,60,1,Synthetic Region Group B,1
synthetic-01907,0.512,0.1141,0.4452,12,0.422,47,0.1261,0.4307,0.3281,0.4562,0.1061,0.5138,0.4555,5,0.5722,0.4341,0.3731,4,47,1,Synthetic Region Group C,0
synthetic-01908,,,,,0.6119,52,0.0801,,0.3142,0.5297,,0.6482,0.5346,3,0.6095,0.5008,0.3208,4,52,0.7,Synthetic Region Group D,1
synthetic-01909,0.8261,0.0837,0.3327,12,0.8723,60,0.0634,,0.2925,0.7742,,,0.8477,0,,,,,62,0.65,Synthetic Region Group A,1
synthetic-01910,0.6678,0.1069,0.2623,12,0.7362,58,0.1199,0.6901,0.3398,0.6915,0.1124,0.6261,0.7235,2,0.5886,0.7282,0.2565,2,61,1,Synthetic Region Group B,1
synthetic-01911,0.5706,0.1526,0.3331,12,0.5293,44,0.1336,,0.3383,0.4564,,0.425,0.4526,5,0.4439,0.4893,0.3725,5,46,0.9,Synthetic Region Group C,0
synthetic-01912,0.601,0.0657,0.2768,7,0.6325,50,0.0564,,0.3199,0.6019,,0.6575,0.5021,4,0.5429,0.6,0.3397,1,54,0.9,Synthetic Region Group D,1
synthetic-01913,0.8379,0.0498,0.3207,12,0.7446,67,0.0205,0.8317,0.2705,0.8413,0.0129,0.8683,0.8346,0,0.8556,0.7656,0.2299,0,63,1,Synthetic Region Group A,1
synthetic-01914,0.6854,0.0595,0.3914,12,0.7196,61,0.0729,0.6439,0.3423,0.649,0.0309,0.6868,0.6155,4,0.6529,0.7119,0.3426,0,55,1,Synthetic Region Group B,1
synthetic-01915,0.5646,0.0784,0.4233,12,0.4532,49,0.1219,0.4648,0.4521,0.4692,0.1057,0.4822,0.4571,3,0.4497,0.4333,0.409,3,46,1,Synthetic Region Group C,0
synthetic-01916,0.5264,0.0643,0.3536,7,0.5863,55,0.1282,,,,,0.5197,,,0.6071,0.5727,0.2953,2,53,0.7,Synthetic Region Group D,0
synthetic-01917,0.812,0.0904,0.3359,12,0.8872,68,0.0144,0.7466,0.2456,0.8781,0,0.8188,,,0.8907,0.7626,0.3375,0,65,0.9,Synthetic Region Group A,1
synthetic-01918,0.7193,0.0527,0.2432,12,0.7257,52,0.0305,0.6964,0.4026,0.6452,0.0455,0.6641,0.5865,2,0.5902,0.5803,0.3232,3,61,1,Synthetic Region Group B,1
synthetic-01919,0.4931,0.082,0.4051,12,0.5748,48,0.098,0.5139,0.3601,0.4847,0.1093,0.5042,0.4524,6,0.5025,0.5365,0.4623,6,48,1,Synthetic Region Group C,0
synthetic-01920,0.5111,0.1439,0.2933,7,0.6292,48,0.0565,0.5827,0.4119,0.5745,0.0388,0.6101,0.523,5,0.6091,0.5828,0.4142,3,51,1,Synthetic Region Group D,1
synthetic-01921,0.8042,0.1056,0.2018,12,0.7753,68,0.0145,0.7442,0.2923,0.8915,0.0432,0.8153,0.7775,0,0.8399,0.8707,0.2101,0,62,1,Synthetic Region Group A,1
synthetic-01922,0.5825,0.1387,0.369,12,0.712,52,0.0951,0.6611,0.3694,0.5792,0.094,0.7393,,,0.7075,0.6102,0.3392,0,56,0.9,Synthetic Region Group B,1
synthetic-01923,0.4884,0.1578,0.3873,12,0.5356,52,0.1254,0.5035,,,0.0706,0.5179,0.5552,4,0.4306,0.5597,0.4159,3,51,0.9,Synthetic Region Group C,0
synthetic-01924,0.561,0.102,0.3638,7,0.6149,47,0.1256,,0.362,0.648,,0.6263,,,0.656,0.6348,0.3454,4,52,0.8,Synthetic Region Group D,0
synthetic-01925,0.8919,0.0486,0.3284,12,0.7804,66,0.0645,0.8475,0.2547,0.8229,0.045,0.8508,0.8946,0,0.7682,0.8241,0.3303,0,65,1,Synthetic Region Group A,1
synthetic-01926,0.7314,0.1162,0.3707,12,,,,0.6718,0.35,0.6855,0.0504,0.6301,0.587,0,0.5945,0.6386,0.2633,1,56,0.85,Synthetic Region Group B,1
synthetic-01927,0.5104,0.1003,0.3472,12,0.5394,50,0.1006,,0.3473,0.426,,0.4884,0.5178,7,0.5657,0.4222,0.3279,3,49,0.9,Synthetic Region Group C,0
synthetic-01928,0.6213,0.09,0.4213,7,0.6215,55,0.0594,,0.3349,0.5431,,0.5653,,,0.6574,0.6315,0.2957,1,50,0.8,Synthetic Region Group D,1
synthetic-01929,0.7776,0.0851,0.3471,12,0.8879,61,0.0646,0.7427,0.3393,0.8447,0.0085,0.8556,0.7746,0,0.7986,0.8249,0.323,0,69,1,Synthetic Region Group A,1
synthetic-01930,0.5819,0.0555,0.3074,12,0.6622,55,0.0453,,0.2741,0.7286,,0.6672,0.6282,0,0.6078,0.6185,0.2914,0,60,0.9,Synthetic Region Group B,1
synthetic-01931,0.563,0.1471,0.3326,12,0.5639,42,0.076,0.5474,0.3805,0.499,0.0672,0.4933,0.5544,8,0.5648,0.525,0.4513,4,51,1,Synthetic Region Group C,1
synthetic-01932,0.5091,0.0616,0.2747,7,0.574,52,0.074,0.5299,,,0.0687,0.5197,0.5136,5,0.5748,0.548,0.3552,2,52,0.9,Synthetic Region Group D,1
synthetic-01933,0.8047,0.076,0.2449,12,0.8138,64,0.0334,,0.2219,0.7585,,0.8299,0.8403,1,0.767,0.8686,0.2484,0,63,0.9,Synthetic Region Group A,1
synthetic-01934,0.6539,0.0746,0.281,12,0.7139,52,0.0712,0.604,0.3062,0.6094,0.0467,0.6339,0.7118,0,0.6884,0.6872,0.3405,1,60,1,Synthetic Region Group B,1
synthetic-01935,0.4793,0.1048,0.3935,12,0.4484,52,0.1122,0.4561,0.4628,0.4764,0.0652,0.5191,0.5288,5,0.5544,0.4322,0.4387,3,51,1,Synthetic Region Group C,0
synthetic-01936,0.6572,0.1049,0.3655,7,0.6306,53,0.1175,,,,,,,,,,,,55,0.45,Synthetic Region Group D,0
synthetic-01937,0.8937,0.0513,0.3464,12,0.8649,61,0.0391,0.8527,0.2412,0.7526,0.0503,0.7741,,,0.84,0.8445,0.2602,0,67,0.9,Synthetic Region Group A,1
synthetic-01938,0.6482,0.1291,0.2826,12,0.6945,55,0.0863,0.6693,0.3437,0.6132,0.0818,0.7386,0.6364,1,0.6973,0.7278,0.3599,0,53,1,Synthetic Region Group B,1
synthetic-01939,0.4574,0.1216,0.316,12,0.4447,45,0.1033,0.5087,0.3911,0.5271,0.0675,0.4811,0.4591,3,0.5083,0.4949,0.4046,5,46,1,Synthetic Region Group C,1
synthetic-01940,0.6013,0.1209,0.2662,7,0.5672,50,0.1304,0.5864,0.3481,0.6228,0.0953,0.5451,0.6411,4,0.5373,0.6392,0.334,3,47,1,Synthetic Region Group D,1
synthetic-01941,0.8029,0.0188,0.2511,12,0.7893,63,0.0821,0.877,0.2177,0.8856,0.097,0.8134,0.7672,0,0.8961,0.7568,0.2866,0,65,1,Synthetic Region Group A,1
synthetic-01942,0.5971,0.0741,0.3252,12,0.6905,50,0.0552,0.6218,0.386,0.7136,0.0661,0.7214,0.6696,3,0.7341,0.7262,0.3796,0,59,1,Synthetic Region Group B,1
synthetic-01943,0.4437,0.1438,0.3193,12,0.4581,45,0.0844,0.5617,0.3848,0.4327,0.0844,0.5301,0.4227,5,0.5513,0.426,0.3905,5,49,1,Synthetic Region Group C,0
synthetic-01944,0.6402,0.0731,0.3064,7,0.6526,48,0.0438,0.6044,0.3188,0.5782,0.0596,0.5729,,,0.626,0.6003,0.3212,1,53,0.9,Synthetic Region Group D,1
synthetic-01945,0.8335,0.039,0.2412,12,0.761,63,0.0882,0.8901,0.2494,0.8054,0.0427,0.8916,0.7845,1,0.871,0.8249,0.2945,0,62,1,Synthetic Region Group A,1
synthetic-01946,0.7138,0.127,0.3057,12,0.7193,56,0.0774,0.6628,0.3365,0.598,0.1037,0.6397,0.7286,3,0.5855,0.6862,0.3215,3,55,1,Synthetic Region Group B,1
synthetic-01947,0.5099,0.1359,0.4332,12,0.4818,53,0.1436,0.4813,0.4088,0.4803,0.1086,0.5245,0.4988,7,0.5046,0.5333,0.431,5,49,1,Synthetic Region Group C,0
synthetic-01948,0.5709,0.1191,0.4091,7,0.6562,46,0.1188,,0.4243,0.524,,,,,,,,,54,0.55,Synthetic Region Group D,0
synthetic-01949,0.8461,0.101,0.1907,12,0.7609,68,0.0401,0.8938,0.2625,0.8644,0.083,0.8904,0.8699,0,0.7528,0.8153,0.3356,0,69,1,Synthetic Region Group A,1
synthetic-01950,0.6524,0.0788,0.366,12,0.6949,51,0.1006,,0.3794,0.7216,,0.6375,0.6091,3,0.6858,0.5942,0.3429,2,62,0.9,Synthetic Region Group B,1
synthetic-01951,0.5473,0.1168,0.3999,12,0.581,42,0.0832,0.5013,0.4325,0.5243,0.0904,0.5252,0.4372,7,0.4963,0.5766,0.4428,4,51,1,Synthetic Region Group C,0
synthetic-01952,0.567,0.0513,0.4005,7,0.5467,53,0.0901,0.6502,0.3618,0.6199,0.0944,0.576,0.5513,5,0.5201,0.6066,0.3002,1,52,1,Synthetic Region Group D,1
synthetic-01953,0.881,0.0656,0.2993,12,0.7532,68,0.1027,0.8005,0.3243,0.8675,0.0362,0.7685,0.7731,1,0.7475,0.864,0.2237,0,67,1,Synthetic Region Group A,1
synthetic-01954,0.6441,0.0538,0.3788,12,0.6361,62,0.0807,0.6841,0.4001,0.6376,0.036,0.6702,0.7163,1,0.7388,0.702,0.2746,0,56,1,Synthetic Region Group B,1
synthetic-01955,0.5407,0.1554,0.3475,12,0.4623,53,0.0533,0.5746,0.429,0.4365,0.0962,0.4627,0.5573,7,0.4706,0.5107,0.4117,3,50,1,Synthetic Region Group C,0
synthetic-01956,0.5907,0.0537,0.2682,7,0.6466,46,0.044,0.6082,,,0.0496,0.5008,,,0.5512,0.5621,0.2938,1,50,0.8,Synthetic Region Group D,0
synthetic-01957,0.7477,0.0852,0.2505,12,0.8145,66,0.0817,0.8241,0.2817,0.8833,0.05,0.8479,0.8337,1,0.7484,0.8436,0.2394,0,62,1,Synthetic Region Group A,1
synthetic-01958,0.6468,0.0964,0.2737,12,0.6301,53,0.1152,0.6514,0.3601,0.6854,0.1028,0.5947,0.6363,2,0.7218,0.7049,0.3853,0,56,1,Synthetic Region Group B,1
synthetic-01959,0.531,0.0567,0.3842,12,0.5346,44,0.1213,0.5033,0.4204,0.5256,0.0592,0.4933,0.5708,7,0.5804,0.5331,0.4468,5,51,1,Synthetic Region Group C,0
synthetic-01960,0.518,0.0636,0.3456,7,0.5088,48,0.0915,,0.3922,0.6378,,0.5079,,,0.5085,0.52,0.3711,4,53,0.8,Synthetic Region Group D,0
synthetic-01961,0.8064,0.103,0.2974,12,0.8538,58,0.0603,0.769,0.2526,0.7681,0.1022,0.8998,0.7596,0,0.8351,0.7552,0.221,0,69,1,Synthetic Region Group A,1
synthetic-01962,0.598,0.0647,0.3097,12,,,,0.5931,0.4042,0.7217,0.0921,0.6954,0.7017,1,0.6224,0.6881,0.3582,0,61,0.85,Synthetic Region Group B,1
synthetic-01963,0.5257,0.1138,0.4153,12,0.4303,47,0.104,0.57,0.3261,0.544,0.1117,0.5433,0.5408,3,0.4664,0.429,0.4346,5,51,1,Synthetic Region Group C,1
synthetic-01964,0.6137,0.057,0.266,7,0.5597,51,0.0784,,0.3556,0.5386,,0.611,0.5096,4,0.5199,0.5717,0.3972,1,54,0.9,Synthetic Region Group D,1
synthetic-01965,0.8551,0.0635,0.2897,12,0.89,59,0.0474,0.8346,0.2327,0.8837,0.0198,0.7769,0.8161,0,0.8962,0.7397,0.3471,0,63,1,Synthetic Region Group A,1
synthetic-01966,0.677,0.0701,0.3759,12,0.7014,60,0.0839,0.7056,0.2609,0.6097,0.0436,0.7045,,,0.6894,0.5846,0.3618,0,53,0.9,Synthetic Region Group B,1
synthetic-01967,0.4288,0.1124,0.4088,12,0.4582,54,0.0994,0.42,0.3604,0.5561,0.1044,0.4651,0.5532,6,0.4965,0.5788,0.4523,3,49,1,Synthetic Region Group C,1
synthetic-01968,0.5198,0.0915,0.3388,7,,,,,0.4173,0.5709,,0.6106,,,0.5098,0.5625,0.3599,1,51,0.65,Synthetic Region Group D,0
synthetic-01969,0.8487,0.0852,0.2269,12,0.7525,65,0.0884,0.8976,0.2091,0.7979,0.0836,0.8901,0.8547,0,0.8218,0.8601,0.237,0,63,1,Synthetic Region Group A,1
synthetic-01970,0.6888,0.12,0.2748,12,0.6339,54,0.0956,0.6668,0.3988,0.6053,0.0651,0.6436,0.6083,4,0.5902,0.7057,0.331,0,57,1,Synthetic Region Group B,1
synthetic-01971,0.5743,0.1207,0.3561,12,0.5642,52,0.124,0.4217,0.4103,0.4396,0.1297,0.4906,0.5488,6,0.4386,0.44,0.4189,3,49,1,Synthetic Region Group C,0
synthetic-01972,0.5959,0.0717,0.2898,7,0.6232,50,0.0814,,0.3166,0.6589,,0.5802,,,0.6007,0.5036,0.3535,2,52,0.8,Synthetic Region Group D,1
synthetic-01973,0.8509,0.0582,0.279,12,0.8463,65,0.0896,0.7503,0.2163,0.8988,0.0198,0.7567,0.881,0,0.7974,0.7666,0.2397,0,67,1,Synthetic Region Group A,1
synthetic-01974,0.7137,0.1189,0.3704,12,0.6636,62,0.058,,0.2762,0.6873,,0.6207,0.6339,2,0.697,0.5942,0.3817,0,59,0.9,Synthetic Region Group B,1
synthetic-01975,0.5531,0.082,0.3537,12,0.5533,48,0.0751,0.4982,0.4208,0.4865,0.0729,,0.5515,5,,,,,46,0.75,Synthetic Region Group C,0
synthetic-01976,0.6326,0.1114,0.301,7,0.5552,56,0.1068,0.6534,0.4176,0.5468,0.0351,0.6092,,,0.6525,0.5081,0.3903,3,50,0.9,Synthetic Region Group D,1
synthetic-01977,0.7512,0.0745,0.2445,12,0.7606,61,0.0832,0.8778,0.2861,0.8555,0.0809,0.8496,0.7567,0,0.7539,0.8136,0.2124,0,66,1,Synthetic Region Group A,1
synthetic-01978,0.6467,0.0465,0.2738,12,0.6164,61,0.0462,0.7122,0.4081,0.7043,0.1059,0.6776,0.706,0,0.6254,0.6054,0.3388,2,60,1,Synthetic Region Group B,1
synthetic-01979,0.4514,0.1092,0.406,12,0.5176,50,0.0583,0.4575,0.3649,0.4417,0.0306,0.563,0.5279,7,0.4704,0.4538,0.3692,2,49,1,Synthetic Region Group C,0
synthetic-01980,0.6435,0.1064,0.4115,7,0.5174,57,0.06,,0.4295,0.5705,,,,,,,,,53,0.55,Synthetic Region Group D,0
synthetic-01981,0.8086,0.0631,0.1973,12,0.8477,63,0.0243,0.868,0.3187,0.8666,0.0543,0.8719,0.8317,0,0.7633,0.8994,0.3389,0,62,1,Synthetic Region Group A,1
synthetic-01982,0.6076,0.1368,0.2867,12,0.5927,55,0.1236,0.6874,0.3369,0.6726,0.047,0.6354,0.6532,4,0.6369,0.6664,0.3979,1,57,1,Synthetic Region Group B,1
synthetic-01983,0.5094,0.1036,0.3582,12,0.472,42,0.0861,0.4816,0.3048,0.5397,0.0741,0.4991,0.5665,4,0.5115,0.5775,0.4447,4,45,1,Synthetic Region Group C,1
synthetic-01984,0.611,0.1483,0.3253,7,0.6169,55,0.1013,0.5657,0.3491,0.5191,0.0586,,,,,,,,54,0.65,Synthetic Region Group D,0
synthetic-01985,0.8758,0.0845,0.1883,12,0.807,68,0.0515,0.833,0.2787,0.7474,0,0.9005,,,0.8443,0.8719,0.2339,0,70,0.9,Synthetic Region Group A,1
synthetic-01986,0.6472,0.0697,0.2565,12,0.5805,53,0.1131,0.6033,0.4101,0.6284,0.0599,0.6279,0.6544,0,0.6008,0.6135,0.3954,0,59,1,Synthetic Region Group B,1
synthetic-01987,0.5289,0.1202,0.3902,12,0.5367,43,0.1119,0.4375,0.4255,0.536,0.0329,0.5109,0.5234,6,0.4457,0.5531,0.4161,4,46,1,Synthetic Region Group C,0
synthetic-01988,,,,,0.5936,51,0.0583,,0.3184,0.6198,,,0.5588,1,,,,,56,0.45,Synthetic Region Group D,1
synthetic-01989,0.8597,0.0112,0.3175,12,0.7669,58,0.0597,0.8591,0.3509,0.7728,0.0758,0.8647,0.8972,0,0.8987,0.7605,0.3299,0,69,1,Synthetic Region Group A,1
synthetic-01990,0.7186,0.042,0.3752,12,0.5964,56,0.0434,0.5925,0.2572,0.735,0.0278,0.5867,0.7204,1,0.6928,0.7336,0.3106,0,57,1,Synthetic Region Group B,1
synthetic-01991,0.5575,0.0912,0.4315,12,0.4196,46,0.0989,0.4884,0.4498,0.5249,0.1356,0.5344,,,0.5308,0.4636,0.446,2,47,0.9,Synthetic Region Group C,0
synthetic-01992,0.5894,0.1371,0.4077,7,0.5708,53,0.0954,,,,,0.6394,0.5748,2,0.6119,0.5454,0.3606,3,49,0.8,Synthetic Region Group D,1
synthetic-01993,0.7795,0.0484,0.3394,12,0.7488,68,0.0557,0.7451,0.2918,0.7721,0.0519,0.8033,,,0.8347,0.7832,0.3023,0,71,0.9,Synthetic Region Group A,1
synthetic-01994,0.7167,0.0481,0.353,12,0.5942,51,0.1202,0.5794,0.2849,0.595,0.0243,0.7295,0.6029,0,0.6917,0.639,0.3415,0,60,1,Synthetic Region Group B,1
synthetic-01995,0.5176,0.0726,0.3005,12,0.5608,44,0.0538,,,,,0.4715,0.5493,5,0.5321,0.5251,0.3623,6,44,0.8,Synthetic Region Group C,0
synthetic-01996,0.5086,0.0743,0.3258,7,0.5292,56,0.1117,0.5795,0.402,0.5027,0.0603,0.6098,,,0.56,0.6463,0.2776,2,50,0.9,Synthetic Region Group D,0
synthetic-01997,0.8543,0.0576,0.2385,12,0.8288,68,0.0303,0.8311,0.2282,0.8745,0.0684,0.8656,0.8964,1,0.7929,0.7639,0.3157,0,66,1,Synthetic Region Group A,1
synthetic-01998,0.6286,0.0867,0.2681,12,0.6272,60,0.0715,0.7001,0.367,0.6361,0.0192,0.704,0.7371,0,0.6634,0.7034,0.2773,3,56,1,Synthetic Region Group B,1
synthetic-01999,0.4666,0.0663,0.4239,12,0.5739,43,0.0615,0.4759,0.3111,0.4527,0.0305,0.454,0.4829,7,0.4545,0.481,0.4447,2,51,1,Synthetic Region Group C,0
synthetic-02000,0.588,0.1236,0.3481,7,0.5734,46,0.1123,,0.4315,0.575,,0.5283,,,0.5113,0.5129,0.3864,3,56,0.8,Synthetic Region Group D,0
